booking_id,hotel,booking_date,arrival_date,adults,children,room_type,meal,country,market_segment,booking_status,nights,adr
100001,City Hotel,2024-02-20,2024-03-31,2,0,A,HB,Germany,Online,Confirmed,2,4056.45
100002,Resort Hotel,2024-03-11,2024-03-25,2,1,B,HB,India,Online,Confirmed,8,11204.58
100003,Resort Hotel,2024-02-17,2024-04-10,1,0,A,BB,Australia,Online,Checked-Out,7,3179.91
100004,City Hotel,2024-01-19,2024-05-25,2,0,A,BB,Germany,Groups,Confirmed,7,9767.94
100005,City Hotel,2024-09-18,2025-02-20,3,0,A,HB,India,Direct,Confirmed,10,8427.79
100006,City Hotel,2024-03-24,2024-09-15,2,1,D,HB,Australia,Online,Confirmed,3,2953.16
100007,City Hotel,2024-06-03,2024-08-22,2,0,E,BB,Canada,Online,Confirmed,5,2506.91
100008,Resort Hotel,2024-02-22,2024-06-16,1,0,B,SC,UK,Online,Checked-Out,1,7268.99
100009,City Hotel,2024-04-16,2024-08-28,2,0,B,BB,Germany,Online,Checked-Out,10,3614.78
100010,Resort Hotel,2024-12-22,2025-02-15,2,0,A,SC,Australia,Offline,Confirmed,4,10786.05
100011,City Hotel,2024-10-30,2024-12-13,2,1,B,HB,UK,Corporate,Cancelled,4,7067.36
100012,Resort Hotel,2024-05-14,2024-06-01,4,0,C,HB,India,Groups,Checked-Out,1,4727.22
100013,Resort Hotel,2024-03-09,2024-03-25,3,0,B,HB,France,Online,Cancelled,7,4097.95
100014,City Hotel,2024-01-11,2024-01-23,2,0,A,HB,Canada,Direct,Confirmed,5,10439.84
100015,City Hotel,2024-05-22,2024-10-17,1,0,B,BB,Germany,Direct,Confirmed,1,9328.02
100016,City Hotel,2024-07-10,2024-08-24,1,0,E,BB,USA,Offline,Confirmed,5,9320.65
100017,City Hotel,2024-03-09,2024-06-10,2,1,D,HB,USA,Groups,Confirmed,8,3310.41
100018,City Hotel,2024-01-23,2024-02-14,3,0,C,SC,UK,Groups,Confirmed,10,8432.92
100019,City Hotel,2024-06-29,2024-10-04,3,0,A,HB,Canada,Direct,Checked-Out,8,10760.08
100020,City Hotel,2024-10-19,2024-12-05,2,0,A,BB,France,Online,Checked-Out,2,9776.06
100021,City Hotel,2024-01-09,2024-02-07,1,1,D,BB,USA,Direct,Confirmed,1,3622.49
100022,City Hotel,2024-09-27,2024-11-11,4,0,A,HB,UAE,Online,Cancelled,2,11518.15
100023,City Hotel,2024-04-02,2024-06-18,4,2,B,HB,USA,Online,Checked-Out,6,3162.48
100024,City Hotel,2024-01-17,2024-01-26,2,0,A,SC,UAE,Online,Confirmed,5,7790.59
100025,City Hotel,2024-06-02,2024-06-26,1,0,B,BB,Germany,Online,Confirmed,4,11477.62
100026,Resort Hotel,2024-11-23,2024-12-08,2,0,B,BB,USA,Direct,Cancelled,8,10311.44
100027,City Hotel,2024-05-28,2024-11-08,3,0,D,BB,Canada,Online,Confirmed,5,8967.88
100028,City Hotel,2024-09-23,2024-10-06,2,0,A,HB,Canada,Online,Confirmed,4,10635.26
100029,City Hotel,2024-11-23,2025-02-22,3,0,C,BB,UAE,Online,Confirmed,8,8896.17
100030,City Hotel,2024-04-15,2024-10-04,1,0,D,BB,India,Direct,Confirmed,1,3022.01
100031,City Hotel,2024-02-04,2024-05-15,1,0,E,BB,UK,Direct,Cancelled,9,5833.28
100032,City Hotel,2024-04-28,2024-07-08,1,0,B,HB,Canada,Online,Confirmed,2,6557.66
100033,City Hotel,2024-01-14,2024-05-15,3,0,B,BB,Australia,Corporate,Checked-Out,8,7690.58
100034,Resort Hotel,2024-01-14,2024-03-30,2,1,E,BB,USA,Direct,Confirmed,9,4681.58
100035,Resort Hotel,2024-09-22,2025-03-05,3,0,B,BB,Germany,Direct,Confirmed,10,10871.14
100036,Resort Hotel,2024-05-19,2024-09-12,1,1,B,SC,UAE,Direct,Cancelled,8,4672.66
100037,City Hotel,2024-10-20,2024-12-20,3,0,A,BB,Australia,Direct,Cancelled,9,8747.14
100038,City Hotel,2024-12-29,2025-06-15,3,0,A,HB,India,Online,Checked-Out,4,10827.77
100039,Resort Hotel,2024-04-28,2024-09-01,2,2,A,HB,UAE,Corporate,Cancelled,2,9461.72
100040,City Hotel,2024-08-25,2025-01-27,3,0,C,HB,Australia,Direct,Cancelled,3,3792.12
100041,City Hotel,2024-02-03,2024-02-04,2,0,C,HB,UAE,Online,Cancelled,8,11538.24
100042,City Hotel,2024-06-17,2024-11-26,2,0,A,BB,USA,Corporate,Confirmed,5,3373.21
100043,City Hotel,2024-01-10,2024-03-18,2,0,D,BB,UK,Corporate,Checked-Out,4,4400.64
100044,Resort Hotel,2024-05-01,2024-07-28,3,1,B,BB,UK,Online,Confirmed,3,3822.81
100045,City Hotel,2024-05-24,2024-06-14,3,1,B,HB,Canada,Corporate,Confirmed,3,8835.71
100046,Resort Hotel,2024-08-10,2025-01-18,2,0,E,SC,UK,Online,Confirmed,10,10170.4
100047,City Hotel,2024-09-13,2025-01-26,3,0,A,SC,USA,Online,Checked-Out,10,4761.15
100048,City Hotel,2024-09-24,2024-09-27,2,1,C,HB,India,Direct,Checked-Out,7,11802.86
100049,City Hotel,2024-12-24,2025-02-13,3,0,B,SC,Canada,Direct,Confirmed,8,3822.82
100050,City Hotel,2024-01-04,2024-03-23,2,0,C,SC,France,Online,Cancelled,5,5500.75
100051,Resort Hotel,2024-12-19,2025-03-24,2,0,A,HB,Australia,Offline,Checked-Out,8,7157.94
100052,Resort Hotel,2024-04-15,2024-08-16,2,0,A,BB,Canada,Offline,Cancelled,9,10184.05
100053,Resort Hotel,2024-03-25,2024-03-31,1,1,B,BB,UK,Offline,Checked-Out,4,6077.15
100054,Resort Hotel,2024-08-01,2025-01-05,2,0,A,SC,India,Online,Confirmed,2,4209.02
100055,City Hotel,2024-04-30,2024-05-17,2,0,A,HB,UAE,Offline,Confirmed,5,6916.89
100056,Resort Hotel,2024-05-11,2024-09-05,2,0,D,FB,UAE,Offline,Confirmed,2,7026.71
100057,City Hotel,2024-12-03,2025-02-01,4,1,B,BB,Germany,Groups,Checked-Out,10,2653.95
100058,City Hotel,2024-07-15,2024-12-12,1,0,D,BB,Germany,Groups,Checked-Out,2,2698.44
100059,City Hotel,2024-01-19,2024-06-19,4,1,B,BB,UAE,Online,Checked-Out,6,5137.57
100060,City Hotel,2024-05-09,2024-09-11,2,1,B,BB,India,Online,Confirmed,10,9541.6
100061,City Hotel,2024-01-12,2024-04-02,1,0,E,SC,Germany,Online,Cancelled,10,5976.91
100062,City Hotel,2024-03-21,2024-06-14,2,0,E,BB,Germany,Direct,Cancelled,1,4506.44
100063,Resort Hotel,2024-11-25,2025-01-15,3,0,A,HB,UK,Offline,Cancelled,2,3573.26
100064,City Hotel,2024-12-19,2025-06-15,3,0,D,BB,USA,Corporate,Checked-Out,5,5164.96
100065,City Hotel,2024-09-18,2025-02-04,2,1,A,BB,USA,Corporate,Confirmed,10,7073.67
100066,City Hotel,2024-05-04,2024-07-14,2,0,A,BB,USA,Online,Confirmed,5,3387.1
100067,City Hotel,2024-11-02,2025-04-21,2,0,B,SC,USA,Online,Confirmed,10,2641.87
100068,Resort Hotel,2024-09-23,2024-11-01,2,0,E,HB,India,Online,Confirmed,3,3709.42
100069,City Hotel,2024-05-19,2024-07-27,3,1,E,HB,Canada,Direct,Confirmed,5,9510.81
100070,Resort Hotel,2024-11-24,2025-01-11,1,0,A,SC,UK,Corporate,Confirmed,9,6929.94
100071,Resort Hotel,2024-01-02,2024-05-06,2,0,C,SC,India,Offline,Confirmed,2,6729.09
100072,City Hotel,2024-01-08,2024-03-05,3,0,D,BB,UAE,Online,Checked-Out,6,2687.65
100073,City Hotel,2024-09-06,2024-09-27,4,0,A,BB,Australia,Groups,Cancelled,8,9253.97
100074,Resort Hotel,2024-05-18,2024-08-08,2,0,C,BB,Australia,Online,Confirmed,3,4418.13
100075,Resort Hotel,2024-05-03,2024-08-10,2,0,B,BB,Germany,Direct,Confirmed,2,3363.22
100076,Resort Hotel,2024-11-04,2025-04-01,1,0,A,BB,UAE,Online,Cancelled,1,10499.31
100077,Resort Hotel,2024-08-15,2024-08-30,2,0,C,BB,UK,Online,Confirmed,1,7113.28
100078,City Hotel,2024-01-10,2024-03-19,2,2,A,BB,France,Groups,Confirmed,4,9614.86
100079,City Hotel,2024-07-30,2025-01-25,3,0,A,FB,UAE,Offline,Cancelled,6,10307.91
100080,City Hotel,2024-04-21,2024-07-06,3,0,A,FB,USA,Online,Confirmed,7,11663.86
100081,Resort Hotel,2024-01-08,2024-03-10,2,0,C,BB,Australia,Online,Confirmed,8,8425.15
100082,City Hotel,2024-10-18,2025-02-14,2,0,B,FB,Australia,Online,Confirmed,8,3148.64
100083,City Hotel,2024-12-27,2025-02-02,2,0,A,HB,UAE,Online,Confirmed,10,7798.04
100084,City Hotel,2024-09-09,2025-01-21,2,2,B,BB,Germany,Corporate,Checked-Out,1,7340.47
100085,City Hotel,2024-01-14,2024-02-09,1,0,A,HB,USA,Direct,Confirmed,8,3046.86
100086,City Hotel,2024-08-27,2024-09-04,2,0,D,BB,USA,Online,Checked-Out,10,5409.87
100087,Resort Hotel,2024-08-29,2024-09-02,2,0,B,BB,USA,Online,Confirmed,1,6415.69
100088,City Hotel,2024-12-07,2024-12-28,2,0,A,BB,Canada,Online,Checked-Out,3,4029.27
100089,Resort Hotel,2024-05-28,2024-11-03,1,0,A,BB,Australia,Online,Checked-Out,5,2583.24
100090,City Hotel,2024-08-23,2025-01-19,2,2,A,BB,UAE,Corporate,Confirmed,10,9691.29
100091,City Hotel,2024-11-01,2024-11-26,1,0,E,BB,France,Groups,Confirmed,10,10590.53
100092,Resort Hotel,2024-06-15,2024-11-05,2,0,B,SC,Germany,Online,Confirmed,8,4676.47
100093,Resort Hotel,2024-01-20,2024-07-01,2,2,C,HB,UAE,Online,Confirmed,8,2536.1
100094,City Hotel,2024-08-03,2025-01-27,2,0,A,HB,USA,Online,Confirmed,6,10954.4
100095,Resort Hotel,2024-12-08,2025-01-20,2,0,B,HB,USA,Online,Checked-Out,4,3772.62
100096,City Hotel,2024-05-14,2024-10-30,4,0,E,HB,UK,Online,Checked-Out,4,6330.68
100097,City Hotel,2024-05-08,2024-06-14,1,0,A,BB,USA,Offline,Confirmed,8,5976.68
100098,City Hotel,2024-10-20,2024-12-01,2,0,B,SC,UK,Offline,Cancelled,3,4060.48
100099,City Hotel,2024-09-02,2025-02-24,2,1,E,FB,Germany,Online,Cancelled,8,8188.7
100100,City Hotel,2024-07-07,2024-10-07,2,1,C,BB,Germany,Online,Confirmed,4,11226.15
100101,City Hotel,2024-02-13,2024-04-14,3,1,A,HB,Germany,Online,Cancelled,10,7380.37
100102,City Hotel,2024-03-26,2024-08-15,3,0,A,HB,UK,Online,Cancelled,9,11742.67
100103,City Hotel,2024-02-13,2024-04-21,2,1,A,BB,Australia,Direct,Checked-Out,2,4312.33
100104,City Hotel,2024-11-25,2025-01-17,2,0,D,BB,Australia,Direct,Confirmed,10,10560.77
100105,Resort Hotel,2024-05-24,2024-08-16,2,0,B,BB,Canada,Online,Confirmed,1,4940.63
100106,City Hotel,2024-02-20,2024-03-25,1,0,E,FB,France,Offline,Cancelled,4,4880.14
100107,City Hotel,2024-08-29,2024-11-13,2,0,A,BB,Canada,Direct,Confirmed,9,3618.07
100108,Resort Hotel,2024-10-20,2025-01-25,2,2,A,BB,France,Online,Checked-Out,7,10704.51
100109,City Hotel,2024-02-20,2024-07-21,2,0,A,BB,Canada,Online,Confirmed,9,9388.06
100110,City Hotel,2024-09-22,2025-02-17,2,1,A,HB,UAE,Online,Confirmed,9,5745.74
100111,City Hotel,2024-04-29,2024-05-29,3,0,A,SC,Australia,Direct,Confirmed,10,5819.46
100112,City Hotel,2024-07-18,2024-10-14,1,0,A,HB,Canada,Direct,Confirmed,9,10525.55
100113,Resort Hotel,2024-09-04,2024-09-11,1,0,D,BB,Australia,Offline,Confirmed,9,11312.03
100114,Resort Hotel,2024-03-10,2024-04-15,2,0,A,HB,USA,Offline,Checked-Out,7,8223.05
100115,City Hotel,2024-12-06,2025-01-13,2,1,B,HB,Germany,Offline,Confirmed,8,6364.97
100116,Resort Hotel,2024-02-26,2024-04-18,3,0,E,HB,Australia,Direct,Confirmed,2,3004.86
100117,Resort Hotel,2024-02-08,2024-06-30,2,2,E,HB,UAE,Direct,Cancelled,9,3702.37
100118,City Hotel,2024-10-15,2025-04-07,3,0,A,BB,India,Corporate,Confirmed,2,3846.98
100119,Resort Hotel,2024-01-18,2024-06-17,2,0,E,BB,Australia,Online,Confirmed,8,5129.63
100120,City Hotel,2024-08-07,2024-12-25,3,0,A,BB,USA,Online,Confirmed,2,4941.8
100121,Resort Hotel,2024-11-08,2025-04-29,3,1,A,SC,Australia,Online,Confirmed,8,7657.38
100122,Resort Hotel,2024-08-31,2025-01-21,2,0,D,HB,France,Direct,Confirmed,3,11468.95
100123,City Hotel,2024-12-17,2025-03-20,2,0,C,HB,France,Offline,Cancelled,2,10685.78
100124,City Hotel,2024-10-30,2025-02-14,3,0,D,FB,Canada,Online,Confirmed,6,7337.05
100125,City Hotel,2024-10-24,2025-02-27,1,0,D,FB,Germany,Corporate,Checked-Out,6,2664.33
100126,City Hotel,2024-10-09,2024-11-27,2,0,A,BB,UK,Online,Confirmed,1,3149.79
100127,Resort Hotel,2024-03-14,2024-04-04,1,0,B,BB,UAE,Offline,Checked-Out,7,10673.33
100128,Resort Hotel,2024-04-19,2024-05-04,1,0,A,SC,UAE,Direct,Cancelled,1,5194.49
100129,City Hotel,2024-06-28,2024-07-12,1,0,B,SC,USA,Groups,Confirmed,4,5521.86
100130,City Hotel,2024-02-01,2024-03-14,2,0,A,HB,UK,Online,Confirmed,6,3827.89
100131,City Hotel,2024-08-21,2024-09-05,2,0,A,FB,France,Groups,Checked-Out,8,4619.58
100132,City Hotel,2024-10-08,2024-12-10,2,0,D,BB,Canada,Online,Cancelled,8,4848.29
100133,City Hotel,2024-01-25,2024-02-21,3,0,D,BB,Germany,Direct,Confirmed,10,6414.89
100134,City Hotel,2024-11-26,2025-02-27,2,0,B,BB,France,Online,Confirmed,7,8419.88
100135,Resort Hotel,2024-10-05,2025-01-18,4,0,B,FB,Germany,Corporate,Checked-Out,5,5854.98
100136,City Hotel,2024-08-13,2024-10-05,4,0,C,HB,Australia,Groups,Confirmed,6,6773.7
100137,City Hotel,2024-02-26,2024-04-18,3,0,B,HB,UAE,Corporate,Confirmed,8,4228.05
100138,Resort Hotel,2024-06-28,2024-08-30,3,0,E,BB,India,Direct,Checked-Out,3,3035.7
100139,City Hotel,2024-08-19,2024-10-15,3,0,A,BB,UK,Online,Confirmed,6,5808.28
100140,Resort Hotel,2024-12-08,2025-04-07,3,0,A,SC,USA,Online,Confirmed,4,3093.67
100141,Resort Hotel,2024-10-13,2024-12-04,2,1,E,BB,Germany,Online,Cancelled,3,5347.34
100142,City Hotel,2024-03-04,2024-06-19,2,0,E,HB,Australia,Online,Checked-Out,3,10457.19
100143,City Hotel,2024-08-19,2024-10-01,3,0,B,HB,Australia,Offline,Confirmed,4,5985.84
100144,City Hotel,2024-10-15,2025-02-27,2,0,A,HB,Canada,Offline,Checked-Out,6,4335.99
100145,City Hotel,2024-07-31,2024-11-25,3,0,D,SC,Canada,Groups,Checked-Out,1,11069.64
100146,City Hotel,2024-09-14,2025-03-03,3,0,B,BB,India,Online,Confirmed,2,8573.82
100147,City Hotel,2024-01-18,2024-01-22,2,1,C,HB,Australia,Direct,Confirmed,4,11888.39
100148,City Hotel,2024-06-23,2024-11-03,3,0,B,BB,Australia,Direct,Checked-Out,10,5352.39
100149,City Hotel,2024-08-16,2024-11-04,2,2,A,BB,India,Direct,Confirmed,9,4403.51
100150,City Hotel,2024-08-13,2024-09-23,2,0,A,BB,UAE,Online,Confirmed,8,5330.43
100151,Resort Hotel,2024-03-24,2024-08-03,2,1,B,BB,UK,Offline,Cancelled,10,10218.68
100152,City Hotel,2024-10-17,2024-10-19,2,0,A,SC,Australia,Online,Checked-Out,8,3939.52
100153,City Hotel,2024-09-02,2025-01-29,2,0,A,HB,Germany,Online,Cancelled,7,4790.24
100154,City Hotel,2024-04-19,2024-06-01,2,0,A,BB,USA,Offline,Cancelled,6,9165.51
100155,Resort Hotel,2024-09-10,2024-12-01,2,0,A,BB,USA,Groups,Confirmed,7,9511.0
100156,City Hotel,2024-03-28,2024-07-14,3,1,A,BB,USA,Corporate,Cancelled,6,11608.99
100157,Resort Hotel,2024-03-12,2024-07-27,2,0,A,HB,France,Online,Confirmed,3,11811.44
100158,Resort Hotel,2024-01-30,2024-07-04,2,0,E,FB,UAE,Online,Confirmed,6,8803.55
100159,City Hotel,2024-06-20,2024-07-16,2,0,A,BB,Canada,Online,Confirmed,7,5946.55
100160,Resort Hotel,2024-11-04,2025-01-25,3,0,A,BB,France,Groups,Confirmed,6,6803.63
100161,City Hotel,2024-12-08,2025-03-01,3,2,A,BB,Germany,Online,Confirmed,2,6673.04
100162,City Hotel,2024-06-25,2024-11-03,2,0,D,BB,Canada,Groups,Confirmed,6,6180.09
100163,City Hotel,2024-05-18,2024-07-30,1,0,A,HB,Australia,Groups,Checked-Out,2,5713.33
100164,City Hotel,2024-07-12,2024-10-20,3,0,A,BB,Australia,Offline,Confirmed,1,4095.05
100165,City Hotel,2024-07-04,2024-08-22,2,0,A,BB,Canada,Online,Confirmed,10,5978.51
100166,Resort Hotel,2024-08-05,2024-12-28,1,1,C,BB,USA,Online,Confirmed,10,11707.68
100167,City Hotel,2024-06-12,2024-08-14,2,1,C,HB,India,Corporate,Checked-Out,10,10880.49
100168,City Hotel,2024-06-09,2024-08-03,2,0,A,BB,Australia,Offline,Checked-Out,5,8364.6
100169,City Hotel,2024-01-13,2024-06-12,3,0,A,FB,UAE,Groups,Confirmed,4,4331.66
100170,City Hotel,2024-10-22,2024-11-25,2,2,A,HB,USA,Online,Checked-Out,9,10847.32
100171,Resort Hotel,2024-03-29,2024-07-12,2,0,B,HB,Germany,Corporate,Confirmed,9,5462.73
100172,City Hotel,2024-11-19,2025-03-04,2,0,C,BB,USA,Direct,Cancelled,9,7684.29
100173,City Hotel,2024-02-11,2024-04-20,4,0,A,BB,UK,Online,Cancelled,3,11162.05
100174,City Hotel,2024-07-28,2024-08-12,3,0,B,BB,USA,Direct,Confirmed,10,5679.56
100175,City Hotel,2024-08-16,2025-02-07,3,0,A,BB,UAE,Direct,Confirmed,3,11176.76
100176,City Hotel,2024-12-15,2024-12-18,2,2,B,BB,Australia,Online,Checked-Out,3,4733.72
100177,Resort Hotel,2024-10-01,2025-03-06,2,0,B,BB,Canada,Online,Confirmed,10,11322.68
100178,City Hotel,2024-10-05,2024-10-08,3,0,E,BB,Australia,Direct,Confirmed,5,5907.32
100179,Resort Hotel,2024-09-07,2024-12-18,1,0,A,BB,India,Online,Cancelled,6,6058.71
100180,City Hotel,2024-11-05,2024-11-09,3,0,B,FB,Germany,Online,Confirmed,6,7753.58
100181,City Hotel,2024-07-26,2024-10-22,2,0,A,BB,Canada,Online,Checked-Out,3,5796.75
100182,City Hotel,2024-11-16,2025-04-24,2,0,A,BB,Canada,Groups,Confirmed,2,6774.83
100183,Resort Hotel,2024-05-19,2024-07-03,2,0,A,BB,Canada,Offline,Confirmed,6,7262.58
100184,Resort Hotel,2024-10-06,2024-11-20,3,1,A,HB,Germany,Offline,Checked-Out,4,7164.69
100185,City Hotel,2024-02-03,2024-04-18,3,0,A,HB,India,Online,Checked-Out,9,11630.54
100186,Resort Hotel,2024-11-04,2025-04-18,2,0,E,BB,Germany,Online,Checked-Out,2,5176.99
100187,Resort Hotel,2024-01-18,2024-01-27,2,0,B,HB,USA,Offline,Confirmed,4,5203.51
100188,City Hotel,2024-02-26,2024-07-20,3,0,A,BB,Germany,Online,Checked-Out,2,10460.26
100189,City Hotel,2024-04-21,2024-08-17,2,2,A,HB,USA,Direct,Confirmed,5,6224.08
100190,City Hotel,2024-01-05,2024-03-10,3,0,A,HB,Germany,Online,Confirmed,3,3195.37
100191,City Hotel,2024-06-30,2024-11-08,2,0,A,HB,Australia,Online,Checked-Out,4,7071.91
100192,Resort Hotel,2024-01-13,2024-02-08,2,0,A,HB,UAE,Offline,Confirmed,9,7727.17
100193,Resort Hotel,2024-12-04,2025-05-12,1,0,B,BB,USA,Offline,Cancelled,10,8368.08
100194,City Hotel,2024-10-11,2024-11-06,2,0,E,BB,USA,Groups,Checked-Out,5,4733.39
100195,City Hotel,2024-09-15,2024-10-08,2,1,B,BB,UAE,Groups,Confirmed,9,11745.96
100196,City Hotel,2024-03-30,2024-04-29,1,0,B,SC,UAE,Direct,Confirmed,5,9501.67
100197,Resort Hotel,2024-04-13,2024-04-23,1,0,D,BB,Australia,Online,Confirmed,10,9341.34
100198,Resort Hotel,2024-07-04,2024-09-14,2,2,A,BB,India,Online,Checked-Out,9,10792.29
100199,Resort Hotel,2024-09-06,2024-11-09,2,0,A,BB,India,Direct,Cancelled,8,2748.21
100200,Resort Hotel,2024-09-11,2025-02-08,3,0,B,BB,Australia,Online,Confirmed,1,8324.85
100201,City Hotel,2024-03-16,2024-08-06,2,0,C,HB,France,Offline,Confirmed,3,10269.45
100202,City Hotel,2024-04-17,2024-08-18,2,1,B,BB,India,Direct,Confirmed,5,2826.55
100203,City Hotel,2024-06-04,2024-09-17,2,0,A,BB,USA,Corporate,Cancelled,3,9683.38
100204,Resort Hotel,2024-03-22,2024-06-04,2,0,E,BB,Canada,Direct,Confirmed,10,11902.12
100205,City Hotel,2024-03-17,2024-08-12,3,0,A,HB,USA,Online,Confirmed,1,8137.4
100206,City Hotel,2024-09-14,2024-12-28,2,0,C,BB,Germany,Corporate,Cancelled,2,6534.58
100207,City Hotel,2024-05-06,2024-06-22,3,0,D,BB,Germany,Offline,Confirmed,2,6809.28
100208,Resort Hotel,2024-10-08,2025-01-03,2,0,A,HB,France,Corporate,Checked-Out,4,8955.07
100209,City Hotel,2024-03-28,2024-05-20,2,0,D,BB,UAE,Corporate,Confirmed,6,7914.58
100210,City Hotel,2024-07-22,2024-11-28,2,0,C,BB,USA,Online,Cancelled,2,9981.92
100211,City Hotel,2024-01-16,2024-01-18,3,2,E,HB,UAE,Groups,Confirmed,6,6505.56
100212,Resort Hotel,2024-05-30,2024-07-27,3,0,A,BB,France,Online,Cancelled,1,6464.58
100213,Resort Hotel,2024-09-10,2025-02-04,2,0,E,BB,USA,Offline,Checked-Out,8,9586.67
100214,City Hotel,2024-07-06,2024-09-16,3,0,A,HB,India,Offline,Cancelled,3,8632.43
100215,Resort Hotel,2024-11-24,2025-04-13,1,0,C,BB,Germany,Online,Cancelled,8,9891.93
100216,City Hotel,2024-02-01,2024-07-04,3,0,A,BB,Australia,Groups,Checked-Out,3,10928.06
100217,City Hotel,2024-09-27,2024-10-24,2,0,A,HB,Australia,Groups,Confirmed,1,5002.36
100218,Resort Hotel,2024-01-05,2024-02-03,2,0,A,SC,Canada,Direct,Confirmed,4,5492.84
100219,City Hotel,2024-11-25,2024-12-10,1,0,A,HB,France,Corporate,Checked-Out,3,7506.03
100220,Resort Hotel,2024-11-03,2025-04-26,4,0,A,BB,UK,Groups,Cancelled,8,11339.3
100221,Resort Hotel,2024-11-28,2025-04-06,3,0,A,BB,Australia,Online,Confirmed,1,10429.54
100222,City Hotel,2024-06-17,2024-08-16,3,0,A,HB,Canada,Groups,Confirmed,9,6950.23
100223,City Hotel,2024-06-29,2024-10-14,3,0,A,BB,USA,Direct,Confirmed,9,7944.63
100224,City Hotel,2024-12-31,2025-01-03,2,0,A,BB,India,Offline,Confirmed,6,9266.95
100225,City Hotel,2024-06-26,2024-10-19,3,1,A,HB,UK,Direct,Checked-Out,5,7465.46
100226,City Hotel,2024-05-22,2024-10-15,4,1,D,BB,India,Direct,Checked-Out,5,3435.26
100227,Resort Hotel,2024-12-27,2025-02-17,2,0,B,BB,India,Offline,Confirmed,6,5851.0
100228,City Hotel,2024-09-04,2024-11-03,2,0,A,BB,USA,Direct,Confirmed,7,2952.32
100229,Resort Hotel,2024-05-06,2024-06-09,2,0,B,HB,India,Online,Confirmed,8,8863.72
100230,City Hotel,2024-09-19,2024-12-24,4,0,C,BB,UAE,Direct,Confirmed,3,5702.68
100231,Resort Hotel,2024-02-09,2024-05-08,3,2,A,BB,France,Direct,Confirmed,10,9514.45
100232,City Hotel,2024-12-20,2025-02-18,3,0,A,BB,UK,Online,Checked-Out,1,6582.25
100233,City Hotel,2024-09-11,2025-02-12,3,0,B,FB,India,Online,Confirmed,5,2933.09
100234,City Hotel,2024-05-22,2024-06-10,3,1,E,BB,UAE,Online,Confirmed,1,6106.35
100235,City Hotel,2024-08-27,2024-12-16,3,0,B,BB,UAE,Online,Confirmed,2,4577.6
100236,Resort Hotel,2024-08-15,2024-09-06,3,0,C,HB,Australia,Online,Checked-Out,8,4535.76
100237,City Hotel,2024-12-06,2025-05-16,2,0,A,BB,Australia,Direct,Checked-Out,3,6087.29
100238,City Hotel,2024-07-16,2024-12-29,2,0,C,BB,India,Direct,Confirmed,10,11794.1
100239,City Hotel,2024-03-05,2024-07-11,2,0,A,HB,Germany,Online,Confirmed,4,11620.66
100240,City Hotel,2024-01-11,2024-02-15,3,1,A,HB,Germany,Online,Checked-Out,6,10132.82
100241,Resort Hotel,2024-04-17,2024-08-02,2,0,B,BB,France,Corporate,Confirmed,8,4831.94
100242,Resort Hotel,2024-01-26,2024-06-02,1,0,E,FB,Australia,Direct,Checked-Out,1,9757.33
100243,Resort Hotel,2024-05-30,2024-08-21,1,1,A,BB,Germany,Online,Confirmed,2,2645.95
100244,City Hotel,2024-08-08,2024-12-24,2,0,A,SC,India,Online,Checked-Out,6,3035.32
100245,City Hotel,2024-12-06,2025-04-28,2,0,C,HB,Australia,Online,Confirmed,8,10439.46
100246,Resort Hotel,2024-08-24,2025-01-10,2,0,B,SC,India,Offline,Checked-Out,8,7860.25
100247,City Hotel,2024-08-24,2024-12-13,2,0,A,BB,UK,Direct,Checked-Out,3,6046.42
100248,Resort Hotel,2024-08-06,2024-11-04,2,0,A,BB,Australia,Online,Confirmed,4,9534.35
100249,Resort Hotel,2024-05-30,2024-06-23,1,1,A,HB,Germany,Online,Confirmed,10,3586.45
100250,Resort Hotel,2024-05-02,2024-07-18,2,0,B,HB,USA,Groups,Confirmed,4,5223.52
100251,City Hotel,2024-05-23,2024-09-01,2,0,D,FB,Germany,Direct,Checked-Out,4,9412.28
100252,City Hotel,2024-07-07,2024-11-16,2,0,A,BB,India,Online,Confirmed,2,4468.1
100253,Resort Hotel,2024-09-11,2024-09-24,2,2,D,BB,UK,Offline,Confirmed,6,8206.1
100254,City Hotel,2024-03-08,2024-06-14,2,0,A,FB,Germany,Online,Confirmed,8,6752.8
100255,City Hotel,2024-04-13,2024-08-11,3,1,A,FB,UK,Corporate,Cancelled,9,4422.46
100256,City Hotel,2024-12-01,2025-01-07,2,0,B,BB,Germany,Online,Confirmed,1,10939.64
100257,Resort Hotel,2024-06-07,2024-07-25,2,1,C,HB,France,Online,Cancelled,1,6637.51
100258,Resort Hotel,2024-11-04,2024-11-05,2,1,A,HB,India,Direct,Checked-Out,9,8188.98
100259,City Hotel,2024-12-27,2025-02-25,2,0,C,BB,India,Online,Cancelled,4,4903.86
100260,City Hotel,2024-10-26,2025-03-15,1,0,C,SC,UAE,Online,Confirmed,7,5794.65
100261,City Hotel,2024-03-30,2024-08-26,1,0,A,BB,USA,Groups,Confirmed,2,2965.35
100262,Resort Hotel,2024-12-22,2025-05-10,2,0,A,HB,India,Online,Confirmed,10,7090.54
100263,City Hotel,2024-09-12,2024-10-26,2,0,A,FB,UAE,Corporate,Confirmed,1,5776.04
100264,City Hotel,2024-12-18,2025-04-12,2,1,C,BB,USA,Online,Confirmed,7,5629.34
100265,Resort Hotel,2024-08-07,2024-11-23,3,0,A,FB,UAE,Groups,Confirmed,6,10954.46
100266,Resort Hotel,2024-01-09,2024-02-22,1,0,C,HB,UAE,Groups,Confirmed,3,9186.76
100267,Resort Hotel,2024-01-12,2024-03-30,3,0,B,FB,India,Online,Confirmed,10,6844.25
100268,Resort Hotel,2024-11-20,2025-05-01,1,0,C,BB,Canada,Direct,Cancelled,4,4355.84
100269,City Hotel,2024-08-31,2024-09-25,2,0,B,BB,Germany,Corporate,Confirmed,1,11745.89
100270,City Hotel,2024-06-30,2024-11-09,1,0,A,HB,UAE,Online,Checked-Out,7,3210.27
100271,Resort Hotel,2024-10-10,2025-02-03,3,1,E,BB,UAE,Corporate,Confirmed,9,3793.01
100272,Resort Hotel,2024-11-07,2025-03-06,2,0,C,BB,Germany,Offline,Confirmed,1,5068.05
100273,Resort Hotel,2024-04-08,2024-08-30,1,0,B,BB,France,Online,Confirmed,2,11568.02
100274,Resort Hotel,2024-07-15,2024-07-25,2,0,B,BB,Germany,Offline,Cancelled,2,5149.38
100275,City Hotel,2024-12-31,2025-04-19,1,1,B,HB,Canada,Online,Confirmed,6,7168.55
100276,City Hotel,2024-08-13,2024-09-17,3,0,A,HB,UK,Direct,Confirmed,5,9731.06
100277,Resort Hotel,2024-11-28,2025-04-11,2,0,A,HB,Canada,Online,Confirmed,6,11327.26
100278,City Hotel,2024-04-12,2024-05-01,2,0,A,HB,UAE,Online,Confirmed,1,8248.36
100279,Resort Hotel,2024-04-15,2024-04-23,2,0,E,FB,Germany,Online,Checked-Out,6,6150.64
100280,Resort Hotel,2024-12-30,2025-01-09,1,0,B,BB,USA,Online,Confirmed,6,11862.33
100281,Resort Hotel,2024-02-27,2024-08-11,2,1,A,FB,Australia,Corporate,Checked-Out,7,2748.54
100282,City Hotel,2024-03-18,2024-04-16,2,0,B,BB,France,Online,Cancelled,2,10405.65
100283,City Hotel,2024-03-15,2024-03-30,2,0,A,BB,Australia,Online,Confirmed,6,5135.58
100284,City Hotel,2024-02-11,2024-05-08,4,0,A,BB,Australia,Online,Checked-Out,9,10265.79
100285,City Hotel,2024-11-19,2024-12-12,2,0,A,BB,UK,Online,Confirmed,9,4040.59
100286,City Hotel,2024-06-29,2024-08-14,4,0,B,BB,Canada,Direct,Confirmed,2,5794.77
100287,City Hotel,2024-02-02,2024-03-01,2,1,E,BB,UK,Online,Confirmed,5,3031.73
100288,City Hotel,2024-03-11,2024-04-06,2,0,E,BB,India,Corporate,Cancelled,7,4396.41
100289,City Hotel,2024-02-25,2024-03-06,2,0,A,BB,UAE,Direct,Checked-Out,5,8226.53
100290,City Hotel,2024-04-14,2024-10-06,3,0,B,BB,Canada,Offline,Cancelled,3,9734.27
100291,City Hotel,2024-07-18,2024-07-22,2,1,D,BB,USA,Online,Checked-Out,1,11156.65
100292,City Hotel,2024-04-10,2024-06-04,1,0,A,BB,Australia,Corporate,Checked-Out,7,3637.01
100293,Resort Hotel,2024-09-12,2024-11-17,2,0,C,BB,Germany,Online,Confirmed,8,3835.44
100294,City Hotel,2024-11-02,2025-01-08,3,0,D,FB,Germany,Online,Confirmed,6,11418.37
100295,City Hotel,2024-03-14,2024-07-27,2,2,C,HB,UAE,Corporate,Confirmed,7,9776.76
100296,City Hotel,2024-06-19,2024-08-13,2,0,A,SC,Canada,Corporate,Cancelled,9,7627.64
100297,Resort Hotel,2024-05-22,2024-06-22,2,0,E,HB,India,Online,Confirmed,2,7028.89
100298,City Hotel,2024-06-14,2024-08-27,3,1,D,FB,Germany,Offline,Cancelled,5,3998.3
100299,City Hotel,2024-09-17,2024-10-06,4,0,C,HB,Canada,Corporate,Checked-Out,3,6103.36
100300,City Hotel,2024-08-08,2025-01-11,1,0,A,BB,UK,Online,Checked-Out,2,6039.75
100301,City Hotel,2024-03-23,2024-06-12,1,0,C,BB,Germany,Online,Cancelled,3,8659.29
100302,City Hotel,2024-06-30,2024-12-03,3,0,A,BB,Australia,Online,Checked-Out,4,8189.6
100303,City Hotel,2024-11-02,2025-03-29,3,0,A,HB,Germany,Online,Cancelled,2,3067.25
100304,City Hotel,2024-01-10,2024-04-06,2,2,B,FB,UK,Online,Confirmed,2,10560.56
100305,Resort Hotel,2024-01-04,2024-01-24,3,0,E,HB,USA,Online,Confirmed,8,11406.7
100306,Resort Hotel,2024-12-16,2024-12-29,2,1,D,BB,Australia,Online,Confirmed,3,9911.98
100307,City Hotel,2024-12-01,2025-02-16,2,0,C,SC,USA,Online,Confirmed,3,4194.65
100308,City Hotel,2024-10-18,2024-11-30,3,0,B,SC,UK,Online,Confirmed,4,4135.6
100309,Resort Hotel,2024-10-07,2025-02-23,2,0,A,BB,UK,Online,Confirmed,5,9398.07
100310,City Hotel,2024-08-02,2025-01-25,4,0,D,FB,Australia,Online,Checked-Out,3,6688.24
100311,City Hotel,2024-04-07,2024-08-28,2,0,B,BB,UAE,Direct,Confirmed,6,9898.64
100312,City Hotel,2024-04-10,2024-09-02,2,0,D,BB,France,Online,Checked-Out,10,3217.05
100313,City Hotel,2024-01-09,2024-02-28,3,0,B,BB,France,Corporate,Cancelled,3,9306.15
100314,Resort Hotel,2024-03-01,2024-03-29,2,0,C,HB,Germany,Groups,Checked-Out,8,6528.91
100315,Resort Hotel,2024-11-04,2024-11-08,2,2,D,BB,Australia,Online,Confirmed,4,2794.36
100316,Resort Hotel,2024-05-25,2024-06-16,3,0,A,BB,Australia,Online,Confirmed,5,7679.0
100317,City Hotel,2024-03-03,2024-06-30,2,0,A,BB,UAE,Corporate,Checked-Out,3,9140.84
100318,City Hotel,2024-04-30,2024-08-09,2,0,A,BB,Canada,Online,Cancelled,5,7518.28
100319,City Hotel,2024-08-13,2024-09-21,3,0,E,BB,Canada,Online,Cancelled,7,3667.36
100320,City Hotel,2024-04-14,2024-05-18,2,0,C,BB,Germany,Online,Checked-Out,3,10251.14
100321,City Hotel,2024-09-16,2024-12-22,4,0,C,BB,France,Online,Confirmed,3,5512.31
100322,Resort Hotel,2024-12-14,2025-01-27,3,0,A,BB,Canada,Online,Confirmed,1,11253.87
100323,Resort Hotel,2024-09-11,2025-02-28,2,0,C,BB,Germany,Groups,Confirmed,2,11115.32
100324,City Hotel,2024-07-25,2024-09-03,2,1,B,FB,USA,Online,Checked-Out,4,4403.44
100325,Resort Hotel,2024-01-28,2024-05-04,4,0,A,SC,UAE,Direct,Confirmed,9,7025.47
100326,Resort Hotel,2024-06-18,2024-11-05,2,0,E,BB,USA,Direct,Confirmed,3,3804.97
100327,City Hotel,2024-12-01,2025-04-10,2,0,A,BB,Canada,Online,Confirmed,10,8938.6
100328,City Hotel,2024-03-16,2024-08-19,2,0,A,SC,UAE,Online,Checked-Out,5,10593.21
100329,City Hotel,2024-04-25,2024-07-08,2,1,A,BB,India,Offline,Cancelled,9,8659.55
100330,City Hotel,2024-03-09,2024-06-03,2,0,A,HB,France,Online,Confirmed,4,4974.51
100331,City Hotel,2024-12-19,2025-03-19,4,0,B,BB,USA,Online,Confirmed,4,3224.99
100332,Resort Hotel,2024-08-21,2024-10-27,3,0,A,BB,Canada,Online,Confirmed,6,3157.97
100333,City Hotel,2024-01-01,2024-03-17,2,1,D,HB,India,Online,Cancelled,7,8303.82
100334,City Hotel,2024-06-15,2024-09-15,2,0,A,HB,UAE,Online,Confirmed,6,11556.62
100335,City Hotel,2024-12-17,2024-12-27,2,1,B,BB,UK,Direct,Confirmed,4,9105.14
100336,City Hotel,2024-08-05,2024-10-30,1,0,B,BB,Canada,Online,Cancelled,7,9440.95
100337,Resort Hotel,2024-09-29,2025-01-09,3,0,C,FB,Australia,Online,Checked-Out,10,5628.35
100338,Resort Hotel,2024-09-07,2024-12-24,3,2,A,BB,USA,Offline,Confirmed,3,8067.37
100339,City Hotel,2024-12-12,2025-05-26,3,0,E,HB,India,Corporate,Confirmed,3,5507.7
100340,City Hotel,2024-12-09,2025-03-10,2,0,B,BB,Germany,Direct,Confirmed,7,11065.82
100341,City Hotel,2024-06-22,2024-09-09,2,0,A,BB,Canada,Direct,Confirmed,6,3758.88
100342,City Hotel,2024-06-18,2024-09-12,1,0,A,BB,Australia,Online,Cancelled,2,8504.23
100343,City Hotel,2024-09-02,2024-12-18,2,0,A,HB,India,Corporate,Confirmed,1,9443.03
100344,City Hotel,2024-03-30,2024-09-14,2,0,D,BB,USA,Direct,Checked-Out,6,9135.66
100345,City Hotel,2024-02-18,2024-05-29,3,0,A,BB,Germany,Direct,Cancelled,9,4944.51
100346,City Hotel,2024-10-20,2025-02-05,3,0,A,BB,Canada,Direct,Confirmed,3,7117.3
100347,City Hotel,2024-05-29,2024-07-28,4,0,A,SC,UAE,Direct,Checked-Out,9,8801.79
100348,City Hotel,2024-05-11,2024-06-28,3,0,A,SC,Germany,Direct,Confirmed,6,11343.96
100349,City Hotel,2024-02-28,2024-06-24,1,0,C,HB,India,Direct,Confirmed,4,7246.77
100350,City Hotel,2024-11-19,2025-03-05,2,1,B,SC,Canada,Direct,Checked-Out,10,5354.83
100351,City Hotel,2024-07-17,2024-12-11,1,1,A,BB,UAE,Corporate,Checked-Out,10,6171.95
100352,Resort Hotel,2024-08-02,2024-09-04,2,2,A,SC,India,Online,Checked-Out,10,7642.53
100353,Resort Hotel,2024-02-18,2024-04-02,2,0,A,BB,USA,Online,Cancelled,2,11775.41
100354,City Hotel,2024-08-19,2025-01-31,3,0,C,BB,Germany,Direct,Confirmed,9,8469.15
100355,City Hotel,2024-09-03,2024-12-24,2,0,D,BB,France,Groups,Checked-Out,5,3969.99
100356,City Hotel,2024-08-26,2024-11-23,1,0,A,SC,Canada,Online,Confirmed,5,10509.87
100357,City Hotel,2024-06-16,2024-07-22,1,0,A,HB,UAE,Offline,Checked-Out,2,4223.75
100358,City Hotel,2024-02-17,2024-05-08,1,0,A,HB,India,Online,Checked-Out,5,2868.09
100359,Resort Hotel,2024-02-20,2024-05-18,1,0,E,SC,France,Direct,Checked-Out,6,3451.99
100360,City Hotel,2024-10-25,2025-03-23,2,0,B,HB,Canada,Offline,Confirmed,2,9968.16
100361,City Hotel,2024-04-07,2024-08-15,2,0,A,HB,France,Corporate,Checked-Out,1,11068.01
100362,City Hotel,2024-08-03,2024-09-03,3,1,A,BB,Canada,Offline,Cancelled,6,5047.93
100363,City Hotel,2024-06-25,2024-10-11,2,0,A,FB,Canada,Online,Cancelled,9,7232.04
100364,City Hotel,2024-03-20,2024-04-19,2,0,C,SC,Germany,Online,Checked-Out,9,8173.62
100365,Resort Hotel,2024-07-03,2024-12-22,2,0,A,SC,USA,Online,Confirmed,9,6477.56
100366,City Hotel,2024-01-27,2024-02-08,4,1,A,BB,France,Offline,Confirmed,5,3120.58
100367,Resort Hotel,2024-07-13,2024-09-02,2,0,B,BB,USA,Offline,Cancelled,10,3038.2
100368,Resort Hotel,2024-08-01,2024-11-30,3,0,A,BB,UAE,Online,Confirmed,1,6683.32
100369,City Hotel,2024-12-07,2025-06-02,3,0,B,BB,India,Online,Cancelled,3,10079.74
100370,City Hotel,2024-04-23,2024-09-22,3,0,A,BB,Germany,Offline,Confirmed,8,3303.98
100371,City Hotel,2024-08-29,2025-01-28,1,0,C,HB,UK,Direct,Confirmed,9,4453.92
100372,City Hotel,2024-05-03,2024-09-19,2,0,A,FB,Germany,Direct,Confirmed,4,5062.79
100373,City Hotel,2024-10-31,2024-11-13,1,0,E,SC,UK,Offline,Confirmed,3,7811.7
100374,Resort Hotel,2024-03-16,2024-06-15,1,0,A,BB,Australia,Online,Cancelled,2,2910.36
100375,City Hotel,2024-11-06,2025-01-19,1,0,A,BB,Canada,Online,Cancelled,5,10670.41
100376,City Hotel,2024-11-07,2024-11-27,3,0,D,BB,India,Offline,Confirmed,2,6971.9
100377,Resort Hotel,2024-07-14,2024-09-24,3,0,D,BB,USA,Online,Checked-Out,9,7109.71
100378,City Hotel,2024-12-16,2025-02-27,2,0,A,BB,India,Online,Cancelled,10,5601.93
100379,Resort Hotel,2024-02-13,2024-04-24,2,0,E,BB,Germany,Online,Checked-Out,9,4514.02
100380,City Hotel,2024-07-04,2024-09-20,4,0,A,SC,UK,Online,Confirmed,3,5954.86
100381,City Hotel,2024-12-08,2025-01-05,2,0,B,BB,Australia,Online,Confirmed,4,11177.3
100382,Resort Hotel,2024-09-02,2025-01-10,2,1,A,HB,UK,Corporate,Confirmed,9,3395.19
100383,City Hotel,2024-03-24,2024-07-23,2,1,A,HB,Germany,Groups,Confirmed,1,3076.92
100384,Resort Hotel,2024-07-25,2024-09-06,3,0,B,HB,Germany,Online,Checked-Out,7,3587.29
100385,Resort Hotel,2024-05-30,2024-06-07,2,0,B,HB,Canada,Corporate,Checked-Out,2,9881.29
100386,Resort Hotel,2024-06-04,2024-06-17,3,0,B,FB,Canada,Online,Checked-Out,9,2959.96
100387,City Hotel,2024-01-16,2024-05-06,2,1,B,HB,India,Online,Confirmed,3,5665.07
100388,City Hotel,2024-06-13,2024-07-18,2,0,E,FB,France,Direct,Confirmed,6,6536.16
100389,Resort Hotel,2024-05-24,2024-06-16,2,0,A,BB,UK,Groups,Checked-Out,5,7317.56
100390,Resort Hotel,2024-02-06,2024-03-23,1,0,A,BB,Germany,Groups,Confirmed,2,2530.39
100391,Resort Hotel,2024-11-28,2024-12-13,2,0,C,FB,UAE,Online,Checked-Out,9,7124.27
100392,City Hotel,2024-02-14,2024-06-23,1,0,A,BB,Canada,Online,Confirmed,3,4351.78
100393,City Hotel,2024-07-24,2024-09-23,3,0,B,HB,Canada,Groups,Confirmed,6,3429.83
100394,Resort Hotel,2024-03-02,2024-06-25,2,0,B,HB,India,Online,Checked-Out,9,7566.31
100395,City Hotel,2024-12-21,2025-02-23,3,1,A,BB,France,Corporate,Checked-Out,8,9569.42
100396,Resort Hotel,2024-11-03,2024-12-25,4,0,E,BB,Canada,Online,Checked-Out,10,11380.12
100397,Resort Hotel,2024-01-19,2024-07-01,3,0,A,FB,USA,Direct,Confirmed,5,11170.27
100398,City Hotel,2024-12-30,2025-03-09,4,1,A,FB,Germany,Direct,Checked-Out,6,6290.47
100399,Resort Hotel,2024-10-26,2025-01-01,2,0,A,HB,France,Online,Confirmed,3,9188.55
100400,Resort Hotel,2024-01-07,2024-06-30,2,1,A,HB,USA,Offline,Confirmed,5,9108.39
100401,City Hotel,2024-09-05,2024-11-27,3,0,A,FB,Canada,Online,Confirmed,6,6415.0
100402,Resort Hotel,2024-04-26,2024-04-28,3,0,C,HB,Australia,Online,Checked-Out,3,3433.0
100403,City Hotel,2024-03-08,2024-08-27,3,0,C,BB,Canada,Online,Confirmed,10,6129.08
100404,Resort Hotel,2024-02-03,2024-04-21,2,0,D,BB,USA,Online,Cancelled,2,11927.4
100405,City Hotel,2024-07-12,2024-08-09,2,0,A,BB,UAE,Online,Cancelled,10,7772.83
100406,Resort Hotel,2024-11-20,2025-01-13,1,0,A,BB,Canada,Online,Cancelled,9,5743.21
100407,City Hotel,2024-02-24,2024-05-01,3,0,E,BB,India,Online,Confirmed,7,9566.24
100408,City Hotel,2024-09-22,2025-03-05,1,0,A,SC,UK,Groups,Confirmed,4,9020.1
100409,Resort Hotel,2024-02-11,2024-05-23,2,0,E,HB,Germany,Online,Checked-Out,3,7998.6
100410,City Hotel,2024-10-23,2025-02-20,2,0,D,FB,France,Direct,Cancelled,4,8555.61
100411,City Hotel,2024-08-18,2025-01-18,2,1,E,HB,Australia,Corporate,Checked-Out,9,8056.91
100412,Resort Hotel,2024-01-10,2024-02-27,1,0,A,BB,Australia,Corporate,Confirmed,9,11584.63
100413,Resort Hotel,2024-12-23,2025-06-08,3,1,A,BB,USA,Direct,Confirmed,6,7336.77
100414,City Hotel,2024-05-07,2024-06-23,3,0,B,SC,Australia,Online,Confirmed,9,8106.81
100415,City Hotel,2024-06-27,2024-07-18,2,1,C,BB,UK,Online,Confirmed,9,6980.72
100416,City Hotel,2024-07-11,2024-12-16,2,0,A,HB,USA,Online,Confirmed,6,8202.11
100417,City Hotel,2024-04-01,2024-07-02,4,0,C,BB,Germany,Offline,Confirmed,5,10962.86
100418,City Hotel,2024-08-18,2025-01-24,1,0,A,BB,Canada,Corporate,Cancelled,3,5727.67
100419,Resort Hotel,2024-03-18,2024-07-17,3,0,B,BB,Germany,Direct,Checked-Out,1,7211.08
100420,Resort Hotel,2024-03-25,2024-07-19,1,0,D,HB,Australia,Online,Checked-Out,4,6761.8
100421,Resort Hotel,2024-01-30,2024-07-02,2,0,A,FB,India,Direct,Checked-Out,1,6280.78
100422,Resort Hotel,2024-07-31,2024-12-28,2,0,A,HB,Germany,Direct,Cancelled,1,10299.85
100423,City Hotel,2024-02-18,2024-07-16,3,0,A,HB,Germany,Online,Confirmed,6,4703.48
100424,City Hotel,2024-09-21,2024-09-22,1,0,A,SC,Germany,Online,Confirmed,5,7249.22
100425,City Hotel,2024-05-24,2024-11-05,2,0,A,HB,UAE,Offline,Confirmed,7,11284.03
100426,City Hotel,2024-03-09,2024-05-25,2,0,A,FB,UK,Direct,Checked-Out,1,4031.92
100427,City Hotel,2024-02-27,2024-05-22,2,2,A,BB,France,Online,Confirmed,1,2544.12
100428,Resort Hotel,2024-07-03,2024-08-18,2,0,D,FB,UAE,Online,Confirmed,8,5019.62
100429,City Hotel,2024-03-02,2024-07-17,2,0,E,HB,France,Online,Confirmed,6,11261.96
100430,City Hotel,2024-11-03,2025-03-28,2,0,A,BB,Australia,Corporate,Checked-Out,8,3332.43
100431,City Hotel,2024-10-22,2024-12-08,2,0,A,BB,Germany,Corporate,Checked-Out,6,3802.21
100432,Resort Hotel,2024-06-14,2024-08-12,2,0,A,BB,France,Online,Confirmed,6,5543.23
100433,City Hotel,2024-06-19,2024-08-12,2,0,C,BB,UAE,Groups,Confirmed,10,9812.18
100434,City Hotel,2024-03-03,2024-05-28,2,1,C,FB,UAE,Offline,Confirmed,7,9637.17
100435,City Hotel,2024-05-26,2024-06-07,1,0,E,HB,Australia,Offline,Confirmed,2,3327.17
100436,Resort Hotel,2024-11-01,2024-11-07,1,0,A,SC,Germany,Online,Confirmed,3,11371.5
100437,City Hotel,2024-06-09,2024-08-01,2,0,C,HB,France,Online,Confirmed,4,4768.78
100438,Resort Hotel,2024-05-20,2024-10-11,2,0,B,HB,France,Online,Cancelled,1,5166.05
100439,Resort Hotel,2024-11-29,2025-02-27,2,0,E,BB,Australia,Online,Confirmed,9,6170.97
100440,City Hotel,2024-04-06,2024-04-11,2,0,B,HB,Canada,Offline,Checked-Out,9,8527.68
100441,City Hotel,2024-08-08,2024-10-20,2,0,A,HB,USA,Online,Confirmed,4,7452.44
100442,Resort Hotel,2024-02-12,2024-08-04,1,0,C,FB,Australia,Offline,Checked-Out,1,11321.84
100443,City Hotel,2024-10-18,2024-11-01,3,0,D,BB,UK,Direct,Cancelled,1,7863.9
100444,City Hotel,2024-04-17,2024-10-06,3,2,A,HB,USA,Online,Checked-Out,6,10641.85
100445,Resort Hotel,2024-09-22,2025-01-06,2,0,A,BB,USA,Direct,Cancelled,2,3242.94
100446,Resort Hotel,2024-04-04,2024-05-26,2,0,A,HB,France,Online,Cancelled,1,10631.07
100447,Resort Hotel,2024-09-18,2025-01-12,3,0,A,FB,India,Online,Confirmed,10,4378.27
100448,Resort Hotel,2024-11-08,2024-12-04,3,0,A,HB,India,Offline,Confirmed,2,5944.27
100449,City Hotel,2024-03-11,2024-05-03,2,1,E,BB,Canada,Corporate,Confirmed,7,5538.92
100450,City Hotel,2024-08-06,2024-11-23,2,1,B,BB,UK,Online,Confirmed,4,5704.17
100451,Resort Hotel,2024-01-21,2024-02-19,2,0,C,BB,Germany,Groups,Confirmed,7,11227.47
100452,City Hotel,2024-04-01,2024-04-20,2,0,C,HB,France,Online,Confirmed,7,6695.14
100453,City Hotel,2024-05-06,2024-06-22,2,0,D,BB,UAE,Online,Confirmed,4,5045.7
100454,Resort Hotel,2024-03-20,2024-08-03,2,0,E,FB,UK,Online,Checked-Out,2,5296.82
100455,City Hotel,2024-11-07,2024-11-30,3,0,C,BB,USA,Online,Checked-Out,9,10131.7
100456,City Hotel,2024-08-25,2024-12-20,2,1,B,BB,France,Online,Cancelled,10,7621.59
100457,City Hotel,2024-06-30,2024-10-14,2,0,A,HB,USA,Offline,Confirmed,10,6770.22
100458,City Hotel,2024-01-25,2024-07-06,1,0,A,HB,UK,Groups,Confirmed,3,11304.73
100459,City Hotel,2024-06-04,2024-07-27,2,1,A,FB,India,Offline,Confirmed,1,11335.07
100460,City Hotel,2024-01-05,2024-04-10,1,2,A,BB,UK,Direct,Confirmed,8,9683.12
100461,City Hotel,2024-04-29,2024-05-04,2,0,C,BB,Australia,Corporate,Checked-Out,4,7421.06
100462,City Hotel,2024-10-03,2024-10-19,2,1,B,BB,France,Direct,Confirmed,9,3607.81
100463,Resort Hotel,2024-01-18,2024-02-04,2,1,A,BB,UAE,Online,Confirmed,8,9225.52
100464,City Hotel,2024-07-16,2024-12-23,4,1,E,FB,France,Corporate,Cancelled,7,10243.57
100465,Resort Hotel,2024-02-26,2024-06-07,2,2,A,BB,Canada,Groups,Confirmed,9,10594.4
100466,City Hotel,2024-04-02,2024-09-29,2,0,B,SC,Germany,Online,Checked-Out,2,8027.72
100467,City Hotel,2024-01-19,2024-02-08,1,0,C,HB,India,Online,Confirmed,4,8359.97
100468,Resort Hotel,2024-12-18,2025-04-09,2,1,B,HB,France,Online,Checked-Out,5,9238.26
100469,City Hotel,2024-07-11,2024-11-08,2,0,A,SC,India,Online,Cancelled,5,10802.32
100470,Resort Hotel,2024-08-24,2024-12-13,2,0,C,BB,France,Direct,Confirmed,1,2931.53
100471,City Hotel,2024-10-03,2024-10-04,2,0,A,BB,India,Direct,Confirmed,9,7850.61
100472,Resort Hotel,2024-08-14,2024-10-11,2,1,B,HB,Canada,Online,Confirmed,9,6006.41
100473,City Hotel,2024-08-20,2024-11-21,3,0,A,BB,Australia,Online,Confirmed,5,10415.01
100474,Resort Hotel,2024-02-09,2024-07-30,1,0,B,SC,Canada,Direct,Checked-Out,10,3771.21
100475,City Hotel,2024-11-18,2024-11-24,2,0,A,SC,UK,Direct,Checked-Out,3,11142.16
100476,Resort Hotel,2024-06-01,2024-09-17,2,0,C,SC,India,Offline,Cancelled,8,3678.06
100477,City Hotel,2024-05-06,2024-08-17,3,0,A,SC,USA,Online,Confirmed,7,3348.6
100478,City Hotel,2024-08-24,2024-10-13,2,0,D,HB,Australia,Online,Confirmed,5,5791.74
100479,Resort Hotel,2024-02-24,2024-06-21,2,0,D,HB,UK,Online,Confirmed,1,11949.88
100480,City Hotel,2024-06-20,2024-10-08,3,1,A,BB,France,Online,Confirmed,7,8521.13
100481,City Hotel,2024-04-18,2024-07-15,2,0,A,HB,France,Online,Confirmed,1,2751.17
100482,Resort Hotel,2024-12-19,2025-01-08,2,2,C,BB,Germany,Online,Confirmed,1,4868.01
100483,City Hotel,2024-07-02,2024-07-16,1,0,A,FB,UAE,Direct,Confirmed,9,3917.07
100484,City Hotel,2024-07-16,2024-11-26,3,2,A,SC,Australia,Online,Confirmed,6,2509.54
100485,City Hotel,2024-03-27,2024-09-12,3,0,A,BB,UAE,Offline,Checked-Out,7,7391.94
100486,Resort Hotel,2024-07-19,2024-08-28,4,0,B,BB,USA,Online,Confirmed,2,6120.52
100487,City Hotel,2024-12-02,2025-01-05,3,0,A,BB,Australia,Online,Confirmed,8,8326.16
100488,City Hotel,2024-11-17,2025-03-21,3,0,A,HB,Canada,Online,Cancelled,7,4555.46
100489,Resort Hotel,2024-10-01,2024-11-15,2,0,B,HB,Germany,Groups,Checked-Out,5,10395.0
100490,Resort Hotel,2024-07-29,2024-10-17,3,0,A,HB,Canada,Online,Checked-Out,8,6140.05
100491,City Hotel,2024-04-27,2024-07-07,2,0,A,FB,Australia,Online,Confirmed,2,7087.59
100492,City Hotel,2024-07-09,2024-12-11,2,0,E,BB,Canada,Online,Confirmed,6,9458.62
100493,City Hotel,2024-02-11,2024-04-29,2,2,C,HB,UK,Corporate,Checked-Out,4,4078.57
100494,City Hotel,2024-02-11,2024-04-29,2,0,A,HB,Germany,Corporate,Checked-Out,7,4992.26
100495,City Hotel,2024-11-10,2025-05-01,3,2,A,BB,UK,Online,Checked-Out,6,3970.14
100496,City Hotel,2024-10-02,2024-11-04,2,0,B,BB,Germany,Corporate,Checked-Out,6,9796.78
100497,City Hotel,2024-11-24,2024-12-27,2,0,A,FB,India,Online,Confirmed,5,3426.46
100498,City Hotel,2024-01-17,2024-03-01,2,0,E,SC,UAE,Online,Checked-Out,5,7145.53
100499,Resort Hotel,2024-10-09,2024-10-29,3,1,C,HB,UK,Corporate,Checked-Out,2,9624.14
100500,Resort Hotel,2024-09-14,2025-01-03,2,0,E,SC,UK,Groups,Cancelled,7,7323.74
100501,Resort Hotel,2024-03-03,2024-08-14,2,0,D,BB,India,Direct,Checked-Out,7,7332.43
100502,City Hotel,2024-03-02,2024-03-09,2,0,B,SC,India,Online,Cancelled,8,3104.91
100503,City Hotel,2024-04-09,2024-09-16,2,0,C,BB,UAE,Online,Confirmed,4,9937.18
100504,Resort Hotel,2024-01-19,2024-07-04,1,0,D,BB,USA,Groups,Cancelled,9,8238.07
100505,Resort Hotel,2024-01-17,2024-02-10,2,0,B,BB,Canada,Online,Checked-Out,10,8841.37
100506,City Hotel,2024-11-20,2025-01-29,3,1,A,FB,India,Corporate,Confirmed,3,9775.1
100507,Resort Hotel,2024-09-02,2024-12-23,2,0,B,BB,Germany,Direct,Cancelled,3,7825.87
100508,Resort Hotel,2024-09-07,2024-12-20,2,1,A,BB,India,Direct,Confirmed,2,7331.92
100509,Resort Hotel,2024-03-21,2024-05-14,1,0,C,BB,India,Online,Confirmed,10,8800.07
100510,Resort Hotel,2024-02-08,2024-03-17,2,0,C,BB,UK,Online,Cancelled,7,11050.08
100511,City Hotel,2024-02-05,2024-04-19,1,2,E,BB,UK,Direct,Confirmed,10,8565.72
100512,City Hotel,2024-07-15,2024-10-03,2,0,B,HB,Australia,Groups,Confirmed,2,9989.06
100513,Resort Hotel,2024-06-06,2024-07-08,2,0,D,BB,India,Online,Checked-Out,7,7062.58
100514,Resort Hotel,2024-07-22,2024-09-05,3,1,A,BB,UAE,Direct,Checked-Out,3,8100.93
100515,City Hotel,2024-07-14,2024-09-13,2,0,A,BB,Canada,Direct,Confirmed,1,4211.42
100516,City Hotel,2024-08-03,2024-09-25,2,0,E,BB,USA,Direct,Cancelled,8,7140.92
100517,City Hotel,2024-10-11,2025-02-16,2,0,C,BB,UK,Direct,Confirmed,8,3914.45
100518,Resort Hotel,2024-07-14,2025-01-09,2,0,C,HB,Germany,Direct,Confirmed,10,6936.7
100519,Resort Hotel,2024-11-02,2025-01-17,1,0,A,BB,Australia,Offline,Confirmed,1,3117.04
100520,City Hotel,2024-05-31,2024-06-27,2,0,C,BB,Germany,Online,Confirmed,6,7973.97
100521,City Hotel,2024-01-14,2024-06-28,3,0,D,HB,UAE,Offline,Confirmed,4,5223.99
100522,City Hotel,2024-11-20,2025-01-21,2,1,A,HB,UAE,Direct,Confirmed,5,10495.62
100523,Resort Hotel,2024-05-25,2024-06-12,2,0,C,BB,India,Direct,Confirmed,8,6074.51
100524,Resort Hotel,2024-02-26,2024-07-02,3,0,A,BB,UAE,Online,Cancelled,8,11218.85
100525,Resort Hotel,2024-07-29,2024-11-15,2,0,A,BB,India,Direct,Confirmed,7,6992.43
100526,City Hotel,2024-09-24,2025-01-05,3,1,C,BB,USA,Online,Confirmed,5,10564.29
100527,City Hotel,2024-07-28,2024-10-13,2,1,A,BB,Canada,Online,Confirmed,6,5324.08
100528,City Hotel,2024-01-17,2024-05-13,2,1,A,BB,India,Online,Confirmed,8,6790.22
100529,City Hotel,2024-10-12,2025-01-24,2,1,C,BB,Canada,Offline,Confirmed,5,8519.82
100530,Resort Hotel,2024-12-09,2025-05-16,3,0,C,HB,Canada,Direct,Confirmed,3,4957.18
100531,Resort Hotel,2024-07-21,2024-09-08,3,0,A,SC,Australia,Corporate,Checked-Out,9,8744.62
100532,Resort Hotel,2024-04-08,2024-09-24,2,0,E,HB,France,Online,Cancelled,9,5241.72
100533,Resort Hotel,2024-10-05,2025-01-29,2,0,A,HB,France,Offline,Cancelled,10,7100.78
100534,City Hotel,2024-07-27,2024-12-15,2,0,E,BB,India,Offline,Confirmed,1,2722.01
100535,Resort Hotel,2024-05-08,2024-10-17,1,0,C,BB,Australia,Online,Checked-Out,7,3242.73
100536,Resort Hotel,2024-11-30,2025-03-10,2,0,A,BB,France,Online,Confirmed,4,4657.46
100537,Resort Hotel,2024-10-14,2025-02-16,2,1,A,HB,Canada,Direct,Confirmed,6,10161.68
100538,City Hotel,2024-09-08,2024-10-03,2,0,A,HB,Germany,Online,Checked-Out,7,8773.65
100539,City Hotel,2024-09-21,2025-01-27,2,0,A,FB,Australia,Groups,Confirmed,8,10987.76
100540,City Hotel,2024-09-27,2025-01-05,2,0,B,BB,Australia,Online,Checked-Out,5,11094.75
100541,Resort Hotel,2024-07-06,2024-11-29,4,0,A,BB,India,Online,Confirmed,5,6059.38
100542,City Hotel,2024-08-01,2024-08-06,3,0,A,HB,Germany,Corporate,Confirmed,6,5991.54
100543,City Hotel,2024-10-09,2024-10-28,1,0,C,HB,UAE,Online,Checked-Out,7,10439.56
100544,Resort Hotel,2024-07-29,2025-01-15,3,0,A,BB,UAE,Online,Confirmed,5,6551.21
100545,City Hotel,2024-12-30,2025-01-17,2,0,B,HB,Canada,Online,Confirmed,5,10643.41
100546,City Hotel,2024-03-16,2024-07-15,3,0,A,BB,Germany,Direct,Confirmed,4,7306.33
100547,City Hotel,2024-05-27,2024-06-28,2,0,C,HB,France,Online,Cancelled,1,6534.77
100548,Resort Hotel,2024-11-16,2025-04-14,2,0,B,BB,USA,Corporate,Confirmed,7,5151.16
100549,City Hotel,2024-07-31,2024-08-10,3,0,C,HB,Germany,Online,Cancelled,7,3701.63
100550,Resort Hotel,2024-04-18,2024-05-25,2,0,A,HB,France,Direct,Checked-Out,6,7496.07
100551,City Hotel,2024-05-08,2024-11-01,3,1,A,SC,Canada,Online,Confirmed,10,5589.64
100552,Resort Hotel,2024-01-10,2024-04-05,3,0,A,SC,USA,Online,Cancelled,2,4869.68
100553,City Hotel,2024-02-16,2024-02-29,4,1,A,BB,UAE,Corporate,Checked-Out,2,4111.77
100554,City Hotel,2024-11-10,2025-04-04,2,2,A,BB,Canada,Online,Checked-Out,6,6191.91
100555,Resort Hotel,2024-04-05,2024-04-14,2,1,B,BB,Australia,Corporate,Confirmed,9,7780.79
100556,City Hotel,2024-04-12,2024-07-09,2,1,B,BB,France,Online,Checked-Out,5,10451.75
100557,City Hotel,2024-12-07,2025-05-28,4,0,D,BB,UAE,Direct,Checked-Out,7,10291.81
100558,City Hotel,2024-05-25,2024-07-10,2,0,A,BB,France,Direct,Checked-Out,2,10623.1
100559,Resort Hotel,2024-01-27,2024-06-11,2,0,B,HB,India,Direct,Confirmed,6,7974.22
100560,City Hotel,2024-08-07,2024-12-04,2,0,E,BB,Australia,Groups,Confirmed,6,7815.72
100561,Resort Hotel,2024-01-18,2024-07-01,2,0,B,BB,Canada,Online,Confirmed,10,11098.85
100562,City Hotel,2024-06-15,2024-07-04,2,0,B,HB,Australia,Offline,Confirmed,6,5241.2
100563,City Hotel,2024-03-22,2024-09-12,2,0,E,HB,UK,Online,Confirmed,6,3881.78
100564,City Hotel,2024-03-12,2024-06-14,3,2,E,HB,USA,Online,Checked-Out,4,3286.36
100565,City Hotel,2024-11-05,2024-12-01,1,0,A,HB,UAE,Online,Confirmed,5,10869.92
100566,City Hotel,2024-09-10,2024-10-26,3,0,B,BB,France,Direct,Checked-Out,4,6031.85
100567,City Hotel,2024-06-10,2024-10-06,2,0,B,BB,Germany,Direct,Confirmed,6,7237.9
100568,City Hotel,2024-11-22,2025-01-07,2,0,C,FB,Germany,Online,Confirmed,9,10129.07
100569,Resort Hotel,2024-02-07,2024-02-21,2,0,E,BB,UK,Corporate,Confirmed,5,6045.1
100570,City Hotel,2024-07-19,2024-10-12,2,0,A,BB,Canada,Offline,Cancelled,5,10745.57
100571,City Hotel,2024-07-18,2024-09-19,2,0,D,BB,USA,Corporate,Confirmed,3,5556.13
100572,Resort Hotel,2024-09-11,2024-11-22,3,0,C,SC,India,Online,Cancelled,7,9457.63
100573,City Hotel,2024-06-27,2024-06-30,2,0,A,HB,USA,Online,Confirmed,5,8840.01
100574,City Hotel,2024-02-04,2024-03-03,2,0,C,HB,Germany,Online,Confirmed,2,4412.79
100575,Resort Hotel,2024-03-22,2024-07-25,1,0,A,BB,Canada,Online,Confirmed,9,3682.73
100576,Resort Hotel,2024-08-07,2025-01-11,3,0,A,SC,Canada,Online,Confirmed,5,3559.77
100577,City Hotel,2024-06-06,2024-09-01,2,0,E,HB,Germany,Online,Confirmed,7,8683.68
100578,Resort Hotel,2024-01-04,2024-05-29,2,0,A,BB,India,Groups,Confirmed,7,2622.97
100579,City Hotel,2024-06-15,2024-11-25,1,0,B,HB,India,Corporate,Checked-Out,10,8776.4
100580,City Hotel,2024-07-22,2024-10-07,4,0,D,BB,Germany,Offline,Confirmed,8,9928.67
100581,City Hotel,2024-07-12,2024-09-26,2,0,E,BB,Canada,Groups,Confirmed,4,5373.85
100582,Resort Hotel,2024-08-22,2025-02-13,2,1,D,BB,Canada,Direct,Confirmed,7,9584.15
100583,City Hotel,2024-07-24,2024-11-15,2,0,B,HB,France,Online,Confirmed,3,4071.17
100584,City Hotel,2024-05-29,2024-10-09,3,1,B,BB,France,Corporate,Confirmed,9,11624.66
100585,City Hotel,2024-06-07,2024-08-21,2,0,A,HB,India,Online,Cancelled,8,4704.63
100586,City Hotel,2024-10-05,2024-12-03,3,0,B,HB,Australia,Online,Checked-Out,10,7139.47
100587,City Hotel,2024-10-30,2024-12-28,2,0,E,HB,France,Online,Confirmed,9,11814.71
100588,City Hotel,2024-06-14,2024-07-31,2,1,C,BB,Canada,Online,Cancelled,2,11117.81
100589,City Hotel,2024-11-06,2025-02-09,2,2,A,BB,India,Corporate,Cancelled,4,8764.92
100590,City Hotel,2024-03-08,2024-07-27,3,0,A,BB,USA,Offline,Confirmed,1,6007.33
100591,City Hotel,2024-03-28,2024-06-14,2,0,E,BB,USA,Online,Confirmed,8,9150.84
100592,City Hotel,2024-08-04,2024-11-25,3,1,D,SC,USA,Online,Confirmed,4,6872.6
100593,City Hotel,2024-01-01,2024-04-19,2,0,B,FB,India,Online,Confirmed,4,3533.98
100594,City Hotel,2024-05-14,2024-08-28,3,1,B,BB,India,Direct,Cancelled,7,10061.79
100595,Resort Hotel,2024-07-03,2024-09-30,1,0,A,BB,UAE,Online,Confirmed,6,10780.31
100596,City Hotel,2024-12-16,2025-01-18,2,1,C,SC,France,Groups,Cancelled,3,6372.27
100597,Resort Hotel,2024-05-19,2024-08-24,2,1,B,BB,France,Online,Checked-Out,8,8824.4
100598,City Hotel,2024-04-15,2024-07-03,2,0,C,BB,France,Groups,Confirmed,2,2788.45
100599,City Hotel,2024-05-12,2024-05-28,2,0,A,BB,UK,Online,Confirmed,1,4373.88
100600,City Hotel,2024-04-17,2024-05-31,2,0,A,HB,India,Online,Cancelled,2,7917.51
100601,City Hotel,2024-06-26,2024-10-24,2,0,A,SC,Australia,Online,Checked-Out,9,5103.78
100602,City Hotel,2024-10-24,2025-03-07,2,0,E,FB,USA,Direct,Cancelled,5,11471.45
100603,City Hotel,2024-12-23,2025-04-10,1,0,E,BB,Canada,Online,Confirmed,5,10451.92
100604,City Hotel,2024-12-24,2025-05-16,2,1,D,HB,Canada,Offline,Confirmed,6,8722.56
100605,City Hotel,2024-05-25,2024-05-29,1,2,E,HB,USA,Online,Checked-Out,3,11988.98
100606,City Hotel,2024-03-14,2024-05-09,2,0,C,BB,UK,Direct,Cancelled,1,4810.85
100607,City Hotel,2024-04-17,2024-06-20,1,0,A,BB,UK,Online,Confirmed,8,11231.71
100608,City Hotel,2024-05-01,2024-10-10,2,1,C,SC,USA,Online,Cancelled,7,5393.45
100609,City Hotel,2024-01-17,2024-04-21,3,1,A,BB,India,Online,Confirmed,8,8167.65
100610,Resort Hotel,2024-07-14,2024-09-08,3,1,A,BB,USA,Groups,Confirmed,9,6626.49
100611,City Hotel,2024-11-22,2024-12-24,1,0,A,BB,USA,Online,Confirmed,2,6710.54
100612,Resort Hotel,2024-11-13,2025-03-09,2,1,A,SC,Australia,Online,Cancelled,5,9743.85
100613,City Hotel,2024-10-23,2024-11-01,2,0,C,HB,Canada,Online,Confirmed,2,5801.66
100614,City Hotel,2024-09-08,2024-12-22,2,2,A,HB,UK,Direct,Confirmed,8,7321.52
100615,Resort Hotel,2024-04-28,2024-07-15,2,2,A,BB,UAE,Online,Cancelled,4,4511.28
100616,Resort Hotel,2024-06-10,2024-11-18,2,1,C,HB,UK,Offline,Cancelled,4,9752.98
100617,City Hotel,2024-07-16,2024-10-11,2,0,C,HB,Canada,Online,Confirmed,10,7743.35
100618,City Hotel,2024-02-14,2024-03-06,2,1,B,SC,France,Online,Confirmed,8,4923.1
100619,Resort Hotel,2024-11-09,2025-01-03,1,0,A,BB,UK,Online,Confirmed,7,5026.38
100620,Resort Hotel,2024-06-27,2024-09-11,2,0,A,BB,Australia,Direct,Confirmed,1,5288.6
100621,City Hotel,2024-02-13,2024-06-22,2,1,C,FB,Australia,Online,Confirmed,7,9143.27
100622,City Hotel,2024-09-27,2025-02-15,2,0,C,HB,Canada,Online,Confirmed,10,8153.37
100623,City Hotel,2024-03-18,2024-07-22,2,0,A,BB,USA,Online,Confirmed,3,10311.33
100624,City Hotel,2024-11-21,2025-04-02,3,1,E,BB,Australia,Corporate,Checked-Out,5,7929.53
100625,City Hotel,2024-06-26,2024-09-18,3,1,A,SC,France,Online,Checked-Out,8,5413.21
100626,City Hotel,2024-12-22,2025-06-18,2,1,A,BB,USA,Online,Confirmed,6,11647.27
100627,City Hotel,2024-01-03,2024-04-27,2,0,B,BB,India,Direct,Confirmed,8,10917.99
100628,Resort Hotel,2024-08-01,2024-09-18,2,0,A,BB,UAE,Online,Confirmed,5,5148.8
100629,City Hotel,2024-12-07,2025-04-09,2,0,E,BB,India,Online,Confirmed,10,11170.58
100630,City Hotel,2024-03-14,2024-05-31,1,1,A,HB,Canada,Direct,Cancelled,9,9341.18
100631,Resort Hotel,2024-02-20,2024-03-21,2,0,A,BB,UK,Online,Checked-Out,6,6439.59
100632,Resort Hotel,2024-03-07,2024-04-05,2,1,A,BB,UAE,Online,Checked-Out,9,6935.33
100633,City Hotel,2024-11-27,2025-04-12,2,0,B,BB,France,Online,Checked-Out,4,6740.62
100634,City Hotel,2024-04-02,2024-08-20,3,2,A,SC,Australia,Online,Checked-Out,2,10070.2
100635,City Hotel,2024-06-24,2024-08-04,3,0,A,FB,Germany,Groups,Confirmed,8,4167.29
100636,City Hotel,2024-05-24,2024-06-19,2,0,A,HB,India,Online,Checked-Out,5,3057.34
100637,City Hotel,2024-01-07,2024-02-26,2,0,B,HB,Australia,Direct,Confirmed,2,7235.35
100638,City Hotel,2024-09-25,2024-09-27,1,1,C,BB,UAE,Direct,Checked-Out,6,5258.89
100639,City Hotel,2024-11-17,2025-01-11,3,0,C,FB,Canada,Corporate,Confirmed,3,7857.28
100640,City Hotel,2024-01-04,2024-04-17,3,0,B,HB,India,Corporate,Confirmed,1,11792.85
100641,City Hotel,2024-05-17,2024-05-31,4,0,A,FB,India,Online,Confirmed,6,8878.8
100642,City Hotel,2024-08-18,2024-12-30,2,1,D,BB,UAE,Online,Confirmed,8,11612.57
100643,City Hotel,2024-03-28,2024-08-03,3,0,B,BB,India,Offline,Cancelled,1,9454.52
100644,City Hotel,2024-01-17,2024-04-30,2,0,A,HB,UK,Direct,Checked-Out,3,3221.19
100645,City Hotel,2024-02-21,2024-05-26,3,0,B,BB,France,Online,Confirmed,6,10948.36
100646,Resort Hotel,2024-05-13,2024-08-02,3,1,C,BB,India,Online,Confirmed,10,4389.74
100647,City Hotel,2024-07-29,2024-09-28,2,0,A,HB,Australia,Online,Confirmed,3,10715.5
100648,Resort Hotel,2024-11-20,2024-12-02,2,2,A,BB,Australia,Offline,Confirmed,7,9616.29
100649,Resort Hotel,2024-08-06,2024-08-19,3,2,A,HB,Canada,Direct,Confirmed,6,10466.87
100650,City Hotel,2024-07-23,2024-12-17,2,0,D,BB,UK,Direct,Confirmed,9,4909.01
100651,City Hotel,2024-07-29,2025-01-17,1,0,A,HB,France,Online,Confirmed,6,10170.27
100652,City Hotel,2024-10-03,2024-12-31,1,0,B,BB,UAE,Online,Checked-Out,7,8298.34
100653,City Hotel,2024-01-24,2024-04-28,2,2,A,SC,France,Online,Checked-Out,2,3277.79
100654,Resort Hotel,2024-01-04,2024-03-03,2,0,A,BB,Canada,Online,Confirmed,10,10946.75
100655,City Hotel,2024-05-31,2024-07-07,1,0,A,HB,Germany,Online,Checked-Out,4,10829.71
100656,City Hotel,2024-09-15,2024-10-10,2,0,A,BB,USA,Online,Confirmed,5,7933.92
100657,City Hotel,2024-11-19,2024-12-05,2,0,A,BB,India,Online,Cancelled,2,6799.93
100658,City Hotel,2024-12-22,2025-06-06,2,0,C,HB,UK,Corporate,Cancelled,10,6305.2
100659,City Hotel,2024-06-16,2024-12-04,2,0,B,SC,UAE,Online,Confirmed,10,8226.0
100660,City Hotel,2024-06-24,2024-09-19,1,0,C,BB,France,Online,Confirmed,10,10496.06
100661,City Hotel,2024-11-05,2025-03-27,2,0,A,BB,Germany,Offline,Checked-Out,7,7876.31
100662,Resort Hotel,2024-10-17,2025-02-28,2,0,D,BB,USA,Online,Confirmed,4,3731.69
100663,City Hotel,2024-02-25,2024-03-19,3,0,E,BB,France,Online,Confirmed,9,5408.61
100664,City Hotel,2024-04-17,2024-08-21,2,0,A,SC,UAE,Offline,Checked-Out,8,8848.34
100665,City Hotel,2024-10-22,2024-12-21,3,1,E,BB,France,Direct,Confirmed,10,8644.84
100666,City Hotel,2024-11-19,2025-04-08,2,0,A,HB,India,Corporate,Confirmed,9,7429.53
100667,City Hotel,2024-10-28,2025-03-18,4,0,C,BB,USA,Online,Checked-Out,8,4784.54
100668,City Hotel,2024-11-29,2025-03-09,2,0,A,BB,USA,Groups,Checked-Out,5,5070.51
100669,City Hotel,2024-05-20,2024-08-31,2,0,B,BB,Canada,Online,Checked-Out,9,7100.37
100670,City Hotel,2024-06-03,2024-10-15,1,0,B,BB,UK,Groups,Confirmed,5,6247.71
100671,City Hotel,2024-09-18,2024-11-20,2,0,A,BB,Germany,Offline,Confirmed,8,5501.4
100672,Resort Hotel,2024-09-29,2024-11-06,2,0,C,BB,Canada,Direct,Checked-Out,4,10379.85
100673,City Hotel,2024-08-19,2024-12-25,1,1,B,FB,Australia,Direct,Cancelled,5,7288.18
100674,City Hotel,2024-08-28,2024-10-17,2,0,B,BB,UK,Corporate,Cancelled,4,7279.15
100675,City Hotel,2024-12-20,2025-06-18,3,0,E,BB,Germany,Online,Checked-Out,2,6566.53
100676,Resort Hotel,2024-12-02,2025-01-11,2,1,E,BB,UAE,Direct,Checked-Out,4,8968.58
100677,City Hotel,2024-09-14,2024-09-22,1,0,E,BB,Canada,Offline,Cancelled,5,4168.67
100678,City Hotel,2024-09-05,2024-09-13,1,1,D,BB,UK,Online,Confirmed,6,11464.09
100679,Resort Hotel,2024-03-17,2024-06-29,1,0,A,BB,UAE,Offline,Confirmed,4,3493.82
100680,Resort Hotel,2024-06-28,2024-08-01,3,0,A,FB,UAE,Corporate,Confirmed,10,9247.85
100681,Resort Hotel,2024-03-06,2024-05-02,3,0,A,SC,Germany,Corporate,Confirmed,4,9190.88
100682,City Hotel,2024-11-03,2025-04-26,3,2,E,FB,UAE,Online,Confirmed,6,3582.41
100683,City Hotel,2024-12-13,2025-01-04,3,0,A,BB,Australia,Online,Cancelled,7,11933.91
100684,Resort Hotel,2024-06-19,2024-09-14,2,0,A,BB,India,Groups,Cancelled,7,2825.98
100685,Resort Hotel,2024-01-22,2024-03-02,2,0,A,SC,Germany,Online,Cancelled,4,5964.55
100686,City Hotel,2024-04-16,2024-10-06,2,0,A,HB,Australia,Direct,Confirmed,5,6535.32
100687,City Hotel,2024-11-18,2025-05-16,3,1,A,BB,UAE,Corporate,Confirmed,3,10126.66
100688,City Hotel,2024-08-14,2024-11-08,3,0,B,BB,UK,Online,Confirmed,5,2783.27
100689,Resort Hotel,2024-08-03,2024-12-14,2,1,A,BB,USA,Corporate,Cancelled,10,7791.69
100690,City Hotel,2024-03-09,2024-06-12,2,0,B,HB,France,Online,Cancelled,5,4438.01
100691,City Hotel,2024-03-24,2024-04-06,3,1,D,FB,Australia,Direct,Confirmed,4,7939.59
100692,City Hotel,2024-04-12,2024-05-10,1,0,C,BB,Australia,Online,Confirmed,6,8640.3
100693,City Hotel,2024-02-08,2024-05-02,3,1,A,BB,Australia,Direct,Confirmed,5,2824.34
100694,City Hotel,2024-01-13,2024-03-15,2,0,E,BB,Germany,Offline,Checked-Out,8,3140.91
100695,City Hotel,2024-10-23,2025-01-24,2,1,C,BB,Canada,Online,Confirmed,2,3309.63
100696,City Hotel,2024-11-08,2025-02-03,2,0,A,HB,Germany,Online,Cancelled,6,10596.64
100697,City Hotel,2024-06-29,2024-07-23,2,0,C,HB,USA,Online,Confirmed,2,11303.34
100698,City Hotel,2024-09-24,2024-12-31,2,1,C,BB,India,Online,Confirmed,6,6658.37
100699,City Hotel,2024-01-13,2024-01-20,2,0,B,HB,UAE,Direct,Confirmed,4,10810.56
100700,City Hotel,2024-04-29,2024-10-12,3,1,A,BB,UK,Offline,Checked-Out,1,7024.0
100701,City Hotel,2024-12-18,2025-01-24,2,0,B,HB,India,Groups,Confirmed,6,6310.7
100702,City Hotel,2024-02-26,2024-05-04,3,0,C,HB,UAE,Online,Checked-Out,3,7546.83
100703,City Hotel,2024-02-09,2024-07-28,2,1,A,BB,Canada,Corporate,Checked-Out,7,10006.76
100704,City Hotel,2024-12-01,2025-02-25,3,0,C,HB,Germany,Direct,Cancelled,3,4625.78
100705,City Hotel,2024-05-07,2024-09-17,2,0,A,BB,Germany,Groups,Confirmed,10,5366.45
100706,Resort Hotel,2024-06-21,2024-12-16,2,2,B,BB,Australia,Online,Checked-Out,4,10564.31
100707,City Hotel,2024-02-04,2024-05-01,1,0,A,BB,Australia,Offline,Confirmed,9,11201.78
100708,Resort Hotel,2024-09-15,2024-09-30,2,0,A,BB,India,Groups,Confirmed,7,3668.59
100709,City Hotel,2024-01-05,2024-05-07,3,0,D,HB,UK,Offline,Cancelled,4,9196.88
100710,Resort Hotel,2024-08-05,2024-11-20,2,1,C,BB,Germany,Direct,Confirmed,2,2591.39
100711,Resort Hotel,2024-01-11,2024-06-12,2,2,A,HB,Germany,Online,Confirmed,5,4838.78
100712,City Hotel,2024-11-22,2025-02-19,3,2,A,SC,Canada,Direct,Checked-Out,8,3151.96
100713,City Hotel,2024-04-26,2024-08-29,2,0,C,BB,UAE,Online,Checked-Out,2,7396.22
100714,City Hotel,2024-07-02,2024-10-23,3,0,D,BB,India,Online,Confirmed,9,5762.15
100715,City Hotel,2024-12-27,2025-05-13,2,0,C,BB,France,Online,Confirmed,5,3807.08
100716,Resort Hotel,2024-04-25,2024-10-08,3,0,B,BB,Australia,Online,Checked-Out,6,2503.05
100717,Resort Hotel,2024-06-10,2024-11-07,2,0,E,BB,USA,Online,Cancelled,7,6189.68
100718,Resort Hotel,2024-03-07,2024-06-22,4,0,C,HB,Germany,Online,Confirmed,9,5297.48
100719,City Hotel,2024-07-18,2024-10-13,2,1,A,BB,UK,Online,Confirmed,7,2943.54
100720,Resort Hotel,2024-01-31,2024-07-26,2,1,B,HB,UAE,Online,Confirmed,4,10591.8
100721,Resort Hotel,2024-03-15,2024-05-22,1,0,A,BB,France,Online,Confirmed,5,6402.39
100722,City Hotel,2024-08-24,2024-09-08,2,2,C,BB,India,Offline,Checked-Out,3,9860.45
100723,City Hotel,2024-11-22,2025-01-26,1,2,A,BB,Canada,Direct,Checked-Out,1,6509.4
100724,Resort Hotel,2024-03-06,2024-04-29,2,0,A,BB,UAE,Corporate,Confirmed,3,3141.4
100725,City Hotel,2024-03-10,2024-08-15,2,0,A,BB,UAE,Online,Confirmed,1,6245.5
100726,Resort Hotel,2024-10-23,2025-01-24,3,0,A,HB,India,Offline,Checked-Out,5,10918.26
100727,City Hotel,2024-01-20,2024-02-09,1,0,A,HB,Canada,Groups,Cancelled,7,2573.84
100728,Resort Hotel,2024-08-13,2024-09-15,3,0,C,BB,UK,Online,Confirmed,9,11005.38
100729,City Hotel,2024-07-17,2024-10-25,1,0,A,HB,Canada,Online,Confirmed,4,8738.91
100730,City Hotel,2024-02-08,2024-04-25,2,2,B,BB,Australia,Direct,Confirmed,10,11958.52
100731,City Hotel,2024-05-24,2024-10-06,3,0,B,BB,Australia,Direct,Checked-Out,10,11203.12
100732,Resort Hotel,2024-02-14,2024-06-29,3,0,B,FB,France,Online,Cancelled,1,10755.05
100733,Resort Hotel,2024-11-21,2025-04-26,2,0,B,SC,UK,Groups,Confirmed,7,2856.34
100734,City Hotel,2024-03-31,2024-09-20,1,0,A,FB,Germany,Online,Checked-Out,3,5162.36
100735,City Hotel,2024-08-25,2024-12-10,2,0,A,BB,France,Corporate,Checked-Out,1,6060.07
100736,Resort Hotel,2024-03-10,2024-07-08,2,0,D,SC,USA,Online,Confirmed,4,9148.31
100737,City Hotel,2024-06-14,2024-08-27,2,2,B,HB,USA,Online,Cancelled,9,8662.09
100738,Resort Hotel,2024-05-09,2024-05-20,2,0,C,BB,UK,Online,Cancelled,6,4131.11
100739,City Hotel,2024-08-01,2024-09-01,2,1,B,SC,UAE,Online,Cancelled,6,9499.94
100740,City Hotel,2024-12-05,2024-12-17,1,0,A,FB,USA,Groups,Cancelled,7,3978.47
100741,City Hotel,2024-03-29,2024-07-31,3,0,C,HB,UK,Direct,Cancelled,1,6836.12
100742,City Hotel,2024-11-30,2025-02-16,3,0,A,FB,Canada,Offline,Checked-Out,5,7998.03
100743,Resort Hotel,2024-09-08,2025-03-06,1,1,E,BB,Germany,Groups,Confirmed,4,10771.48
100744,City Hotel,2024-12-14,2025-06-04,2,1,A,HB,Australia,Online,Confirmed,4,8497.56
100745,City Hotel,2024-03-12,2024-06-16,1,0,B,BB,Germany,Online,Confirmed,7,11571.02
100746,Resort Hotel,2024-06-13,2024-08-02,3,0,A,SC,UK,Groups,Confirmed,2,11947.69
100747,City Hotel,2024-02-18,2024-06-14,2,0,D,HB,Germany,Direct,Confirmed,5,7333.81
100748,City Hotel,2024-02-21,2024-03-09,2,1,E,FB,USA,Direct,Confirmed,7,2989.06
100749,Resort Hotel,2024-10-15,2025-03-27,1,0,A,BB,Canada,Online,Checked-Out,3,2769.03
100750,City Hotel,2024-10-04,2025-02-10,1,0,A,HB,Germany,Offline,Checked-Out,2,10628.66
100751,City Hotel,2024-04-23,2024-09-27,2,0,A,BB,Canada,Direct,Checked-Out,1,7248.58
100752,Resort Hotel,2024-08-26,2025-02-21,3,0,C,HB,USA,Offline,Checked-Out,5,5984.54
100753,City Hotel,2024-05-12,2024-07-15,1,1,A,HB,Australia,Groups,Confirmed,5,5202.33
100754,City Hotel,2024-09-30,2025-02-09,2,0,B,BB,UAE,Direct,Confirmed,4,5177.0
100755,City Hotel,2024-06-14,2024-09-09,2,0,A,BB,Australia,Direct,Confirmed,8,3191.79
100756,Resort Hotel,2024-10-19,2025-03-24,2,0,C,BB,USA,Online,Confirmed,2,5378.43
100757,City Hotel,2024-08-30,2024-09-15,2,0,B,BB,Canada,Online,Checked-Out,4,8625.66
100758,City Hotel,2024-11-15,2025-01-17,2,0,C,BB,India,Direct,Cancelled,5,6159.49
100759,Resort Hotel,2024-05-17,2024-08-01,2,1,C,BB,Germany,Online,Confirmed,9,11504.27
100760,Resort Hotel,2024-03-19,2024-06-12,4,0,A,BB,Germany,Groups,Confirmed,3,8847.62
100761,City Hotel,2024-06-18,2024-10-05,3,0,B,FB,UK,Direct,Confirmed,1,10707.78
100762,City Hotel,2024-05-02,2024-05-19,2,0,B,SC,UAE,Groups,Confirmed,4,3584.52
100763,City Hotel,2024-06-24,2024-12-09,3,0,B,HB,UK,Online,Confirmed,10,6779.9
100764,Resort Hotel,2024-10-26,2025-03-16,4,0,A,BB,Canada,Groups,Cancelled,6,2893.67
100765,City Hotel,2024-03-22,2024-09-18,1,1,C,HB,France,Direct,Checked-Out,7,11002.63
100766,City Hotel,2024-03-27,2024-05-24,1,0,E,BB,USA,Offline,Checked-Out,4,3895.25
100767,Resort Hotel,2024-08-12,2025-01-24,1,1,E,HB,Australia,Online,Confirmed,4,10151.5
100768,Resort Hotel,2024-01-16,2024-04-04,2,0,C,BB,Australia,Direct,Confirmed,6,11276.21
100769,City Hotel,2024-11-05,2025-01-05,3,0,A,BB,India,Direct,Checked-Out,1,6697.94
100770,Resort Hotel,2024-12-23,2025-04-15,2,0,A,HB,USA,Online,Checked-Out,5,6198.93
100771,City Hotel,2024-06-11,2024-10-10,2,1,A,BB,Germany,Online,Cancelled,3,8201.12
100772,Resort Hotel,2024-04-07,2024-05-11,2,2,A,FB,France,Offline,Checked-Out,8,9533.14
100773,City Hotel,2024-06-04,2024-08-13,1,1,A,HB,UAE,Online,Confirmed,5,8633.29
100774,City Hotel,2024-01-02,2024-01-19,2,1,A,BB,USA,Online,Confirmed,7,2510.97
100775,Resort Hotel,2024-12-15,2025-01-04,1,0,D,HB,France,Online,Checked-Out,8,9966.39
100776,City Hotel,2024-06-17,2024-08-15,1,0,E,BB,USA,Offline,Confirmed,8,3900.19
100777,City Hotel,2024-11-10,2025-01-18,3,2,E,BB,Canada,Direct,Cancelled,2,6771.92
100778,Resort Hotel,2024-11-20,2025-04-30,3,1,A,BB,Germany,Online,Confirmed,2,5182.39
100779,Resort Hotel,2024-04-01,2024-07-12,3,0,E,BB,Germany,Online,Confirmed,10,11315.12
100780,City Hotel,2024-06-29,2024-10-27,3,0,A,BB,UAE,Offline,Confirmed,5,7270.03
100781,Resort Hotel,2024-08-18,2025-01-10,3,0,B,BB,USA,Online,Confirmed,3,7460.53
100782,City Hotel,2024-10-27,2024-12-23,2,0,B,BB,Australia,Online,Confirmed,10,3223.4
100783,City Hotel,2024-05-27,2024-08-18,2,0,B,BB,Canada,Online,Confirmed,1,11024.93
100784,City Hotel,2024-10-06,2025-02-12,2,0,E,HB,Australia,Online,Cancelled,8,4770.76
100785,City Hotel,2024-07-07,2024-07-20,2,0,A,BB,India,Direct,Checked-Out,6,6432.6
100786,Resort Hotel,2024-12-12,2025-05-16,2,1,B,BB,Germany,Direct,Checked-Out,3,11860.3
100787,City Hotel,2024-12-15,2024-12-21,3,1,A,BB,UAE,Corporate,Confirmed,8,3582.0
100788,City Hotel,2024-11-09,2025-02-14,2,1,D,BB,Canada,Online,Checked-Out,1,9326.01
100789,City Hotel,2024-05-07,2024-08-09,2,1,A,SC,UK,Online,Confirmed,3,4971.28
100790,Resort Hotel,2024-01-07,2024-04-26,2,0,C,HB,India,Online,Cancelled,9,6488.01
100791,City Hotel,2024-02-16,2024-07-16,2,1,C,FB,USA,Online,Confirmed,6,6472.83
100792,City Hotel,2024-02-22,2024-07-09,4,0,C,BB,India,Online,Confirmed,1,11356.21
100793,City Hotel,2024-07-05,2024-08-25,2,2,B,HB,UK,Direct,Checked-Out,9,2598.44
100794,City Hotel,2024-02-07,2024-07-03,2,0,A,SC,Germany,Online,Confirmed,7,5988.44
100795,City Hotel,2024-08-13,2024-10-03,2,1,B,BB,Germany,Corporate,Confirmed,1,10598.02
100796,Resort Hotel,2024-02-22,2024-05-19,3,0,E,BB,Australia,Direct,Confirmed,1,11149.87
100797,Resort Hotel,2024-08-11,2024-10-18,2,0,D,BB,Germany,Online,Confirmed,5,5457.58
100798,City Hotel,2024-06-02,2024-08-25,2,0,A,SC,Canada,Online,Cancelled,4,4798.57
100799,Resort Hotel,2024-02-17,2024-03-30,3,0,A,BB,Australia,Direct,Checked-Out,8,6882.06
100800,Resort Hotel,2024-12-16,2025-02-11,2,0,B,HB,UAE,Offline,Cancelled,2,9585.48
100801,Resort Hotel,2024-05-26,2024-11-08,2,0,C,BB,UK,Offline,Checked-Out,6,3963.37
100802,City Hotel,2024-03-04,2024-05-05,2,1,A,SC,India,Online,Checked-Out,8,9952.43
100803,City Hotel,2024-12-14,2024-12-21,3,0,C,HB,USA,Direct,Confirmed,1,7370.39
100804,City Hotel,2024-06-30,2024-10-20,2,0,E,FB,USA,Online,Confirmed,3,3837.65
100805,City Hotel,2024-05-04,2024-10-29,2,0,B,FB,Canada,Direct,Confirmed,1,8881.71
100806,Resort Hotel,2024-06-27,2024-12-24,1,0,A,HB,UAE,Offline,Confirmed,7,8467.91
100807,Resort Hotel,2024-02-08,2024-03-05,1,0,E,HB,India,Direct,Cancelled,1,8412.45
100808,Resort Hotel,2024-09-16,2025-02-17,2,0,B,HB,UAE,Online,Confirmed,9,9670.47
100809,City Hotel,2024-01-03,2024-01-22,1,2,A,BB,Germany,Direct,Confirmed,8,4221.62
100810,City Hotel,2024-03-04,2024-03-13,1,0,A,BB,Australia,Offline,Confirmed,3,9126.22
100811,Resort Hotel,2024-01-29,2024-03-30,2,1,A,BB,USA,Online,Confirmed,4,10929.3
100812,Resort Hotel,2024-01-11,2024-01-31,2,1,C,BB,Germany,Direct,Cancelled,9,7537.96
100813,City Hotel,2024-04-06,2024-07-21,2,1,A,SC,Canada,Online,Checked-Out,10,7117.28
100814,Resort Hotel,2024-12-23,2025-02-11,2,0,A,BB,France,Online,Confirmed,6,10078.99
100815,Resort Hotel,2024-07-21,2024-10-10,2,0,C,HB,France,Online,Cancelled,5,3889.24
100816,City Hotel,2024-01-21,2024-06-19,2,0,A,BB,Canada,Online,Confirmed,5,5738.3
100817,City Hotel,2024-02-08,2024-06-28,4,1,A,BB,USA,Online,Confirmed,1,10610.95
100818,City Hotel,2024-08-10,2024-12-28,2,0,C,BB,India,Online,Confirmed,1,7247.86
100819,City Hotel,2024-04-11,2024-04-21,2,2,D,BB,India,Direct,Confirmed,3,10484.14
100820,City Hotel,2024-02-15,2024-04-20,2,0,A,BB,UAE,Online,Cancelled,2,4892.75
100821,Resort Hotel,2024-03-06,2024-08-11,2,0,A,HB,India,Groups,Confirmed,10,6200.96
100822,City Hotel,2024-03-31,2024-04-08,3,0,C,HB,Germany,Online,Confirmed,1,10324.38
100823,City Hotel,2024-06-12,2024-11-08,2,0,B,HB,France,Direct,Confirmed,5,4053.21
100824,City Hotel,2024-04-20,2024-05-12,2,1,A,HB,Germany,Online,Cancelled,3,11000.39
100825,City Hotel,2024-12-03,2024-12-21,2,0,A,SC,UK,Online,Cancelled,7,5443.7
100826,Resort Hotel,2024-05-02,2024-10-25,2,0,A,HB,UK,Direct,Checked-Out,8,11740.62
100827,City Hotel,2024-07-11,2024-12-30,2,0,C,BB,UAE,Direct,Confirmed,10,10363.41
100828,City Hotel,2024-04-08,2024-04-17,2,0,B,BB,USA,Corporate,Cancelled,6,6828.06
100829,Resort Hotel,2024-10-17,2024-12-10,3,0,D,BB,UK,Corporate,Confirmed,5,9551.32
100830,City Hotel,2024-06-07,2024-07-03,3,0,B,BB,India,Direct,Confirmed,10,7774.99
100831,City Hotel,2024-04-12,2024-07-15,2,0,B,BB,USA,Online,Cancelled,5,10605.85
100832,City Hotel,2024-10-07,2025-01-15,2,0,E,SC,France,Direct,Cancelled,1,7422.03
100833,City Hotel,2024-02-12,2024-03-09,3,0,A,BB,Australia,Online,Checked-Out,6,11885.96
100834,City Hotel,2024-03-24,2024-04-27,1,0,B,HB,France,Online,Checked-Out,6,3768.32
100835,City Hotel,2024-07-09,2024-07-17,2,0,A,BB,UAE,Online,Checked-Out,3,8926.46
100836,City Hotel,2024-02-20,2024-07-07,3,1,A,BB,Canada,Online,Checked-Out,4,4833.71
100837,Resort Hotel,2024-07-28,2024-09-14,2,1,A,FB,UK,Online,Cancelled,4,4316.66
100838,City Hotel,2024-05-05,2024-08-20,1,1,A,BB,Canada,Direct,Confirmed,6,6378.38
100839,City Hotel,2024-03-09,2024-05-02,2,2,E,FB,UAE,Corporate,Confirmed,8,5990.89
100840,City Hotel,2024-09-21,2025-03-08,2,0,B,BB,UK,Online,Checked-Out,9,2940.19
100841,City Hotel,2024-09-14,2025-01-11,4,0,D,FB,France,Groups,Confirmed,9,6563.37
100842,Resort Hotel,2024-07-06,2024-11-26,2,0,A,HB,Canada,Online,Confirmed,5,11543.22
100843,City Hotel,2024-08-17,2024-11-06,4,0,B,HB,UK,Online,Confirmed,8,6935.32
100844,Resort Hotel,2024-07-07,2024-11-30,2,0,A,FB,UK,Direct,Confirmed,8,5367.24
100845,City Hotel,2024-01-10,2024-04-15,2,1,B,BB,Germany,Offline,Cancelled,10,11516.22
100846,City Hotel,2024-04-23,2024-08-03,2,0,B,BB,Australia,Direct,Cancelled,4,7304.36
100847,City Hotel,2024-03-16,2024-08-14,2,0,A,BB,Australia,Direct,Cancelled,4,5227.47
100848,Resort Hotel,2024-06-12,2024-08-13,2,0,C,BB,UAE,Offline,Cancelled,3,9938.4
100849,City Hotel,2024-03-25,2024-05-10,2,0,A,BB,France,Direct,Confirmed,5,4624.33
100850,City Hotel,2024-02-18,2024-05-15,3,0,B,FB,France,Corporate,Confirmed,8,4853.62
100851,City Hotel,2024-11-21,2025-02-28,4,1,B,BB,UK,Offline,Checked-Out,8,5581.15
100852,Resort Hotel,2024-06-25,2024-08-03,2,0,E,SC,India,Online,Confirmed,9,6250.3
100853,City Hotel,2024-08-05,2024-12-26,1,1,A,SC,Germany,Offline,Confirmed,1,8037.35
100854,Resort Hotel,2024-07-07,2024-08-29,3,2,B,HB,India,Online,Cancelled,4,7395.2
100855,City Hotel,2024-12-11,2025-03-01,2,0,B,SC,UK,Offline,Confirmed,6,9565.44
100856,City Hotel,2024-08-17,2024-09-02,1,0,A,HB,UAE,Online,Confirmed,5,9313.12
100857,City Hotel,2024-09-11,2024-12-24,3,1,B,BB,France,Online,Confirmed,4,2932.82
100858,City Hotel,2024-08-23,2024-11-01,1,0,A,HB,Canada,Groups,Confirmed,3,3772.09
100859,City Hotel,2024-01-26,2024-06-15,2,0,A,HB,Canada,Online,Confirmed,2,4544.32
100860,City Hotel,2024-03-12,2024-06-28,2,1,A,BB,UAE,Corporate,Checked-Out,9,8177.81
100861,Resort Hotel,2024-09-17,2024-11-03,2,0,D,BB,India,Online,Cancelled,10,11005.01
100862,City Hotel,2024-09-10,2024-09-19,2,0,A,BB,Australia,Online,Confirmed,3,5586.61
100863,City Hotel,2024-09-27,2024-10-31,2,0,B,BB,USA,Groups,Cancelled,4,11655.57
100864,City Hotel,2024-05-02,2024-10-06,4,0,A,SC,India,Online,Confirmed,1,4142.18
100865,City Hotel,2024-05-23,2024-11-04,2,0,A,BB,France,Corporate,Confirmed,1,11284.96
100866,City Hotel,2024-09-13,2025-03-03,2,0,A,BB,Australia,Online,Checked-Out,10,10109.52
100867,City Hotel,2024-05-23,2024-08-17,2,0,B,BB,UK,Offline,Checked-Out,9,6195.82
100868,City Hotel,2024-09-15,2025-01-08,3,0,A,BB,India,Corporate,Cancelled,4,4459.97
100869,Resort Hotel,2024-02-16,2024-04-20,4,2,A,BB,UK,Direct,Checked-Out,10,6217.28
100870,Resort Hotel,2024-12-16,2025-05-17,3,1,D,BB,Germany,Groups,Checked-Out,4,4530.52
100871,City Hotel,2024-01-13,2024-02-16,2,0,B,SC,USA,Online,Cancelled,6,7830.94
100872,City Hotel,2024-07-26,2025-01-18,4,0,A,BB,Canada,Corporate,Checked-Out,2,7960.78
100873,City Hotel,2024-11-06,2024-11-18,2,0,B,HB,France,Direct,Confirmed,6,9797.8
100874,City Hotel,2024-08-22,2025-01-20,2,0,A,BB,France,Online,Confirmed,7,7514.72
100875,City Hotel,2024-05-28,2024-09-02,2,1,B,SC,UK,Direct,Checked-Out,1,5778.89
100876,City Hotel,2024-11-17,2025-03-18,2,0,A,HB,USA,Direct,Confirmed,8,11160.19
100877,Resort Hotel,2024-06-03,2024-10-22,3,0,A,HB,Australia,Corporate,Confirmed,6,3240.99
100878,Resort Hotel,2024-06-14,2024-09-09,2,0,A,HB,France,Online,Confirmed,9,10183.43
100879,City Hotel,2024-03-30,2024-07-10,1,1,A,HB,India,Online,Checked-Out,4,6390.96
100880,City Hotel,2024-07-04,2024-10-08,2,2,D,BB,France,Online,Confirmed,2,4220.44
100881,City Hotel,2024-11-13,2025-05-05,2,0,A,BB,India,Online,Confirmed,9,3643.38
100882,Resort Hotel,2024-12-23,2025-04-16,2,0,A,BB,France,Online,Confirmed,8,4597.26
100883,City Hotel,2024-06-22,2024-08-08,2,0,B,BB,India,Direct,Cancelled,2,3658.58
100884,City Hotel,2024-08-04,2024-10-01,1,0,B,BB,Germany,Online,Confirmed,8,6859.84
100885,Resort Hotel,2024-09-20,2025-01-31,2,0,A,FB,UAE,Offline,Cancelled,8,5822.05
100886,City Hotel,2024-04-06,2024-08-05,3,2,A,BB,UK,Corporate,Checked-Out,5,5887.6
100887,Resort Hotel,2024-04-26,2024-08-22,3,0,A,BB,UAE,Online,Confirmed,7,3990.25
100888,City Hotel,2024-07-17,2024-07-22,4,1,A,SC,Australia,Online,Checked-Out,7,8767.55
100889,City Hotel,2024-11-15,2025-02-19,3,2,A,SC,Australia,Corporate,Confirmed,4,8274.07
100890,City Hotel,2024-01-21,2024-02-11,1,0,A,SC,Germany,Offline,Confirmed,6,11831.72
100891,Resort Hotel,2024-07-18,2024-12-17,3,0,C,HB,Canada,Corporate,Cancelled,10,4092.62
100892,Resort Hotel,2024-12-06,2025-04-13,2,1,E,BB,Australia,Direct,Checked-Out,6,10423.15
100893,Resort Hotel,2024-09-04,2025-01-06,3,0,B,FB,India,Online,Confirmed,6,2821.78
100894,City Hotel,2024-10-02,2025-02-25,2,0,A,BB,Australia,Direct,Cancelled,9,3196.53
100895,Resort Hotel,2024-09-20,2024-10-11,3,0,C,BB,UK,Corporate,Confirmed,2,8656.49
100896,City Hotel,2024-02-27,2024-04-21,2,0,B,BB,USA,Online,Confirmed,10,6361.46
100897,City Hotel,2024-10-28,2025-03-15,1,0,D,HB,India,Online,Cancelled,8,4689.76
100898,Resort Hotel,2024-01-31,2024-07-01,2,0,B,BB,Canada,Online,Confirmed,8,2526.19
100899,City Hotel,2024-09-05,2024-12-18,2,0,B,HB,Canada,Direct,Checked-Out,1,8799.89
100900,City Hotel,2024-04-02,2024-07-22,4,0,A,BB,Canada,Direct,Confirmed,2,6688.06
100901,City Hotel,2024-09-21,2025-01-15,2,0,A,BB,Australia,Direct,Cancelled,4,4122.48
100902,City Hotel,2024-09-27,2024-11-23,2,0,A,BB,France,Online,Cancelled,5,11736.13
100903,City Hotel,2024-04-03,2024-08-09,3,0,A,BB,France,Direct,Cancelled,5,5833.0
100904,City Hotel,2024-06-02,2024-10-31,2,0,A,SC,USA,Groups,Confirmed,6,5379.07
100905,City Hotel,2024-10-11,2025-03-10,2,0,B,SC,Germany,Direct,Confirmed,7,7347.99
100906,Resort Hotel,2024-03-20,2024-08-29,2,1,B,BB,India,Corporate,Checked-Out,1,5133.46
100907,Resort Hotel,2024-10-18,2025-02-15,2,1,E,SC,France,Online,Checked-Out,7,5091.24
100908,City Hotel,2024-03-24,2024-06-02,3,1,A,HB,Canada,Direct,Cancelled,6,11679.72
100909,City Hotel,2024-12-30,2025-06-04,3,2,A,BB,UK,Online,Cancelled,5,4980.9
100910,City Hotel,2024-02-06,2024-05-11,4,0,D,HB,USA,Online,Checked-Out,6,8251.93
100911,City Hotel,2024-12-07,2025-03-16,1,0,E,SC,Germany,Online,Confirmed,8,2855.74
100912,City Hotel,2024-11-22,2025-05-08,2,0,B,BB,UAE,Online,Confirmed,6,3966.32
100913,City Hotel,2024-08-19,2024-09-30,1,1,A,BB,Canada,Direct,Checked-Out,5,2709.76
100914,City Hotel,2024-04-02,2024-08-31,3,1,B,BB,Germany,Offline,Confirmed,6,7577.53
100915,City Hotel,2024-12-01,2025-02-09,1,0,A,BB,UK,Corporate,Checked-Out,9,7170.26
100916,City Hotel,2024-04-11,2024-04-13,1,0,D,BB,Australia,Online,Confirmed,1,5643.76
100917,City Hotel,2024-06-14,2024-11-13,2,0,C,HB,UK,Corporate,Confirmed,3,9152.67
100918,Resort Hotel,2024-06-07,2024-10-30,2,0,A,FB,UAE,Direct,Cancelled,3,8445.05
100919,Resort Hotel,2024-01-14,2024-05-02,3,0,D,BB,Australia,Corporate,Confirmed,9,8203.25
100920,City Hotel,2024-08-12,2024-10-16,2,2,B,BB,USA,Online,Cancelled,3,5694.45
100921,Resort Hotel,2024-03-13,2024-05-22,2,0,E,HB,UK,Online,Cancelled,6,5607.88
100922,City Hotel,2024-09-05,2024-11-13,2,2,E,BB,UAE,Direct,Confirmed,9,10797.76
100923,Resort Hotel,2024-03-31,2024-07-30,3,0,A,FB,France,Direct,Confirmed,10,7667.67
100924,Resort Hotel,2024-08-03,2024-11-20,2,0,A,SC,Germany,Groups,Confirmed,5,5086.22
100925,City Hotel,2024-03-30,2024-05-29,2,1,B,SC,Canada,Online,Cancelled,10,7660.6
100926,City Hotel,2024-01-29,2024-07-25,2,0,E,HB,Canada,Direct,Confirmed,9,5034.32
100927,City Hotel,2024-10-31,2025-02-01,2,0,E,BB,UAE,Online,Cancelled,9,4260.34
100928,City Hotel,2024-08-07,2024-08-19,3,0,B,BB,Australia,Online,Confirmed,6,5180.68
100929,City Hotel,2024-11-23,2025-03-06,1,1,A,HB,UK,Corporate,Cancelled,8,8474.48
100930,City Hotel,2024-08-02,2025-01-24,3,0,A,SC,India,Offline,Checked-Out,9,7400.46
100931,City Hotel,2024-08-08,2024-11-28,2,0,C,BB,UK,Corporate,Checked-Out,9,4062.75
100932,Resort Hotel,2024-02-11,2024-04-16,3,0,B,BB,Canada,Online,Checked-Out,8,11125.17
100933,Resort Hotel,2024-05-14,2024-10-16,3,1,B,FB,Australia,Online,Confirmed,4,7233.81
100934,City Hotel,2024-02-11,2024-03-30,2,2,B,BB,UAE,Online,Checked-Out,8,10040.39
100935,City Hotel,2024-06-12,2024-09-08,2,0,C,BB,Germany,Online,Confirmed,2,5641.54
100936,City Hotel,2024-12-26,2025-02-26,2,0,D,SC,France,Direct,Confirmed,3,11596.81
100937,City Hotel,2024-10-09,2024-11-22,2,2,A,BB,Canada,Direct,Confirmed,9,9644.88
100938,Resort Hotel,2024-02-27,2024-07-23,2,0,A,BB,UAE,Corporate,Cancelled,10,6817.82
100939,City Hotel,2024-10-28,2025-03-13,2,0,C,HB,Canada,Direct,Checked-Out,4,11071.78
100940,City Hotel,2024-11-17,2025-01-11,3,0,E,HB,UK,Direct,Checked-Out,2,9315.93
100941,City Hotel,2024-01-25,2024-05-12,2,0,A,BB,France,Direct,Confirmed,3,6590.02
100942,City Hotel,2024-03-13,2024-04-29,3,0,A,BB,India,Online,Confirmed,7,11754.31
100943,Resort Hotel,2024-05-08,2024-05-10,2,0,A,HB,Australia,Online,Cancelled,9,5336.16
100944,Resort Hotel,2024-03-27,2024-07-18,2,0,A,BB,Germany,Online,Checked-Out,7,4937.42
100945,City Hotel,2024-11-25,2025-05-11,3,1,A,BB,USA,Offline,Confirmed,8,10999.23
100946,City Hotel,2024-06-01,2024-11-21,2,0,B,BB,Canada,Offline,Checked-Out,3,9220.03
100947,City Hotel,2024-06-30,2024-12-07,2,0,A,HB,Canada,Corporate,Cancelled,7,5782.34
100948,Resort Hotel,2024-05-04,2024-10-17,3,1,B,HB,Germany,Direct,Cancelled,1,4702.12
100949,Resort Hotel,2024-03-07,2024-03-18,3,1,A,HB,Australia,Direct,Confirmed,6,4191.36
100950,City Hotel,2024-01-06,2024-05-23,2,0,A,HB,USA,Online,Checked-Out,3,5478.22
100951,City Hotel,2024-05-04,2024-08-24,2,0,B,HB,UAE,Online,Checked-Out,2,3692.63
100952,Resort Hotel,2024-11-09,2025-02-07,2,0,B,BB,USA,Online,Confirmed,4,3880.81
100953,City Hotel,2024-11-21,2025-01-15,1,0,A,FB,Germany,Groups,Confirmed,9,9877.93
100954,Resort Hotel,2024-02-22,2024-07-19,1,0,D,FB,Australia,Online,Checked-Out,6,3105.72
100955,City Hotel,2024-03-06,2024-03-23,2,0,A,BB,USA,Direct,Confirmed,9,6673.24
100956,City Hotel,2024-11-09,2025-01-16,2,0,A,BB,Australia,Offline,Confirmed,8,6347.49
100957,City Hotel,2024-03-22,2024-08-02,3,1,B,HB,France,Online,Confirmed,5,11621.81
100958,City Hotel,2024-03-27,2024-08-25,3,0,D,HB,UAE,Direct,Cancelled,8,6922.65
100959,City Hotel,2024-01-02,2024-06-24,2,0,A,BB,India,Offline,Confirmed,2,4028.13
100960,Resort Hotel,2024-07-22,2024-09-12,1,0,A,HB,UK,Direct,Confirmed,8,3339.84
100961,City Hotel,2024-05-29,2024-10-14,2,0,B,HB,Australia,Corporate,Confirmed,1,9458.17
100962,City Hotel,2024-10-19,2025-04-11,2,0,A,FB,Australia,Online,Confirmed,3,3903.5
100963,City Hotel,2024-04-12,2024-09-15,2,1,C,BB,USA,Corporate,Cancelled,7,11410.84
100964,City Hotel,2024-01-24,2024-04-30,1,0,A,BB,Canada,Online,Confirmed,4,7812.53
100965,City Hotel,2024-07-30,2025-01-17,2,1,D,HB,Australia,Online,Checked-Out,7,6316.12
100966,City Hotel,2024-03-05,2024-08-06,3,0,A,FB,Australia,Direct,Confirmed,1,9001.16
100967,Resort Hotel,2024-07-27,2024-09-13,3,0,E,BB,Canada,Online,Cancelled,7,4389.82
100968,City Hotel,2024-09-07,2024-10-06,3,0,A,HB,USA,Offline,Cancelled,3,6131.45
100969,City Hotel,2024-04-26,2024-05-23,2,0,D,BB,Germany,Online,Confirmed,2,2817.43
100970,City Hotel,2024-04-25,2024-09-18,2,1,A,HB,Australia,Corporate,Checked-Out,9,10837.94
100971,Resort Hotel,2024-08-24,2024-12-06,1,1,A,SC,Canada,Online,Checked-Out,2,6539.94
100972,Resort Hotel,2024-04-14,2024-06-13,3,0,A,HB,Canada,Groups,Confirmed,3,9708.84
100973,Resort Hotel,2024-09-15,2024-12-30,2,1,D,SC,France,Online,Confirmed,3,11210.12
100974,City Hotel,2024-02-15,2024-04-24,2,2,A,HB,UK,Online,Checked-Out,4,8701.53
100975,City Hotel,2024-11-06,2025-02-28,2,0,A,FB,Australia,Corporate,Cancelled,7,6069.59
100976,City Hotel,2024-11-26,2024-12-17,2,2,A,BB,USA,Groups,Cancelled,7,8385.52
100977,City Hotel,2024-08-03,2025-01-02,1,0,E,BB,France,Offline,Checked-Out,9,5923.14
100978,City Hotel,2024-10-27,2025-02-06,1,1,A,BB,UAE,Online,Cancelled,10,7889.48
100979,City Hotel,2024-11-28,2025-04-08,2,0,A,BB,UK,Direct,Confirmed,8,6605.57
100980,City Hotel,2024-01-24,2024-04-28,2,0,E,BB,Germany,Direct,Confirmed,6,3923.75
100981,City Hotel,2024-02-04,2024-05-19,1,0,E,HB,Australia,Corporate,Confirmed,6,9910.96
100982,Resort Hotel,2024-01-24,2024-05-28,1,0,A,SC,USA,Direct,Cancelled,5,7215.98
100983,City Hotel,2024-01-28,2024-01-30,3,2,D,HB,Germany,Online,Confirmed,2,4306.36
100984,City Hotel,2024-01-16,2024-03-22,2,0,A,BB,Australia,Offline,Confirmed,6,10972.38
100985,Resort Hotel,2024-02-28,2024-06-20,2,0,A,SC,Germany,Offline,Checked-Out,6,10605.58
100986,City Hotel,2024-08-30,2025-02-16,2,0,D,BB,USA,Corporate,Confirmed,5,7808.85
100987,Resort Hotel,2024-07-25,2025-01-03,4,0,C,HB,France,Corporate,Confirmed,6,11718.03
100988,City Hotel,2024-09-27,2024-11-08,1,0,A,FB,France,Direct,Confirmed,5,11308.12
100989,City Hotel,2024-09-05,2024-09-25,2,0,A,SC,UAE,Online,Confirmed,4,11021.56
100990,Resort Hotel,2024-09-23,2024-12-29,2,0,A,BB,Germany,Corporate,Confirmed,3,3766.27
100991,Resort Hotel,2024-07-11,2024-09-17,1,0,C,FB,Germany,Direct,Checked-Out,1,5298.98
100992,Resort Hotel,2024-11-30,2025-05-22,2,0,E,HB,Australia,Online,Checked-Out,4,6396.81
100993,City Hotel,2024-08-05,2024-10-19,2,0,A,BB,Canada,Offline,Confirmed,9,10403.14
100994,City Hotel,2024-04-24,2024-08-27,4,2,D,BB,UAE,Offline,Cancelled,7,10776.74
100995,City Hotel,2024-03-08,2024-08-25,3,0,A,BB,India,Groups,Cancelled,7,9639.11
100996,City Hotel,2024-10-25,2024-12-11,3,0,C,BB,UK,Online,Confirmed,7,6987.79
100997,Resort Hotel,2024-11-20,2024-11-25,1,0,A,HB,UAE,Direct,Confirmed,4,4038.06
100998,City Hotel,2024-03-15,2024-05-03,3,0,B,BB,Australia,Offline,Checked-Out,7,2834.36
100999,Resort Hotel,2024-04-12,2024-08-14,1,0,A,HB,Germany,Online,Checked-Out,2,9143.37
101000,City Hotel,2024-10-23,2024-11-29,2,0,E,HB,Germany,Corporate,Confirmed,8,11944.46
101001,City Hotel,2024-06-26,2024-12-05,3,0,A,FB,UK,Groups,Confirmed,10,5781.99
101002,City Hotel,2024-08-02,2024-12-26,2,0,A,BB,USA,Direct,Cancelled,8,7902.95
101003,Resort Hotel,2024-11-10,2024-11-29,2,0,D,FB,Canada,Groups,Confirmed,9,10200.53
101004,Resort Hotel,2024-02-08,2024-03-19,1,1,A,SC,France,Direct,Confirmed,5,4271.58
101005,Resort Hotel,2024-09-15,2024-10-02,2,0,A,HB,USA,Online,Confirmed,10,10380.79
101006,Resort Hotel,2024-07-22,2024-10-29,3,0,B,HB,Canada,Online,Confirmed,8,8440.76
101007,Resort Hotel,2024-01-07,2024-04-09,2,0,D,BB,UK,Corporate,Checked-Out,2,7913.56
101008,Resort Hotel,2024-02-18,2024-03-31,1,0,A,SC,UK,Online,Confirmed,10,9741.68
101009,City Hotel,2024-01-26,2024-05-28,2,0,A,HB,India,Direct,Cancelled,10,4789.01
101010,City Hotel,2024-06-09,2024-09-24,3,0,A,BB,UAE,Online,Checked-Out,8,8340.41
101011,City Hotel,2024-12-22,2025-03-04,1,0,E,BB,Australia,Groups,Confirmed,10,4783.57
101012,Resort Hotel,2024-06-24,2024-08-28,2,0,A,HB,Australia,Online,Confirmed,9,4205.59
101013,Resort Hotel,2024-03-19,2024-07-06,3,0,A,BB,Australia,Direct,Checked-Out,6,8421.87
101014,City Hotel,2024-01-02,2024-02-24,1,0,B,HB,Canada,Direct,Checked-Out,6,5058.17
101015,Resort Hotel,2024-05-11,2024-09-23,2,0,A,BB,Australia,Offline,Cancelled,4,9286.6
101016,Resort Hotel,2024-10-02,2025-02-12,3,0,A,HB,India,Online,Cancelled,8,7387.61
101017,City Hotel,2024-04-26,2024-05-20,2,0,E,HB,France,Groups,Confirmed,7,9102.06
101018,City Hotel,2024-06-12,2024-07-10,3,0,A,FB,Australia,Direct,Cancelled,9,10970.38
101019,Resort Hotel,2024-10-14,2024-12-15,1,0,C,HB,Germany,Online,Cancelled,1,3813.34
101020,City Hotel,2024-01-28,2024-02-14,3,1,D,HB,UK,Direct,Confirmed,10,3134.02
101021,Resort Hotel,2024-11-28,2024-12-18,3,0,A,SC,India,Direct,Confirmed,8,6299.21
101022,City Hotel,2024-01-01,2024-01-04,2,2,A,HB,UAE,Direct,Confirmed,8,9308.72
101023,Resort Hotel,2024-07-06,2024-12-18,1,0,E,FB,USA,Corporate,Confirmed,9,10918.44
101024,Resort Hotel,2024-02-25,2024-07-17,4,0,C,BB,Australia,Online,Checked-Out,7,2830.55
101025,Resort Hotel,2024-02-04,2024-03-26,2,0,A,FB,India,Online,Cancelled,9,10033.1
101026,City Hotel,2024-04-21,2024-10-14,2,0,A,BB,USA,Online,Confirmed,10,3216.46
101027,Resort Hotel,2024-10-12,2025-02-25,2,0,B,SC,India,Groups,Checked-Out,8,8015.47
101028,Resort Hotel,2024-11-05,2025-03-26,3,0,A,BB,USA,Corporate,Confirmed,9,5768.98
101029,City Hotel,2024-02-05,2024-07-30,3,0,B,BB,India,Online,Checked-Out,9,2667.71
101030,Resort Hotel,2024-08-04,2024-08-07,2,2,E,BB,India,Online,Checked-Out,1,3422.39
101031,City Hotel,2024-03-20,2024-06-01,2,0,A,BB,Canada,Online,Checked-Out,3,5860.4
101032,City Hotel,2024-11-09,2025-04-17,3,2,D,BB,Australia,Offline,Confirmed,6,11560.66
101033,City Hotel,2024-03-23,2024-07-06,3,0,C,BB,France,Online,Confirmed,7,3970.9
101034,City Hotel,2024-03-05,2024-07-01,2,0,A,SC,Germany,Direct,Confirmed,4,5083.78
101035,City Hotel,2024-11-20,2025-04-23,4,0,C,BB,UK,Online,Confirmed,10,11944.26
101036,Resort Hotel,2024-05-07,2024-06-10,3,0,B,BB,Germany,Corporate,Checked-Out,2,7065.89
101037,City Hotel,2024-11-02,2025-03-19,2,0,A,HB,France,Online,Confirmed,4,4991.33
101038,Resort Hotel,2024-01-22,2024-03-24,3,0,A,BB,Canada,Online,Confirmed,6,8351.42
101039,City Hotel,2024-08-03,2024-12-01,2,0,B,FB,Australia,Direct,Cancelled,4,6642.31
101040,City Hotel,2024-04-16,2024-08-09,1,0,B,BB,USA,Direct,Confirmed,10,10653.93
101041,City Hotel,2024-04-18,2024-05-01,2,0,E,HB,Canada,Corporate,Confirmed,2,2575.8
101042,Resort Hotel,2024-12-22,2025-03-01,3,0,D,BB,UAE,Online,Checked-Out,9,11969.38
101043,City Hotel,2024-06-29,2024-12-15,4,2,A,BB,Germany,Direct,Confirmed,1,3129.97
101044,City Hotel,2024-12-21,2025-03-08,2,0,C,HB,UK,Online,Confirmed,10,7602.68
101045,Resort Hotel,2024-06-12,2024-06-13,2,1,A,BB,Australia,Direct,Checked-Out,7,9125.3
101046,City Hotel,2024-03-08,2024-06-05,2,0,A,SC,UK,Online,Cancelled,9,7723.39
101047,City Hotel,2024-10-18,2024-12-04,3,0,A,BB,UAE,Online,Cancelled,3,5357.35
101048,City Hotel,2024-06-28,2024-07-02,3,0,B,FB,UAE,Online,Checked-Out,6,10626.61
101049,Resort Hotel,2024-06-29,2024-12-26,2,0,A,SC,USA,Online,Checked-Out,9,6589.02
101050,City Hotel,2024-06-17,2024-06-27,2,2,A,BB,Canada,Direct,Confirmed,9,5356.66
101051,Resort Hotel,2024-01-22,2024-02-19,2,0,A,FB,Canada,Direct,Confirmed,4,9799.17
101052,City Hotel,2024-03-06,2024-07-05,2,2,A,BB,UK,Online,Cancelled,8,3885.63
101053,Resort Hotel,2024-01-21,2024-05-26,2,1,E,HB,France,Online,Checked-Out,8,4447.59
101054,Resort Hotel,2024-04-09,2024-08-21,3,0,E,HB,Germany,Online,Cancelled,7,4901.31
101055,Resort Hotel,2024-10-26,2025-03-30,1,0,C,BB,UK,Online,Confirmed,6,6631.37
101056,City Hotel,2024-04-12,2024-08-30,2,0,B,BB,Germany,Online,Cancelled,3,2693.19
101057,Resort Hotel,2024-02-16,2024-04-18,2,0,C,HB,India,Online,Confirmed,4,11921.87
101058,City Hotel,2024-02-08,2024-08-06,2,0,C,FB,UAE,Online,Checked-Out,9,8201.43
101059,City Hotel,2024-10-11,2025-04-05,2,0,C,SC,UAE,Offline,Confirmed,10,11721.83
101060,City Hotel,2024-11-05,2025-01-11,2,0,A,HB,Germany,Direct,Checked-Out,7,10170.81
101061,Resort Hotel,2024-03-30,2024-09-20,2,0,A,BB,USA,Direct,Cancelled,8,3775.94
101062,Resort Hotel,2024-03-25,2024-06-07,3,0,A,FB,France,Corporate,Cancelled,6,4486.15
101063,Resort Hotel,2024-09-29,2025-01-02,2,1,A,FB,Australia,Groups,Confirmed,1,2827.27
101064,City Hotel,2024-12-01,2025-04-23,3,0,A,BB,UK,Online,Confirmed,9,10421.01
101065,City Hotel,2024-07-06,2024-08-11,2,0,C,BB,Australia,Online,Checked-Out,3,8137.85
101066,Resort Hotel,2024-06-07,2024-10-27,2,0,C,FB,France,Groups,Confirmed,3,4543.12
101067,City Hotel,2024-08-30,2024-12-20,2,1,A,FB,Germany,Corporate,Confirmed,9,11715.81
101068,City Hotel,2024-03-13,2024-07-22,4,0,A,BB,UK,Corporate,Confirmed,4,9499.02
101069,City Hotel,2024-02-18,2024-06-10,2,2,B,SC,France,Direct,Confirmed,8,9202.43
101070,City Hotel,2024-04-10,2024-07-29,2,2,A,BB,USA,Direct,Confirmed,4,5036.44
101071,City Hotel,2024-01-02,2024-04-25,3,1,A,SC,India,Direct,Confirmed,2,5477.05
101072,City Hotel,2024-08-31,2024-11-06,2,0,D,BB,Canada,Direct,Cancelled,5,8845.8
101073,City Hotel,2024-06-24,2024-10-28,3,0,B,BB,India,Online,Cancelled,3,8138.74
101074,City Hotel,2024-08-25,2024-11-19,2,2,D,BB,USA,Corporate,Checked-Out,4,8649.19
101075,Resort Hotel,2024-02-28,2024-03-18,2,1,D,FB,Australia,Offline,Confirmed,3,10848.82
101076,City Hotel,2024-12-18,2025-02-25,2,1,D,BB,India,Direct,Confirmed,1,4023.81
101077,City Hotel,2024-04-08,2024-04-18,3,0,A,FB,USA,Online,Confirmed,4,3605.17
101078,Resort Hotel,2024-12-24,2025-06-03,2,0,A,BB,Germany,Corporate,Checked-Out,9,7864.02
101079,City Hotel,2024-01-02,2024-05-22,2,0,A,HB,Australia,Online,Confirmed,7,7251.48
101080,Resort Hotel,2024-08-30,2025-01-05,1,1,A,BB,Australia,Groups,Cancelled,6,6327.26
101081,Resort Hotel,2024-10-23,2025-01-30,2,1,B,BB,Canada,Direct,Confirmed,10,11094.77
101082,City Hotel,2024-07-29,2025-01-24,3,0,C,BB,USA,Online,Confirmed,9,7804.61
101083,City Hotel,2024-05-02,2024-06-03,2,0,E,BB,India,Direct,Confirmed,4,7888.89
101084,Resort Hotel,2024-08-16,2024-12-06,2,0,D,HB,Canada,Corporate,Checked-Out,6,5981.08
101085,Resort Hotel,2024-03-22,2024-04-15,2,0,B,BB,Canada,Online,Confirmed,3,5768.68
101086,City Hotel,2024-05-23,2024-06-27,2,0,B,BB,Germany,Online,Checked-Out,3,11882.24
101087,City Hotel,2024-05-19,2024-08-10,2,0,A,BB,Australia,Direct,Checked-Out,10,8419.19
101088,City Hotel,2024-01-29,2024-04-08,2,0,A,BB,USA,Offline,Confirmed,10,10338.6
101089,Resort Hotel,2024-09-26,2025-03-13,3,0,D,BB,USA,Online,Checked-Out,8,6750.85
101090,City Hotel,2024-09-03,2024-12-21,4,2,A,BB,UAE,Corporate,Confirmed,5,4322.62
101091,Resort Hotel,2024-01-12,2024-07-02,2,0,B,HB,Canada,Online,Confirmed,8,5585.99
101092,City Hotel,2024-12-20,2025-03-29,3,1,D,BB,UAE,Online,Confirmed,9,5788.21
101093,City Hotel,2024-12-02,2025-01-04,1,1,A,HB,Australia,Online,Confirmed,2,7866.67
101094,City Hotel,2024-04-15,2024-06-10,2,0,E,BB,Australia,Online,Confirmed,7,3968.85
101095,City Hotel,2024-02-01,2024-07-14,2,1,A,BB,Germany,Offline,Confirmed,2,6176.67
101096,City Hotel,2024-03-14,2024-08-08,2,2,D,FB,UAE,Groups,Confirmed,7,3455.48
101097,City Hotel,2024-06-19,2024-12-07,2,0,A,SC,Australia,Online,Cancelled,3,7217.04
101098,City Hotel,2024-12-02,2024-12-14,3,0,A,BB,UK,Online,Confirmed,8,11500.53
101099,Resort Hotel,2024-03-09,2024-03-20,3,0,A,BB,UAE,Groups,Confirmed,4,5719.87
101100,City Hotel,2024-10-27,2025-01-05,1,1,C,BB,India,Online,Checked-Out,9,2972.27
101101,City Hotel,2024-12-27,2025-05-16,2,0,D,FB,Australia,Online,Cancelled,4,8283.22
101102,Resort Hotel,2024-05-16,2024-06-26,4,0,B,HB,UK,Online,Checked-Out,2,8529.93
101103,Resort Hotel,2024-04-09,2024-09-09,2,1,E,FB,UAE,Corporate,Checked-Out,4,7055.91
101104,Resort Hotel,2024-05-25,2024-09-08,2,2,D,BB,Germany,Online,Cancelled,5,6270.17
101105,Resort Hotel,2024-01-09,2024-01-12,2,0,A,HB,Germany,Direct,Checked-Out,8,10980.31
101106,City Hotel,2024-03-02,2024-03-05,2,0,C,HB,France,Direct,Confirmed,3,11415.15
101107,City Hotel,2024-07-03,2024-09-25,2,0,A,HB,UAE,Online,Confirmed,9,8895.04
101108,Resort Hotel,2024-01-29,2024-07-03,3,0,B,BB,France,Online,Confirmed,9,7261.64
101109,Resort Hotel,2024-04-23,2024-09-21,3,2,A,HB,Germany,Groups,Confirmed,10,3141.7
101110,City Hotel,2024-05-22,2024-11-14,2,0,A,FB,UAE,Offline,Cancelled,3,5359.86
101111,Resort Hotel,2024-04-29,2024-10-16,3,0,B,SC,France,Direct,Checked-Out,8,5208.37
101112,City Hotel,2024-06-18,2024-10-03,2,1,A,BB,USA,Online,Cancelled,6,3053.3
101113,City Hotel,2024-06-05,2024-11-20,1,0,B,HB,UK,Online,Confirmed,6,10511.95
101114,City Hotel,2024-11-30,2025-04-13,3,1,E,SC,Germany,Direct,Confirmed,2,10736.95
101115,City Hotel,2024-12-14,2025-01-03,2,0,A,BB,USA,Online,Cancelled,8,11167.52
101116,City Hotel,2024-09-16,2025-02-02,2,1,C,BB,India,Groups,Confirmed,7,9547.19
101117,City Hotel,2024-03-22,2024-06-26,2,2,B,BB,UAE,Online,Confirmed,2,9249.88
101118,Resort Hotel,2024-08-29,2024-12-31,4,0,A,BB,India,Direct,Checked-Out,4,7039.35
101119,City Hotel,2024-06-20,2024-11-22,3,1,C,SC,France,Online,Checked-Out,5,10645.28
101120,City Hotel,2024-08-18,2024-09-08,3,2,A,BB,France,Direct,Checked-Out,9,7346.28
101121,Resort Hotel,2024-07-26,2024-11-17,1,2,A,HB,USA,Direct,Confirmed,10,2781.59
101122,Resort Hotel,2024-03-15,2024-03-28,3,0,A,BB,India,Online,Confirmed,2,8056.65
101123,Resort Hotel,2024-09-26,2024-12-21,2,0,B,BB,Australia,Online,Confirmed,7,6209.35
101124,Resort Hotel,2024-04-23,2024-05-28,4,0,B,FB,Germany,Direct,Cancelled,5,7452.33
101125,Resort Hotel,2024-03-02,2024-04-18,1,0,A,HB,UAE,Groups,Confirmed,2,6686.71
101126,City Hotel,2024-12-27,2025-06-01,2,0,A,BB,Australia,Direct,Confirmed,10,7219.58
101127,City Hotel,2024-11-15,2025-04-13,2,0,D,SC,UAE,Online,Checked-Out,3,3531.44
101128,City Hotel,2024-04-11,2024-09-04,3,0,D,BB,UK,Offline,Checked-Out,5,2638.07
101129,City Hotel,2024-12-27,2025-06-04,3,0,B,BB,Canada,Online,Cancelled,10,5731.78
101130,City Hotel,2024-07-28,2024-11-30,2,1,A,HB,France,Online,Checked-Out,1,4918.12
101131,Resort Hotel,2024-09-11,2024-12-30,2,1,A,BB,USA,Online,Checked-Out,7,4875.55
101132,City Hotel,2024-01-20,2024-02-26,3,0,D,HB,Australia,Online,Confirmed,1,11402.4
101133,City Hotel,2024-02-27,2024-03-19,1,0,A,HB,France,Online,Cancelled,6,10280.36
101134,City Hotel,2024-04-21,2024-05-05,3,1,A,BB,USA,Corporate,Confirmed,6,2627.02
101135,Resort Hotel,2024-11-08,2025-02-07,3,0,B,HB,India,Online,Confirmed,1,2582.83
101136,City Hotel,2024-07-14,2024-09-12,1,0,C,BB,France,Online,Confirmed,7,9880.55
101137,Resort Hotel,2024-12-18,2025-04-21,1,1,B,HB,Canada,Online,Confirmed,8,11856.18
101138,City Hotel,2024-04-01,2024-04-24,2,0,A,BB,UAE,Direct,Checked-Out,3,6919.46
101139,City Hotel,2024-02-21,2024-06-11,1,1,C,SC,Australia,Online,Checked-Out,10,6614.73
101140,City Hotel,2024-10-19,2025-02-20,2,1,B,FB,USA,Online,Confirmed,1,5120.33
101141,Resort Hotel,2024-01-08,2024-06-13,3,0,C,BB,USA,Online,Confirmed,2,8833.02
101142,City Hotel,2024-10-26,2025-04-19,2,1,A,SC,UAE,Online,Confirmed,1,6980.67
101143,Resort Hotel,2024-04-07,2024-05-07,2,0,C,HB,Australia,Online,Confirmed,9,4091.43
101144,City Hotel,2024-08-23,2024-12-16,2,1,B,HB,Canada,Direct,Confirmed,4,7073.06
101145,City Hotel,2024-03-09,2024-06-07,2,1,B,FB,France,Online,Checked-Out,7,6075.52
101146,Resort Hotel,2024-02-14,2024-03-23,3,0,B,BB,UK,Online,Confirmed,5,10953.16
101147,Resort Hotel,2024-05-16,2024-08-07,1,0,A,BB,Germany,Online,Confirmed,9,9830.07
101148,Resort Hotel,2024-08-21,2024-09-17,2,0,A,BB,Canada,Direct,Cancelled,9,9161.85
101149,Resort Hotel,2024-02-01,2024-05-15,3,0,A,BB,India,Corporate,Checked-Out,6,5608.02
101150,Resort Hotel,2024-10-15,2025-02-08,2,2,A,BB,Australia,Direct,Checked-Out,5,3826.35
101151,Resort Hotel,2024-05-05,2024-05-20,2,0,B,BB,Canada,Groups,Cancelled,10,10714.45
101152,Resort Hotel,2024-03-07,2024-03-10,2,0,C,BB,Australia,Groups,Confirmed,1,5756.1
101153,Resort Hotel,2024-01-30,2024-02-09,3,0,A,HB,France,Online,Cancelled,4,8133.09
101154,Resort Hotel,2024-04-23,2024-08-21,2,0,E,BB,France,Online,Checked-Out,5,8112.84
101155,City Hotel,2024-07-22,2024-12-14,3,1,A,BB,UK,Offline,Confirmed,9,11316.5
101156,Resort Hotel,2024-01-29,2024-06-05,3,0,A,BB,India,Online,Checked-Out,2,4131.37
101157,City Hotel,2024-05-10,2024-05-21,2,1,A,HB,France,Direct,Confirmed,2,9830.63
101158,Resort Hotel,2024-07-03,2024-12-26,2,1,C,FB,UK,Groups,Cancelled,3,6894.61
101159,Resort Hotel,2024-09-09,2025-01-20,1,0,C,BB,Australia,Direct,Confirmed,3,4160.14
101160,City Hotel,2024-10-12,2024-12-20,2,0,E,HB,Germany,Online,Checked-Out,7,10438.57
101161,Resort Hotel,2024-03-02,2024-05-05,3,0,A,FB,USA,Corporate,Confirmed,1,10291.32
101162,City Hotel,2024-01-03,2024-01-17,2,0,A,SC,Germany,Online,Confirmed,2,2881.73
101163,City Hotel,2024-03-08,2024-04-27,2,0,C,HB,Germany,Groups,Checked-Out,1,9239.68
101164,Resort Hotel,2024-01-25,2024-06-27,3,2,C,BB,Germany,Online,Confirmed,9,3958.44
101165,City Hotel,2024-06-27,2024-09-07,2,2,E,BB,Germany,Online,Checked-Out,10,8298.42
101166,Resort Hotel,2024-05-20,2024-07-28,2,0,A,BB,USA,Corporate,Confirmed,9,8616.12
101167,Resort Hotel,2024-08-18,2024-12-31,2,0,C,HB,Australia,Online,Checked-Out,3,8819.82
101168,City Hotel,2024-10-26,2025-03-02,2,0,A,BB,India,Online,Confirmed,3,3640.92
101169,City Hotel,2024-06-11,2024-06-27,4,1,B,HB,India,Online,Cancelled,1,8184.0
101170,City Hotel,2024-11-06,2025-01-23,2,0,A,BB,Australia,Direct,Checked-Out,5,3448.7
101171,City Hotel,2024-05-09,2024-08-18,2,0,C,BB,UK,Groups,Confirmed,3,9582.76
101172,Resort Hotel,2024-09-02,2024-10-28,2,0,B,SC,UK,Online,Checked-Out,2,3105.57
101173,City Hotel,2024-10-23,2025-02-05,2,0,A,SC,France,Online,Cancelled,3,9699.2
101174,City Hotel,2024-06-20,2024-10-30,2,0,A,HB,UAE,Direct,Confirmed,8,10893.18
101175,City Hotel,2024-03-04,2024-04-21,2,0,A,BB,Germany,Online,Confirmed,8,5336.15
101176,City Hotel,2024-01-31,2024-02-17,3,0,A,SC,Germany,Direct,Checked-Out,1,9893.77
101177,Resort Hotel,2024-02-16,2024-06-06,3,0,A,BB,USA,Online,Checked-Out,2,6466.45
101178,City Hotel,2024-05-09,2024-10-20,2,1,A,HB,Germany,Online,Cancelled,1,10078.28
101179,Resort Hotel,2024-12-17,2025-02-25,2,0,C,BB,USA,Online,Confirmed,8,9019.4
101180,City Hotel,2024-11-28,2025-02-16,1,0,A,HB,France,Online,Confirmed,1,5246.83
101181,Resort Hotel,2024-04-19,2024-07-21,1,2,A,HB,Canada,Corporate,Confirmed,6,4340.47
101182,City Hotel,2024-03-09,2024-04-16,2,0,E,FB,UK,Online,Confirmed,10,11190.05
101183,City Hotel,2024-02-27,2024-06-07,2,0,A,HB,UK,Offline,Confirmed,8,10470.3
101184,Resort Hotel,2024-04-15,2024-06-16,2,1,C,SC,France,Corporate,Checked-Out,8,8769.07
101185,City Hotel,2024-10-26,2025-02-24,2,0,B,BB,UAE,Online,Confirmed,7,5819.03
101186,Resort Hotel,2024-11-25,2025-01-12,3,0,E,HB,France,Offline,Cancelled,8,7349.36
101187,Resort Hotel,2024-09-12,2024-09-22,2,1,A,BB,Australia,Online,Confirmed,8,7799.71
101188,City Hotel,2024-11-07,2024-12-13,3,1,C,BB,Germany,Corporate,Checked-Out,10,3317.66
101189,City Hotel,2024-06-19,2024-11-23,2,0,A,HB,UK,Online,Confirmed,3,11736.22
101190,Resort Hotel,2024-06-10,2024-06-14,2,0,E,FB,India,Online,Confirmed,2,3372.28
101191,City Hotel,2024-10-12,2024-11-25,3,0,A,BB,UAE,Groups,Cancelled,4,9355.99
101192,City Hotel,2024-03-11,2024-05-06,2,2,B,BB,France,Groups,Confirmed,5,7181.62
101193,City Hotel,2024-09-11,2024-10-23,3,2,A,BB,UK,Direct,Confirmed,2,9718.85
101194,City Hotel,2024-02-24,2024-06-17,1,0,E,FB,UAE,Online,Checked-Out,8,4978.84
101195,City Hotel,2024-11-18,2025-04-08,2,0,C,BB,UK,Offline,Confirmed,8,6253.55
101196,Resort Hotel,2024-01-03,2024-06-25,2,0,A,BB,UAE,Direct,Checked-Out,4,7492.26
101197,Resort Hotel,2024-01-26,2024-07-05,2,0,A,BB,USA,Online,Cancelled,5,3646.97
101198,Resort Hotel,2024-11-08,2024-11-29,3,0,A,BB,Canada,Online,Confirmed,5,10592.46
101199,Resort Hotel,2024-05-05,2024-07-23,3,0,A,HB,UK,Offline,Confirmed,5,11919.61
101200,City Hotel,2024-02-22,2024-05-01,3,0,A,SC,France,Offline,Cancelled,9,6467.08
101201,Resort Hotel,2024-07-16,2024-09-24,2,0,E,BB,Canada,Groups,Cancelled,9,6079.76
101202,City Hotel,2024-10-25,2024-12-31,2,1,C,BB,Canada,Online,Checked-Out,4,8143.77
101203,City Hotel,2024-07-06,2024-08-23,2,1,E,FB,Germany,Direct,Confirmed,1,9042.35
101204,City Hotel,2024-07-04,2024-12-12,2,1,A,FB,UAE,Online,Cancelled,8,10751.48
101205,City Hotel,2024-10-31,2024-12-06,4,0,C,BB,UAE,Corporate,Checked-Out,1,6042.46
101206,Resort Hotel,2024-10-24,2025-04-03,2,1,B,BB,UK,Direct,Confirmed,7,9765.86
101207,Resort Hotel,2024-07-22,2024-12-28,2,1,A,SC,India,Online,Checked-Out,4,4780.77
101208,City Hotel,2024-01-11,2024-06-08,2,0,B,HB,France,Direct,Confirmed,1,8964.26
101209,City Hotel,2024-12-24,2025-01-20,3,0,A,SC,Germany,Online,Confirmed,4,6934.08
101210,Resort Hotel,2024-12-19,2025-03-01,3,2,E,BB,Australia,Online,Confirmed,7,8785.97
101211,City Hotel,2024-05-25,2024-09-03,2,0,B,HB,Germany,Online,Confirmed,8,6108.17
101212,City Hotel,2024-03-25,2024-06-29,1,0,D,HB,France,Corporate,Confirmed,2,5296.22
101213,City Hotel,2024-04-09,2024-08-15,2,0,C,FB,Australia,Online,Confirmed,9,7116.91
101214,Resort Hotel,2024-04-13,2024-05-09,2,0,B,SC,Germany,Online,Confirmed,5,11003.48
101215,Resort Hotel,2024-02-15,2024-04-21,4,0,B,BB,UAE,Online,Confirmed,8,8911.09
101216,City Hotel,2024-02-13,2024-07-02,2,0,A,HB,India,Direct,Confirmed,2,8310.74
101217,City Hotel,2024-10-04,2024-10-26,2,0,A,BB,UK,Online,Confirmed,2,9338.72
101218,Resort Hotel,2024-06-29,2024-07-16,2,0,C,FB,France,Corporate,Checked-Out,4,9426.56
101219,Resort Hotel,2024-07-05,2024-07-12,2,1,E,HB,UK,Offline,Checked-Out,4,5300.07
101220,City Hotel,2024-04-23,2024-08-08,3,2,A,FB,UK,Direct,Checked-Out,3,4711.01
101221,Resort Hotel,2024-09-11,2024-11-18,1,0,E,BB,Germany,Corporate,Confirmed,5,7336.75
101222,City Hotel,2024-01-30,2024-06-06,2,0,A,BB,France,Online,Confirmed,2,3904.45
101223,City Hotel,2024-09-20,2024-10-27,4,0,B,BB,UK,Online,Confirmed,1,7010.04
101224,Resort Hotel,2024-04-07,2024-05-15,2,0,A,BB,USA,Online,Confirmed,4,9083.93
101225,City Hotel,2024-11-08,2025-02-12,3,2,A,BB,UAE,Direct,Checked-Out,6,2570.4
101226,City Hotel,2024-11-24,2025-04-12,2,0,A,SC,India,Groups,Checked-Out,6,3555.9
101227,City Hotel,2024-04-24,2024-04-25,2,0,A,BB,Australia,Offline,Confirmed,2,11640.46
101228,City Hotel,2024-10-02,2025-03-04,1,0,A,HB,Germany,Offline,Confirmed,6,11315.45
101229,Resort Hotel,2024-10-07,2024-11-18,2,0,A,FB,France,Groups,Checked-Out,4,6470.21
101230,City Hotel,2024-10-01,2025-03-30,2,0,A,FB,France,Online,Checked-Out,10,8105.31
101231,Resort Hotel,2024-09-17,2025-02-16,2,0,A,BB,Germany,Online,Confirmed,1,3975.28
101232,City Hotel,2024-11-26,2025-01-28,2,1,A,BB,UK,Online,Confirmed,1,5644.61
101233,City Hotel,2024-07-25,2024-10-14,2,0,B,BB,Germany,Corporate,Confirmed,2,10032.86
101234,City Hotel,2024-11-23,2024-12-01,2,0,D,BB,Canada,Online,Confirmed,4,10631.68
101235,Resort Hotel,2024-07-29,2025-01-18,3,0,A,HB,UAE,Offline,Checked-Out,8,6350.28
101236,City Hotel,2024-08-02,2024-08-29,1,0,A,HB,France,Corporate,Confirmed,3,5455.0
101237,Resort Hotel,2024-02-09,2024-04-01,2,0,C,HB,USA,Direct,Confirmed,5,8975.98
101238,City Hotel,2024-01-26,2024-06-20,3,0,A,FB,Canada,Online,Confirmed,3,9320.08
101239,Resort Hotel,2024-01-27,2024-04-27,2,1,C,FB,UK,Online,Confirmed,8,11846.17
101240,City Hotel,2024-07-08,2024-10-02,1,0,A,SC,UAE,Online,Cancelled,4,9124.62
101241,Resort Hotel,2024-03-23,2024-04-08,2,0,A,FB,Australia,Groups,Confirmed,8,4781.57
101242,Resort Hotel,2024-06-18,2024-08-23,2,0,A,BB,Germany,Online,Confirmed,8,3069.85
101243,Resort Hotel,2024-06-15,2024-06-20,2,0,A,BB,France,Direct,Checked-Out,9,4947.25
101244,Resort Hotel,2024-07-06,2024-09-26,3,0,C,BB,Australia,Groups,Confirmed,2,4653.2
101245,Resort Hotel,2024-06-17,2024-10-26,3,0,A,HB,France,Online,Confirmed,10,3381.93
101246,City Hotel,2024-10-15,2025-02-10,2,0,E,HB,France,Online,Confirmed,7,6721.68
101247,City Hotel,2024-08-16,2024-11-05,2,0,A,BB,USA,Direct,Confirmed,10,5237.32
101248,City Hotel,2024-04-06,2024-06-15,1,0,E,FB,UK,Direct,Confirmed,1,11288.36
101249,Resort Hotel,2024-01-16,2024-05-10,3,0,A,BB,Germany,Groups,Confirmed,4,6337.14
101250,City Hotel,2024-10-05,2024-10-12,1,0,A,SC,UK,Online,Cancelled,4,10827.86
101251,Resort Hotel,2024-05-14,2024-07-03,2,0,B,BB,France,Online,Confirmed,4,5413.95
101252,City Hotel,2024-01-26,2024-06-16,2,0,A,BB,USA,Online,Cancelled,7,10399.16
101253,City Hotel,2024-12-17,2025-06-01,2,0,D,BB,Australia,Direct,Checked-Out,5,6817.89
101254,City Hotel,2024-01-12,2024-05-02,2,0,A,BB,Canada,Online,Confirmed,5,2807.4
101255,Resort Hotel,2024-03-12,2024-04-28,2,0,C,BB,USA,Corporate,Cancelled,3,7126.06
101256,City Hotel,2024-05-12,2024-09-01,3,0,A,HB,France,Direct,Checked-Out,10,4654.3
101257,City Hotel,2024-04-15,2024-09-23,2,1,B,BB,UK,Corporate,Checked-Out,5,5420.7
101258,City Hotel,2024-08-07,2024-09-19,1,2,B,FB,Australia,Online,Cancelled,5,9001.4
101259,City Hotel,2024-06-25,2024-09-24,3,0,C,BB,UK,Online,Confirmed,8,7530.29
101260,City Hotel,2024-10-08,2024-11-06,2,0,A,BB,USA,Offline,Confirmed,2,10941.82
101261,City Hotel,2024-05-12,2024-09-17,2,0,E,FB,UAE,Online,Confirmed,8,11391.57
101262,Resort Hotel,2024-01-22,2024-06-03,2,0,E,BB,Australia,Online,Checked-Out,4,9064.1
101263,City Hotel,2024-09-25,2024-12-30,2,0,D,HB,India,Direct,Confirmed,9,10703.59
101264,City Hotel,2024-06-09,2024-10-04,2,1,B,BB,USA,Direct,Cancelled,8,4353.21
101265,City Hotel,2024-04-16,2024-06-25,3,0,A,BB,UAE,Online,Cancelled,5,3253.11
101266,City Hotel,2024-10-05,2025-02-12,3,2,A,BB,Australia,Direct,Confirmed,5,5663.21
101267,City Hotel,2024-12-18,2025-02-26,2,0,E,BB,UAE,Online,Confirmed,9,5594.3
101268,City Hotel,2024-08-22,2024-12-10,1,0,E,BB,USA,Online,Checked-Out,5,8818.38
101269,City Hotel,2024-01-18,2024-07-07,2,1,A,HB,Germany,Online,Checked-Out,9,10483.42
101270,City Hotel,2024-08-29,2025-01-08,2,2,A,FB,USA,Offline,Confirmed,6,5320.38
101271,Resort Hotel,2024-04-26,2024-06-21,2,1,D,BB,UAE,Offline,Confirmed,1,6535.34
101272,Resort Hotel,2024-10-12,2025-01-09,2,1,A,SC,UAE,Online,Confirmed,8,3497.08
101273,Resort Hotel,2024-10-08,2025-02-22,2,0,A,BB,Canada,Online,Confirmed,1,6421.04
101274,City Hotel,2024-05-23,2024-10-01,1,0,E,FB,UAE,Online,Confirmed,2,4536.88
101275,City Hotel,2024-07-23,2025-01-15,2,0,D,FB,India,Online,Confirmed,6,6133.33
101276,City Hotel,2024-02-08,2024-07-28,2,0,E,BB,Australia,Offline,Confirmed,5,5030.3
101277,City Hotel,2024-06-02,2024-09-10,2,2,A,SC,UAE,Online,Confirmed,2,10182.93
101278,Resort Hotel,2024-06-24,2024-10-31,4,1,A,BB,UAE,Online,Confirmed,6,2538.6
101279,City Hotel,2024-08-28,2024-10-24,2,1,B,BB,UAE,Online,Checked-Out,7,5717.73
101280,City Hotel,2024-05-13,2024-10-04,3,0,B,HB,Australia,Online,Checked-Out,3,11707.74
101281,City Hotel,2024-02-15,2024-04-06,3,0,A,SC,USA,Online,Confirmed,8,8950.43
101282,Resort Hotel,2024-02-19,2024-06-10,3,1,D,FB,UK,Direct,Confirmed,4,9835.59
101283,City Hotel,2024-06-14,2024-09-26,1,0,E,BB,Germany,Online,Checked-Out,10,10668.8
101284,City Hotel,2024-04-15,2024-08-20,3,0,A,HB,Canada,Online,Checked-Out,9,5937.52
101285,City Hotel,2024-08-03,2024-09-27,1,0,A,BB,Germany,Online,Confirmed,7,3126.47
101286,City Hotel,2024-05-25,2024-05-26,1,0,A,BB,USA,Corporate,Cancelled,3,6401.55
101287,City Hotel,2024-03-12,2024-06-10,2,2,B,BB,Germany,Online,Confirmed,5,8700.71
101288,City Hotel,2024-11-25,2025-04-30,2,0,A,BB,Germany,Online,Checked-Out,9,6022.52
101289,City Hotel,2024-09-29,2024-11-21,2,0,B,BB,USA,Online,Checked-Out,9,6758.97
101290,City Hotel,2024-09-03,2024-11-15,2,0,B,SC,India,Online,Cancelled,8,10342.29
101291,City Hotel,2024-07-04,2024-10-20,2,0,D,BB,Australia,Online,Checked-Out,8,2844.25
101292,City Hotel,2024-03-10,2024-08-07,2,0,A,FB,USA,Online,Confirmed,9,5679.85
101293,City Hotel,2024-05-29,2024-06-06,2,0,B,BB,UK,Online,Confirmed,5,7139.92
101294,Resort Hotel,2024-09-02,2025-02-26,2,2,C,SC,France,Online,Confirmed,9,5342.28
101295,Resort Hotel,2024-09-18,2024-10-30,4,1,B,BB,India,Online,Confirmed,6,6735.38
101296,City Hotel,2024-01-26,2024-06-29,2,0,E,HB,USA,Corporate,Checked-Out,6,6316.76
101297,City Hotel,2024-05-19,2024-11-02,2,0,B,HB,India,Direct,Checked-Out,10,11277.13
101298,City Hotel,2024-04-08,2024-05-03,4,0,E,FB,France,Online,Checked-Out,6,7184.66
101299,City Hotel,2024-10-04,2024-11-11,1,1,A,BB,Germany,Direct,Confirmed,7,7025.06
101300,Resort Hotel,2024-02-20,2024-05-15,2,0,B,BB,Germany,Direct,Checked-Out,9,4917.64
101301,City Hotel,2024-05-30,2024-10-29,3,0,B,HB,France,Groups,Confirmed,3,2940.07
101302,Resort Hotel,2024-04-13,2024-05-07,3,0,E,BB,Germany,Corporate,Confirmed,6,5345.04
101303,City Hotel,2024-03-29,2024-05-28,2,0,A,HB,India,Direct,Cancelled,10,2758.48
101304,City Hotel,2024-05-20,2024-11-14,1,0,A,BB,Germany,Corporate,Confirmed,5,10354.36
101305,Resort Hotel,2024-07-31,2024-11-19,3,1,B,BB,France,Online,Checked-Out,4,4440.73
101306,Resort Hotel,2024-08-20,2024-10-25,2,2,A,BB,France,Online,Confirmed,8,11156.34
101307,Resort Hotel,2024-07-01,2024-11-20,2,0,B,BB,Australia,Online,Confirmed,3,10915.44
101308,Resort Hotel,2024-09-07,2024-10-30,2,0,E,FB,France,Online,Checked-Out,2,8814.61
101309,City Hotel,2024-01-09,2024-06-17,2,0,E,BB,UK,Online,Confirmed,4,10694.16
101310,Resort Hotel,2024-03-19,2024-07-03,3,0,A,HB,Canada,Online,Confirmed,3,10840.19
101311,City Hotel,2024-02-21,2024-05-27,3,0,A,BB,India,Online,Confirmed,7,9875.29
101312,Resort Hotel,2024-09-25,2025-03-20,3,0,B,BB,France,Groups,Confirmed,4,7325.32
101313,City Hotel,2024-08-13,2024-09-21,1,1,B,BB,Australia,Online,Confirmed,10,11525.44
101314,Resort Hotel,2024-02-20,2024-08-06,2,0,C,BB,India,Direct,Checked-Out,9,10268.54
101315,City Hotel,2024-07-04,2024-08-15,3,0,C,FB,UAE,Offline,Checked-Out,5,3706.36
101316,City Hotel,2024-02-03,2024-05-24,2,0,B,SC,Australia,Direct,Confirmed,3,6489.13
101317,City Hotel,2024-10-17,2025-01-29,3,0,A,FB,UK,Direct,Confirmed,2,7627.07
101318,Resort Hotel,2024-08-17,2024-11-02,3,0,C,BB,UAE,Corporate,Checked-Out,6,7529.44
101319,City Hotel,2024-05-10,2024-05-18,2,0,A,HB,India,Online,Cancelled,6,6105.58
101320,City Hotel,2024-04-29,2024-05-25,1,0,A,SC,USA,Online,Checked-Out,1,7550.58
101321,City Hotel,2024-11-21,2025-04-10,2,1,C,BB,Canada,Offline,Cancelled,7,3383.42
101322,City Hotel,2024-09-03,2024-10-16,3,0,B,HB,Canada,Online,Checked-Out,5,8724.71
101323,Resort Hotel,2024-07-10,2025-01-05,2,0,C,HB,UK,Offline,Checked-Out,7,7228.55
101324,City Hotel,2024-11-18,2025-03-08,3,0,A,HB,UK,Online,Checked-Out,4,9982.7
101325,Resort Hotel,2024-07-28,2024-11-05,2,0,A,HB,Germany,Direct,Confirmed,5,9087.18
101326,City Hotel,2024-04-12,2024-06-14,2,0,A,HB,France,Online,Confirmed,7,3571.31
101327,City Hotel,2024-11-24,2025-01-12,2,1,B,HB,UAE,Groups,Cancelled,6,5831.74
101328,Resort Hotel,2024-05-12,2024-09-04,2,0,A,FB,UK,Online,Confirmed,1,9494.34
101329,Resort Hotel,2024-11-18,2025-04-22,3,0,C,BB,Canada,Groups,Confirmed,1,5700.42
101330,City Hotel,2024-05-18,2024-10-02,2,0,C,HB,India,Online,Checked-Out,2,7885.56
101331,City Hotel,2024-04-30,2024-10-14,2,0,B,BB,USA,Corporate,Confirmed,3,11632.06
101332,Resort Hotel,2024-04-03,2024-06-07,3,0,D,FB,India,Direct,Confirmed,1,3259.25
101333,City Hotel,2024-05-08,2024-07-18,2,1,D,BB,Canada,Online,Confirmed,10,4307.75
101334,Resort Hotel,2024-03-31,2024-04-07,2,0,D,BB,India,Corporate,Confirmed,2,7065.79
101335,Resort Hotel,2024-04-01,2024-06-20,1,1,C,FB,USA,Online,Checked-Out,2,9515.12
101336,Resort Hotel,2024-03-03,2024-05-09,1,0,A,HB,UAE,Online,Checked-Out,7,5636.06
101337,City Hotel,2024-01-29,2024-06-15,2,0,B,BB,Australia,Corporate,Checked-Out,6,3615.88
101338,Resort Hotel,2024-07-28,2024-11-06,3,0,C,BB,Germany,Groups,Confirmed,9,5499.87
101339,City Hotel,2024-01-12,2024-04-16,1,0,A,SC,Canada,Direct,Confirmed,10,8622.11
101340,City Hotel,2024-11-28,2025-02-23,2,0,C,BB,France,Direct,Confirmed,5,10029.2
101341,City Hotel,2024-10-23,2025-01-22,1,1,B,BB,UAE,Direct,Confirmed,3,11781.62
101342,City Hotel,2024-05-09,2024-08-20,2,0,A,HB,Canada,Offline,Cancelled,1,9732.78
101343,Resort Hotel,2024-10-19,2025-02-22,1,0,B,HB,UK,Groups,Confirmed,1,7176.46
101344,Resort Hotel,2024-06-21,2024-11-23,2,1,A,HB,France,Direct,Confirmed,2,5279.86
101345,Resort Hotel,2024-07-26,2024-11-16,3,0,A,HB,Germany,Online,Confirmed,3,11311.41
101346,City Hotel,2024-01-24,2024-01-28,2,1,D,FB,Australia,Online,Confirmed,10,7575.0
101347,City Hotel,2024-04-08,2024-07-05,2,0,B,SC,USA,Online,Checked-Out,10,9043.54
101348,City Hotel,2024-12-21,2025-05-21,2,0,B,HB,France,Offline,Confirmed,5,6988.18
101349,Resort Hotel,2024-05-18,2024-11-10,3,0,A,BB,Canada,Groups,Confirmed,7,4800.02
101350,City Hotel,2024-11-09,2025-04-28,2,0,B,BB,India,Corporate,Confirmed,4,7695.92
101351,Resort Hotel,2024-06-22,2024-06-25,2,1,A,HB,UK,Groups,Confirmed,10,10479.09
101352,City Hotel,2024-01-29,2024-04-29,2,1,C,BB,UK,Online,Confirmed,6,6141.55
101353,City Hotel,2024-05-22,2024-05-25,2,0,D,BB,Australia,Direct,Cancelled,6,8852.9
101354,Resort Hotel,2024-11-11,2025-04-16,2,0,D,HB,Germany,Direct,Cancelled,2,2902.38
101355,City Hotel,2024-12-16,2025-03-07,3,0,A,FB,Germany,Direct,Confirmed,6,11397.11
101356,Resort Hotel,2024-02-11,2024-07-19,2,0,B,BB,UAE,Direct,Confirmed,5,11714.35
101357,Resort Hotel,2024-10-25,2025-03-12,2,0,D,HB,USA,Online,Checked-Out,6,6169.8
101358,City Hotel,2024-07-26,2025-01-19,2,0,A,HB,Germany,Direct,Checked-Out,4,7234.65
101359,City Hotel,2024-11-25,2025-02-27,1,1,A,BB,France,Direct,Confirmed,1,4025.54
101360,City Hotel,2024-07-10,2024-11-13,2,0,D,HB,UK,Offline,Confirmed,9,4363.87
101361,Resort Hotel,2024-06-08,2024-09-29,3,2,C,BB,USA,Corporate,Confirmed,3,8219.65
101362,City Hotel,2024-03-04,2024-07-31,3,0,A,BB,Canada,Online,Cancelled,1,8456.54
101363,City Hotel,2024-08-30,2024-12-08,3,2,A,HB,Germany,Online,Checked-Out,4,5745.27
101364,City Hotel,2024-09-14,2024-11-06,3,0,B,HB,India,Online,Cancelled,7,6053.27
101365,Resort Hotel,2024-05-31,2024-08-26,2,0,A,BB,UK,Online,Confirmed,4,7309.17
101366,City Hotel,2024-08-02,2024-10-30,2,1,B,BB,USA,Direct,Cancelled,4,11428.03
101367,Resort Hotel,2024-11-17,2025-01-10,2,0,A,HB,UK,Online,Checked-Out,9,3921.74
101368,Resort Hotel,2024-06-14,2024-07-04,1,1,B,BB,France,Direct,Confirmed,6,7739.51
101369,City Hotel,2024-01-31,2024-05-23,3,0,C,BB,Australia,Online,Checked-Out,9,3052.77
101370,City Hotel,2024-08-19,2024-10-07,4,2,C,BB,Germany,Online,Cancelled,2,6854.32
101371,Resort Hotel,2024-10-08,2025-02-20,3,0,B,HB,Australia,Online,Confirmed,7,6273.52
101372,City Hotel,2024-01-29,2024-02-27,2,0,A,FB,Canada,Online,Confirmed,7,4059.89
101373,Resort Hotel,2024-07-13,2024-08-30,2,0,A,SC,Germany,Online,Confirmed,8,4057.96
101374,City Hotel,2024-11-29,2024-12-12,2,1,A,BB,Germany,Online,Cancelled,10,6775.92
101375,City Hotel,2024-09-12,2024-09-15,2,0,B,BB,UAE,Online,Cancelled,9,3702.65
101376,Resort Hotel,2024-10-07,2024-10-09,2,0,E,HB,UAE,Online,Confirmed,8,5300.39
101377,City Hotel,2024-10-30,2024-11-15,2,0,B,FB,Canada,Online,Confirmed,2,3176.57
101378,City Hotel,2024-11-16,2025-02-18,3,0,A,BB,India,Online,Checked-Out,3,5324.29
101379,City Hotel,2024-11-18,2025-02-28,3,0,A,BB,France,Online,Confirmed,2,7570.08
101380,City Hotel,2024-12-11,2025-04-24,1,0,A,BB,UAE,Online,Confirmed,1,9566.77
101381,City Hotel,2024-10-20,2024-12-04,1,0,A,HB,India,Corporate,Confirmed,7,10388.87
101382,City Hotel,2024-03-27,2024-06-06,2,0,B,BB,Canada,Online,Confirmed,8,5709.5
101383,Resort Hotel,2024-05-28,2024-10-08,2,2,A,SC,France,Direct,Checked-Out,5,11418.57
101384,City Hotel,2024-09-05,2024-10-31,3,0,A,BB,France,Online,Confirmed,10,4785.94
101385,Resort Hotel,2024-11-16,2025-03-23,2,0,A,BB,Canada,Groups,Confirmed,9,3265.48
101386,City Hotel,2024-10-09,2024-11-10,2,0,C,BB,France,Online,Cancelled,4,11287.59
101387,Resort Hotel,2024-12-27,2025-02-14,2,0,B,BB,Germany,Direct,Cancelled,1,7628.2
101388,City Hotel,2024-07-16,2024-07-29,2,0,D,HB,UAE,Online,Confirmed,4,5838.1
101389,Resort Hotel,2024-02-13,2024-07-20,3,1,A,HB,Canada,Direct,Confirmed,5,11032.05
101390,City Hotel,2024-12-21,2025-01-15,1,0,D,BB,Germany,Direct,Confirmed,8,9869.58
101391,City Hotel,2024-01-28,2024-03-28,3,0,B,HB,UAE,Online,Checked-Out,5,10408.22
101392,City Hotel,2024-01-17,2024-03-16,2,0,A,HB,UAE,Online,Cancelled,10,5277.26
101393,City Hotel,2024-05-06,2024-10-09,3,1,A,BB,Germany,Groups,Checked-Out,9,10798.11
101394,City Hotel,2024-06-16,2024-08-13,1,0,A,BB,UAE,Offline,Confirmed,6,8672.84
101395,City Hotel,2024-08-31,2024-09-20,2,0,B,BB,India,Direct,Confirmed,8,9511.15
101396,Resort Hotel,2024-03-16,2024-08-25,2,0,A,BB,USA,Offline,Cancelled,3,5468.01
101397,City Hotel,2024-08-18,2024-12-29,2,0,D,BB,Australia,Online,Confirmed,3,4827.65
101398,City Hotel,2024-07-22,2025-01-09,3,0,A,BB,Canada,Corporate,Cancelled,9,6377.72
101399,City Hotel,2024-09-04,2024-10-31,2,0,B,BB,Canada,Online,Confirmed,6,7964.52
101400,Resort Hotel,2024-10-28,2024-12-21,3,0,A,SC,Canada,Direct,Confirmed,4,8826.88
101401,City Hotel,2024-08-01,2024-11-21,2,0,B,BB,France,Corporate,Cancelled,8,7230.66
101402,City Hotel,2024-08-02,2025-01-22,3,2,D,BB,Canada,Online,Confirmed,4,9139.21
101403,City Hotel,2024-06-06,2024-08-31,2,0,E,HB,Canada,Corporate,Checked-Out,4,9229.15
101404,Resort Hotel,2024-03-09,2024-04-15,3,1,A,BB,India,Online,Checked-Out,7,8827.71
101405,Resort Hotel,2024-03-25,2024-06-17,3,0,A,BB,Germany,Online,Cancelled,7,4885.34
101406,City Hotel,2024-09-23,2024-11-10,2,0,D,BB,Australia,Offline,Confirmed,8,6740.12
101407,Resort Hotel,2024-03-09,2024-07-05,2,0,A,SC,Germany,Offline,Checked-Out,10,9774.61
101408,Resort Hotel,2024-04-08,2024-05-26,2,0,B,BB,USA,Online,Confirmed,7,10926.13
101409,City Hotel,2024-12-12,2025-04-03,1,0,E,SC,Germany,Direct,Confirmed,8,7261.13
101410,Resort Hotel,2024-08-03,2024-11-21,2,0,B,HB,France,Online,Confirmed,8,11874.51
101411,City Hotel,2024-06-09,2024-06-15,2,0,A,HB,UK,Online,Cancelled,7,4159.77
101412,City Hotel,2024-04-03,2024-09-12,3,0,D,HB,UAE,Offline,Checked-Out,1,4631.6
101413,City Hotel,2024-06-22,2024-09-08,3,1,E,BB,Canada,Online,Checked-Out,4,6877.14
101414,City Hotel,2024-06-13,2024-12-06,3,0,C,BB,Australia,Online,Checked-Out,3,7333.04
101415,City Hotel,2024-04-24,2024-05-17,2,0,A,BB,Canada,Online,Checked-Out,9,6532.53
101416,Resort Hotel,2024-08-07,2024-12-11,3,0,E,BB,Germany,Online,Confirmed,10,6588.77
101417,City Hotel,2024-01-31,2024-04-24,2,2,E,SC,UAE,Online,Confirmed,8,7128.88
101418,City Hotel,2024-01-11,2024-01-24,2,0,E,HB,USA,Direct,Confirmed,9,5541.58
101419,City Hotel,2024-12-08,2025-01-24,2,0,A,BB,Australia,Online,Cancelled,5,3743.96
101420,Resort Hotel,2024-05-09,2024-06-22,3,0,C,HB,UK,Online,Confirmed,5,11583.03
101421,City Hotel,2024-04-14,2024-07-28,3,0,C,SC,Australia,Online,Cancelled,10,10052.38
101422,City Hotel,2024-01-27,2024-07-05,2,0,A,SC,UAE,Online,Checked-Out,5,10241.58
101423,City Hotel,2024-08-14,2025-01-15,3,0,B,HB,UAE,Online,Confirmed,2,5967.11
101424,City Hotel,2024-01-02,2024-01-16,2,0,C,BB,Canada,Online,Confirmed,7,6336.9
101425,Resort Hotel,2024-12-24,2025-06-22,3,0,D,BB,Canada,Online,Confirmed,8,11390.51
101426,Resort Hotel,2024-04-10,2024-08-09,2,0,D,BB,France,Online,Checked-Out,5,11742.68
101427,City Hotel,2024-01-21,2024-02-26,2,0,A,BB,France,Online,Confirmed,8,11454.9
101428,Resort Hotel,2024-02-27,2024-03-06,2,0,B,BB,France,Direct,Checked-Out,6,8604.7
101429,City Hotel,2024-06-28,2024-12-13,2,0,B,SC,USA,Online,Checked-Out,4,4805.8
101430,Resort Hotel,2024-12-06,2025-05-05,2,1,D,SC,UK,Online,Confirmed,7,8247.25
101431,City Hotel,2024-12-14,2024-12-30,2,0,A,HB,France,Direct,Checked-Out,8,8096.32
101432,City Hotel,2024-01-20,2024-04-20,2,0,C,HB,Canada,Groups,Confirmed,9,11128.23
101433,City Hotel,2024-09-11,2025-01-09,3,0,B,BB,Germany,Offline,Confirmed,5,5460.85
101434,Resort Hotel,2024-11-12,2025-01-11,3,0,E,BB,UK,Offline,Confirmed,9,4406.46
101435,City Hotel,2024-02-07,2024-02-17,2,0,B,SC,France,Offline,Checked-Out,8,5025.17
101436,City Hotel,2024-05-27,2024-10-27,4,1,C,BB,UAE,Direct,Confirmed,1,4809.88
101437,City Hotel,2024-01-25,2024-02-25,2,0,E,HB,UK,Offline,Confirmed,8,8659.65
101438,Resort Hotel,2024-04-30,2024-05-21,3,0,C,BB,Australia,Direct,Cancelled,8,10218.11
101439,City Hotel,2024-01-26,2024-04-16,2,1,A,FB,Germany,Online,Confirmed,7,5997.08
101440,Resort Hotel,2024-06-17,2024-07-20,2,0,A,HB,India,Online,Confirmed,1,4175.92
101441,Resort Hotel,2024-11-18,2024-12-19,1,1,D,HB,France,Direct,Checked-Out,6,5759.37
101442,City Hotel,2024-08-12,2025-01-08,3,0,A,BB,UAE,Offline,Confirmed,2,7692.3
101443,Resort Hotel,2024-01-01,2024-02-06,2,0,C,BB,Germany,Online,Confirmed,6,8812.62
101444,City Hotel,2024-11-02,2025-03-14,3,0,C,BB,UAE,Online,Confirmed,2,7723.09
101445,Resort Hotel,2024-09-17,2024-11-24,2,0,E,BB,USA,Corporate,Checked-Out,2,4938.94
101446,City Hotel,2024-01-13,2024-04-12,2,1,B,FB,Australia,Direct,Confirmed,7,11221.18
101447,Resort Hotel,2024-02-17,2024-06-28,2,0,C,FB,France,Offline,Confirmed,10,6659.22
101448,Resort Hotel,2024-11-08,2024-11-17,3,0,A,BB,India,Groups,Checked-Out,1,6860.21
101449,Resort Hotel,2024-10-17,2024-11-16,2,1,B,BB,UAE,Online,Confirmed,5,11690.16
101450,Resort Hotel,2024-11-27,2025-03-22,3,0,A,FB,Australia,Online,Cancelled,1,10749.49
101451,City Hotel,2024-04-03,2024-05-18,2,1,D,BB,Germany,Online,Checked-Out,9,10159.56
101452,City Hotel,2024-09-17,2024-09-21,3,1,D,BB,Australia,Offline,Confirmed,5,4235.56
101453,Resort Hotel,2024-10-04,2024-12-12,1,0,A,BB,Germany,Online,Confirmed,5,10461.83
101454,City Hotel,2024-12-24,2025-01-16,2,0,A,BB,UAE,Online,Confirmed,4,6825.43
101455,City Hotel,2024-07-23,2024-08-08,2,1,C,BB,UK,Online,Cancelled,3,4489.24
101456,Resort Hotel,2024-07-03,2024-07-25,2,0,C,BB,France,Online,Confirmed,8,11913.38
101457,Resort Hotel,2024-06-23,2024-09-03,2,1,C,HB,India,Online,Cancelled,7,4134.52
101458,Resort Hotel,2024-11-04,2024-12-22,3,0,E,HB,USA,Offline,Confirmed,9,11258.41
101459,City Hotel,2024-03-09,2024-06-24,2,0,D,BB,UK,Corporate,Confirmed,6,2505.02
101460,Resort Hotel,2024-04-13,2024-08-24,2,0,A,BB,France,Offline,Confirmed,1,6660.22
101461,City Hotel,2024-09-02,2024-09-09,2,0,A,FB,India,Online,Confirmed,5,2784.01
101462,Resort Hotel,2024-06-09,2024-07-30,2,0,B,HB,UK,Direct,Confirmed,5,11168.3
101463,City Hotel,2024-07-18,2024-09-21,2,0,D,BB,India,Direct,Confirmed,7,3695.95
101464,Resort Hotel,2024-08-03,2024-08-12,2,0,B,BB,Australia,Online,Checked-Out,10,8894.44
101465,Resort Hotel,2024-07-30,2024-10-20,3,1,C,BB,India,Online,Confirmed,1,8496.59
101466,City Hotel,2024-01-16,2024-03-01,2,0,A,BB,UAE,Corporate,Checked-Out,1,9901.15
101467,Resort Hotel,2024-11-27,2025-03-29,3,1,E,SC,UK,Direct,Confirmed,6,9595.34
101468,City Hotel,2024-07-23,2025-01-14,2,0,C,BB,UK,Online,Confirmed,6,2808.26
101469,Resort Hotel,2024-12-30,2025-05-31,2,0,A,HB,France,Online,Checked-Out,9,6189.81
101470,Resort Hotel,2024-02-08,2024-02-18,1,1,A,BB,UK,Online,Confirmed,3,5563.97
101471,City Hotel,2024-03-29,2024-06-10,3,0,A,SC,Canada,Online,Cancelled,5,11742.41
101472,Resort Hotel,2024-09-12,2024-10-30,2,1,D,BB,Canada,Online,Confirmed,5,9861.49
101473,Resort Hotel,2024-09-10,2025-02-20,3,0,C,BB,Australia,Online,Confirmed,1,9225.62
101474,City Hotel,2024-08-03,2024-10-29,2,0,B,HB,Canada,Online,Cancelled,6,6700.52
101475,City Hotel,2024-10-29,2025-02-17,3,1,A,HB,France,Direct,Confirmed,4,10964.2
101476,Resort Hotel,2024-06-20,2024-07-06,2,0,A,HB,India,Groups,Cancelled,6,2659.79
101477,Resort Hotel,2024-05-16,2024-07-08,1,0,B,HB,UK,Online,Cancelled,8,4670.17
101478,Resort Hotel,2024-06-26,2024-08-05,2,0,A,BB,France,Online,Confirmed,8,9102.62
101479,Resort Hotel,2024-03-17,2024-06-25,2,1,A,BB,France,Online,Checked-Out,3,7329.68
101480,City Hotel,2024-07-06,2024-07-26,2,1,A,HB,USA,Direct,Confirmed,9,7571.17
101481,Resort Hotel,2024-01-15,2024-03-24,1,0,A,HB,France,Direct,Confirmed,4,6455.28
101482,City Hotel,2024-10-18,2024-12-02,3,2,C,BB,France,Direct,Checked-Out,1,4081.35
101483,City Hotel,2024-11-14,2024-11-20,2,0,D,HB,USA,Corporate,Confirmed,9,4079.1
101484,City Hotel,2024-11-20,2025-05-16,2,2,A,SC,Germany,Offline,Checked-Out,5,5297.57
101485,City Hotel,2024-08-01,2024-09-09,2,0,C,HB,Australia,Groups,Cancelled,8,6948.94
101486,City Hotel,2024-07-26,2024-11-05,2,0,A,BB,UK,Online,Cancelled,7,10329.2
101487,City Hotel,2024-06-17,2024-10-25,1,1,B,BB,UAE,Groups,Cancelled,5,6744.9
101488,Resort Hotel,2024-11-25,2025-03-12,1,0,E,BB,USA,Corporate,Confirmed,8,11029.06
101489,City Hotel,2024-10-06,2024-11-14,3,2,A,BB,Canada,Direct,Cancelled,1,3644.91
101490,City Hotel,2024-10-31,2025-02-26,2,0,A,BB,France,Direct,Checked-Out,4,5081.84
101491,City Hotel,2024-05-25,2024-10-21,2,0,A,BB,France,Offline,Confirmed,5,3169.98
101492,City Hotel,2024-09-19,2025-03-06,2,2,B,BB,UK,Groups,Confirmed,4,7345.24
101493,City Hotel,2024-01-04,2024-03-26,2,2,C,BB,Australia,Online,Confirmed,6,3355.31
101494,City Hotel,2024-03-30,2024-05-23,1,0,A,BB,Canada,Direct,Confirmed,9,10059.0
101495,City Hotel,2024-02-29,2024-06-18,2,0,A,BB,India,Groups,Cancelled,1,2877.76
101496,Resort Hotel,2024-11-06,2024-11-18,2,1,D,BB,USA,Online,Cancelled,10,7016.24
101497,City Hotel,2024-01-16,2024-06-29,2,2,B,BB,Germany,Online,Confirmed,2,6495.84
101498,City Hotel,2024-08-14,2024-12-02,4,0,B,BB,UK,Online,Cancelled,1,4421.21
101499,City Hotel,2024-01-29,2024-03-07,2,0,E,FB,UK,Direct,Confirmed,7,8075.11
101500,Resort Hotel,2024-05-30,2024-10-20,2,1,A,HB,USA,Corporate,Confirmed,2,6167.93
101501,City Hotel,2024-09-01,2024-09-08,2,0,D,BB,France,Online,Checked-Out,9,4380.68
101502,City Hotel,2024-09-26,2024-12-13,2,2,E,FB,France,Direct,Confirmed,8,10352.35
101503,City Hotel,2024-03-19,2024-09-13,3,0,A,BB,UAE,Offline,Confirmed,10,8776.61
101504,City Hotel,2024-10-15,2024-12-19,2,0,B,HB,UAE,Online,Confirmed,1,2615.45
101505,City Hotel,2024-06-01,2024-09-11,2,0,B,BB,Germany,Online,Cancelled,3,7267.71
101506,City Hotel,2024-10-03,2025-01-12,3,0,D,FB,USA,Offline,Confirmed,6,5077.41
101507,City Hotel,2024-10-05,2024-11-18,1,0,A,BB,UK,Offline,Checked-Out,3,11193.57
101508,City Hotel,2024-02-26,2024-03-28,4,2,C,BB,Canada,Online,Checked-Out,9,9393.02
101509,City Hotel,2024-07-04,2024-12-22,3,0,E,BB,USA,Corporate,Confirmed,10,8310.34
101510,Resort Hotel,2024-04-02,2024-06-18,2,1,D,SC,India,Direct,Confirmed,10,3346.01
101511,Resort Hotel,2024-10-02,2024-11-19,1,0,E,BB,UAE,Online,Checked-Out,2,11341.14
101512,Resort Hotel,2024-06-06,2024-08-27,2,1,C,BB,UK,Offline,Checked-Out,6,3869.91
101513,Resort Hotel,2024-10-01,2025-02-05,2,0,E,BB,Germany,Online,Cancelled,2,6782.09
101514,City Hotel,2024-06-29,2024-09-21,2,0,A,FB,Germany,Corporate,Confirmed,3,8969.89
101515,City Hotel,2024-12-24,2025-01-03,2,0,C,BB,UAE,Online,Confirmed,10,7200.31
101516,City Hotel,2024-03-17,2024-04-15,3,0,C,HB,UK,Offline,Confirmed,9,10883.47
101517,City Hotel,2024-05-30,2024-07-17,2,2,A,BB,France,Online,Confirmed,9,10435.74
101518,Resort Hotel,2024-08-25,2024-12-19,2,0,A,HB,UK,Online,Confirmed,2,3785.99
101519,City Hotel,2024-10-15,2024-10-28,2,0,B,BB,UK,Online,Checked-Out,8,8367.54
101520,Resort Hotel,2024-08-18,2025-02-06,3,0,A,BB,India,Online,Cancelled,3,2995.93
101521,City Hotel,2024-01-18,2024-03-05,1,0,A,FB,UK,Offline,Confirmed,2,9345.49
101522,Resort Hotel,2024-03-13,2024-06-24,2,0,A,HB,Australia,Online,Confirmed,10,9492.2
101523,City Hotel,2024-07-07,2024-10-06,3,0,E,SC,Canada,Direct,Confirmed,8,5772.67
101524,City Hotel,2024-01-17,2024-03-10,3,0,A,HB,Australia,Offline,Cancelled,3,9972.64
101525,City Hotel,2024-01-19,2024-04-20,3,2,D,BB,USA,Direct,Confirmed,8,8700.67
101526,City Hotel,2024-08-06,2024-10-22,3,0,A,HB,USA,Online,Confirmed,6,7288.48
101527,City Hotel,2024-11-21,2025-01-04,2,0,B,HB,Canada,Corporate,Confirmed,1,6825.09
101528,City Hotel,2024-04-29,2024-10-02,2,1,B,BB,Germany,Direct,Cancelled,2,3536.83
101529,Resort Hotel,2024-04-10,2024-04-12,1,1,B,BB,France,Online,Confirmed,2,7545.49
101530,City Hotel,2024-02-03,2024-05-14,2,1,D,BB,Germany,Online,Confirmed,7,3982.95
101531,City Hotel,2024-03-24,2024-05-20,2,0,C,BB,India,Direct,Checked-Out,6,8732.29
101532,City Hotel,2024-07-14,2024-09-09,2,0,C,BB,UK,Direct,Cancelled,2,8149.78
101533,Resort Hotel,2024-11-25,2024-12-29,3,2,A,SC,Canada,Direct,Confirmed,1,5260.04
101534,City Hotel,2024-07-20,2024-09-16,2,0,C,FB,Germany,Online,Checked-Out,5,4846.49
101535,City Hotel,2024-12-09,2025-06-07,2,0,B,HB,UK,Direct,Confirmed,2,7022.59
101536,City Hotel,2024-12-06,2025-05-12,2,0,A,BB,Germany,Online,Confirmed,10,7368.64
101537,City Hotel,2024-01-11,2024-02-15,3,0,D,BB,UK,Online,Checked-Out,10,10080.29
101538,Resort Hotel,2024-12-12,2025-02-25,2,1,D,HB,Germany,Groups,Checked-Out,6,5387.6
101539,City Hotel,2024-08-05,2025-01-28,2,0,A,BB,Australia,Online,Confirmed,2,6332.52
101540,City Hotel,2024-09-09,2024-10-12,2,1,E,HB,Australia,Online,Checked-Out,9,5761.31
101541,Resort Hotel,2024-08-09,2024-12-02,2,0,C,SC,UAE,Offline,Confirmed,5,6244.11
101542,City Hotel,2024-03-20,2024-06-03,1,2,A,BB,Australia,Online,Checked-Out,7,7887.42
101543,City Hotel,2024-01-07,2024-03-20,3,0,A,BB,Canada,Direct,Confirmed,4,7795.98
101544,City Hotel,2024-09-28,2024-12-15,4,0,E,BB,USA,Corporate,Confirmed,2,5932.75
101545,Resort Hotel,2024-08-14,2024-08-23,4,0,C,BB,Canada,Online,Confirmed,3,8223.14
101546,City Hotel,2024-01-16,2024-03-04,1,1,A,BB,Canada,Offline,Checked-Out,5,8352.42
101547,Resort Hotel,2024-01-12,2024-03-19,3,1,B,FB,India,Corporate,Checked-Out,1,7505.53
101548,City Hotel,2024-10-17,2025-03-30,4,0,B,SC,Germany,Direct,Checked-Out,4,6797.44
101549,City Hotel,2024-08-28,2024-12-25,3,0,B,SC,USA,Online,Confirmed,4,3240.4
101550,City Hotel,2024-01-21,2024-07-11,2,1,B,FB,Canada,Groups,Confirmed,2,7642.05
101551,Resort Hotel,2024-06-26,2024-11-06,3,1,B,SC,Canada,Direct,Confirmed,9,9270.65
101552,City Hotel,2024-08-15,2024-12-12,1,0,C,SC,France,Direct,Confirmed,6,4545.61
101553,Resort Hotel,2024-09-29,2024-12-24,3,1,E,HB,Germany,Offline,Confirmed,9,9889.43
101554,Resort Hotel,2024-10-14,2025-01-28,1,0,E,BB,UK,Online,Checked-Out,6,8071.09
101555,City Hotel,2024-10-23,2025-01-07,2,0,C,BB,India,Direct,Checked-Out,2,4756.45
101556,City Hotel,2024-05-13,2024-06-22,4,0,E,BB,USA,Offline,Confirmed,1,4048.04
101557,City Hotel,2024-10-09,2024-10-28,2,2,D,BB,USA,Online,Cancelled,4,4831.31
101558,City Hotel,2024-06-01,2024-07-18,1,0,A,FB,India,Corporate,Checked-Out,1,9711.32
101559,Resort Hotel,2024-03-06,2024-05-10,4,0,E,BB,UAE,Online,Confirmed,8,4879.86
101560,Resort Hotel,2024-05-16,2024-10-09,4,2,A,BB,Germany,Corporate,Cancelled,1,8990.63
101561,City Hotel,2024-04-01,2024-09-26,2,0,A,BB,UK,Direct,Confirmed,5,7685.26
101562,City Hotel,2024-11-12,2024-12-12,3,1,B,BB,France,Online,Checked-Out,9,7695.03
101563,Resort Hotel,2024-09-15,2025-01-19,2,1,B,BB,Germany,Online,Confirmed,1,10599.69
101564,City Hotel,2024-04-12,2024-06-17,2,2,B,BB,India,Online,Confirmed,4,10809.91
101565,Resort Hotel,2024-02-24,2024-02-29,2,0,C,BB,UAE,Corporate,Confirmed,8,7600.64
101566,City Hotel,2024-09-13,2024-12-15,1,0,A,BB,Germany,Direct,Checked-Out,8,3120.26
101567,Resort Hotel,2024-04-10,2024-07-16,2,1,E,BB,Canada,Offline,Confirmed,1,4031.25
101568,City Hotel,2024-07-16,2025-01-02,1,0,A,BB,Germany,Online,Confirmed,8,11512.34
101569,City Hotel,2024-10-27,2025-01-29,3,0,E,HB,UAE,Offline,Cancelled,3,3779.53
101570,City Hotel,2024-08-13,2024-11-27,2,0,A,BB,India,Online,Confirmed,7,10435.84
101571,City Hotel,2024-08-24,2025-01-04,3,0,B,BB,UAE,Online,Confirmed,10,7633.86
101572,City Hotel,2024-01-26,2024-07-22,3,2,B,HB,UAE,Online,Confirmed,1,3583.12
101573,Resort Hotel,2024-04-30,2024-07-24,1,0,C,BB,India,Offline,Confirmed,5,11235.29
101574,Resort Hotel,2024-06-30,2024-08-27,3,0,A,BB,UAE,Online,Checked-Out,4,11317.0
101575,City Hotel,2024-07-17,2024-10-04,3,0,A,SC,France,Online,Cancelled,4,8345.93
101576,City Hotel,2024-10-28,2024-11-05,2,0,A,HB,India,Direct,Checked-Out,5,6194.17
101577,City Hotel,2024-09-11,2025-02-17,1,0,B,BB,India,Direct,Confirmed,3,8271.24
101578,City Hotel,2024-05-01,2024-05-13,3,1,E,FB,India,Offline,Confirmed,7,8463.72
101579,City Hotel,2024-01-31,2024-06-28,3,0,A,SC,Canada,Direct,Confirmed,2,8410.31
101580,City Hotel,2024-11-10,2025-02-12,3,0,C,BB,Canada,Online,Confirmed,1,9467.38
101581,City Hotel,2024-10-11,2025-01-10,1,1,C,FB,Canada,Groups,Checked-Out,6,3137.87
101582,City Hotel,2024-04-15,2024-05-18,1,0,A,FB,USA,Groups,Cancelled,1,3474.04
101583,City Hotel,2024-08-11,2025-01-12,2,0,A,BB,India,Online,Confirmed,7,5186.4
101584,City Hotel,2024-09-29,2025-01-07,2,2,A,HB,India,Corporate,Checked-Out,8,5822.08
101585,Resort Hotel,2024-08-19,2025-02-03,1,0,A,BB,India,Online,Confirmed,2,8561.29
101586,City Hotel,2024-09-12,2024-09-27,2,1,A,HB,France,Direct,Checked-Out,4,4132.81
101587,Resort Hotel,2024-01-24,2024-05-17,2,1,A,HB,Canada,Direct,Confirmed,7,7639.78
101588,City Hotel,2024-04-18,2024-08-25,3,1,A,BB,Germany,Online,Checked-Out,6,4260.73
101589,City Hotel,2024-07-09,2024-07-20,2,1,D,FB,Canada,Groups,Checked-Out,2,5877.12
101590,Resort Hotel,2024-12-12,2025-02-05,2,0,D,FB,India,Online,Confirmed,4,11387.24
101591,Resort Hotel,2024-01-25,2024-01-27,3,1,C,SC,India,Direct,Cancelled,3,11009.14
101592,Resort Hotel,2024-07-05,2024-09-08,4,1,B,BB,UAE,Offline,Checked-Out,9,11554.49
101593,City Hotel,2024-10-14,2025-04-04,2,0,A,BB,France,Online,Confirmed,6,8118.48
101594,City Hotel,2024-04-25,2024-05-11,2,0,A,FB,Germany,Online,Confirmed,2,7262.35
101595,Resort Hotel,2024-12-03,2025-05-02,3,1,A,BB,France,Online,Checked-Out,2,10564.69
101596,City Hotel,2024-12-31,2025-04-16,2,0,B,BB,UAE,Corporate,Confirmed,3,3256.82
101597,City Hotel,2024-02-06,2024-07-01,3,1,E,FB,Australia,Offline,Confirmed,5,11795.27
101598,City Hotel,2024-10-08,2025-04-01,2,0,A,BB,UK,Online,Confirmed,6,6892.54
101599,City Hotel,2024-05-16,2024-06-15,2,0,B,BB,UK,Online,Confirmed,5,8919.97
101600,Resort Hotel,2024-08-14,2024-08-24,2,0,C,BB,UK,Online,Checked-Out,1,9420.46
101601,City Hotel,2024-11-15,2025-01-16,2,0,D,BB,India,Corporate,Confirmed,1,8473.98
101602,City Hotel,2024-11-23,2025-02-16,2,0,A,BB,France,Direct,Checked-Out,7,10969.49
101603,City Hotel,2024-06-30,2024-11-11,1,0,A,BB,India,Online,Cancelled,10,5237.53
101604,City Hotel,2024-12-27,2025-03-04,4,0,D,BB,UK,Online,Checked-Out,7,7556.93
101605,City Hotel,2024-03-26,2024-05-06,2,0,A,FB,Germany,Online,Confirmed,10,6587.9
101606,City Hotel,2024-02-22,2024-08-11,2,0,B,BB,Germany,Online,Confirmed,6,9189.22
101607,City Hotel,2024-12-13,2024-12-31,3,1,D,HB,Australia,Online,Confirmed,9,6253.59
101608,Resort Hotel,2024-12-20,2025-02-16,2,0,E,BB,France,Online,Confirmed,2,10982.17
101609,City Hotel,2024-08-22,2024-10-21,3,0,A,HB,Australia,Direct,Cancelled,1,7159.09
101610,City Hotel,2024-09-23,2024-12-20,4,0,A,SC,Canada,Online,Cancelled,6,7592.08
101611,Resort Hotel,2024-10-13,2024-11-09,2,0,A,HB,Germany,Online,Confirmed,6,7187.24
101612,Resort Hotel,2024-04-09,2024-06-16,2,0,B,HB,UK,Direct,Confirmed,9,8415.04
101613,City Hotel,2024-03-27,2024-04-18,3,0,B,BB,Australia,Offline,Confirmed,10,7348.81
101614,City Hotel,2024-01-15,2024-06-15,2,0,E,BB,Australia,Direct,Confirmed,1,11405.47
101615,City Hotel,2024-04-10,2024-05-20,1,0,B,FB,Australia,Online,Cancelled,1,3745.66
101616,Resort Hotel,2024-06-13,2024-09-30,3,0,B,FB,France,Groups,Confirmed,10,2627.56
101617,Resort Hotel,2024-01-29,2024-04-12,3,2,A,BB,UAE,Online,Checked-Out,6,7456.97
101618,Resort Hotel,2024-04-23,2024-06-28,4,0,A,SC,Canada,Online,Cancelled,5,9763.99
101619,City Hotel,2024-04-16,2024-10-01,1,1,A,BB,France,Groups,Checked-Out,6,8657.86
101620,Resort Hotel,2024-12-29,2025-01-04,2,0,A,HB,UK,Direct,Confirmed,6,11645.97
101621,City Hotel,2024-05-09,2024-08-29,1,0,D,BB,UK,Direct,Checked-Out,4,4231.63
101622,City Hotel,2024-03-24,2024-04-11,2,0,B,HB,UK,Online,Cancelled,10,9092.83
101623,City Hotel,2024-09-27,2024-12-17,2,0,A,BB,Australia,Online,Confirmed,8,10250.74
101624,Resort Hotel,2024-08-31,2024-12-11,2,1,B,SC,UAE,Online,Confirmed,5,11164.61
101625,City Hotel,2024-08-01,2024-11-19,1,0,A,HB,UK,Online,Checked-Out,6,7521.24
101626,Resort Hotel,2024-11-01,2024-12-01,2,0,A,BB,Canada,Online,Confirmed,2,5949.51
101627,City Hotel,2024-06-14,2024-10-14,2,0,D,HB,France,Online,Confirmed,1,11575.93
101628,City Hotel,2024-10-05,2025-03-03,1,0,E,HB,Germany,Online,Confirmed,8,10018.98
101629,City Hotel,2024-02-28,2024-04-30,3,0,A,BB,UK,Direct,Confirmed,6,6973.02
101630,City Hotel,2024-03-30,2024-08-15,2,0,C,BB,USA,Groups,Confirmed,9,8686.08
101631,Resort Hotel,2024-11-26,2025-03-26,3,0,B,BB,France,Corporate,Cancelled,5,5146.48
101632,City Hotel,2024-07-12,2024-10-27,3,0,A,BB,India,Corporate,Confirmed,8,8341.0
101633,Resort Hotel,2024-05-02,2024-09-20,2,0,C,HB,Germany,Online,Cancelled,7,7630.28
101634,Resort Hotel,2024-05-15,2024-07-30,2,0,A,BB,France,Online,Confirmed,10,2872.64
101635,Resort Hotel,2024-05-18,2024-05-27,2,0,A,BB,UK,Online,Confirmed,1,10724.6
101636,City Hotel,2024-08-16,2024-09-24,3,0,A,BB,Australia,Online,Confirmed,7,7156.83
101637,City Hotel,2024-09-30,2024-10-24,2,1,A,SC,Canada,Corporate,Checked-Out,4,7057.5
101638,City Hotel,2024-02-19,2024-06-23,3,0,A,HB,USA,Groups,Confirmed,6,5192.58
101639,Resort Hotel,2024-04-27,2024-08-23,4,0,A,HB,India,Offline,Checked-Out,9,4365.68
101640,Resort Hotel,2024-07-20,2024-08-23,4,0,B,BB,Germany,Online,Confirmed,9,5268.03
101641,City Hotel,2024-07-09,2024-09-08,2,0,C,BB,UK,Offline,Cancelled,9,8674.81
101642,Resort Hotel,2024-12-29,2025-06-16,3,1,A,BB,France,Online,Cancelled,5,3427.67
101643,City Hotel,2024-11-18,2025-03-31,4,0,A,HB,UAE,Online,Confirmed,4,5662.21
101644,City Hotel,2024-06-29,2024-09-16,2,2,A,BB,France,Online,Cancelled,6,11798.03
101645,City Hotel,2024-03-18,2024-05-07,2,0,D,BB,Germany,Direct,Confirmed,10,5079.52
101646,Resort Hotel,2024-03-15,2024-07-25,1,0,A,FB,USA,Corporate,Cancelled,5,11683.22
101647,City Hotel,2024-10-21,2024-12-11,1,0,D,BB,Australia,Online,Checked-Out,10,3495.7
101648,Resort Hotel,2024-10-07,2024-11-28,3,0,A,FB,Canada,Online,Confirmed,5,10042.86
101649,Resort Hotel,2024-01-21,2024-05-22,2,0,E,FB,UK,Online,Cancelled,8,6677.51
101650,Resort Hotel,2024-06-19,2024-12-03,3,0,A,BB,Germany,Online,Confirmed,10,4350.76
101651,City Hotel,2024-01-15,2024-01-23,3,0,A,SC,Germany,Groups,Confirmed,5,9980.51
101652,City Hotel,2024-07-29,2024-11-19,2,1,B,BB,France,Groups,Confirmed,1,2566.32
101653,City Hotel,2024-02-17,2024-04-02,2,1,B,SC,UAE,Groups,Confirmed,5,5797.83
101654,City Hotel,2024-03-26,2024-06-22,1,0,B,BB,Germany,Online,Confirmed,5,8246.14
101655,City Hotel,2024-05-28,2024-06-25,3,0,A,HB,India,Online,Cancelled,5,4694.22
101656,Resort Hotel,2024-07-06,2024-11-02,2,0,A,HB,India,Groups,Confirmed,3,5659.07
101657,City Hotel,2024-11-01,2025-02-16,2,1,B,BB,UK,Groups,Checked-Out,9,3368.81
101658,City Hotel,2024-05-30,2024-06-26,1,0,E,HB,Germany,Online,Cancelled,5,10605.52
101659,City Hotel,2024-05-20,2024-10-29,3,0,E,SC,France,Corporate,Cancelled,2,6510.58
101660,City Hotel,2024-03-09,2024-05-29,3,0,B,SC,Australia,Online,Confirmed,5,3880.3
101661,City Hotel,2024-09-16,2024-12-26,2,0,A,HB,UK,Offline,Confirmed,9,4391.39
101662,City Hotel,2024-11-29,2025-01-30,2,1,A,HB,USA,Online,Checked-Out,8,5114.09
101663,Resort Hotel,2024-01-09,2024-03-11,3,1,D,BB,France,Offline,Confirmed,6,4679.93
101664,City Hotel,2024-04-30,2024-10-13,2,0,D,FB,USA,Online,Confirmed,9,7281.41
101665,Resort Hotel,2024-04-10,2024-05-06,2,0,E,HB,UK,Direct,Confirmed,7,11099.57
101666,Resort Hotel,2024-05-28,2024-09-26,2,0,B,FB,UAE,Online,Confirmed,2,4247.19
101667,City Hotel,2024-05-25,2024-06-18,1,0,D,HB,India,Online,Checked-Out,1,6807.74
101668,Resort Hotel,2024-12-18,2025-01-26,2,0,D,BB,France,Online,Cancelled,3,8807.33
101669,City Hotel,2024-08-30,2025-01-01,2,0,B,BB,Australia,Direct,Confirmed,4,4246.04
101670,Resort Hotel,2024-08-28,2024-09-18,2,1,C,BB,France,Online,Checked-Out,9,3962.93
101671,City Hotel,2024-12-02,2025-03-06,2,1,A,HB,UK,Corporate,Cancelled,5,3975.95
101672,Resort Hotel,2024-02-12,2024-08-05,2,0,B,BB,France,Online,Cancelled,2,10878.85
101673,Resort Hotel,2024-04-04,2024-07-28,2,0,E,HB,France,Online,Confirmed,10,9257.02
101674,Resort Hotel,2024-08-13,2025-02-05,2,0,A,BB,UAE,Direct,Confirmed,5,5695.5
101675,Resort Hotel,2024-01-06,2024-05-06,2,1,C,BB,UK,Online,Confirmed,2,11074.33
101676,City Hotel,2024-08-01,2024-08-14,4,1,A,BB,Canada,Groups,Cancelled,9,11558.68
101677,City Hotel,2024-07-24,2024-12-02,1,0,D,BB,Germany,Corporate,Confirmed,6,6283.6
101678,City Hotel,2024-03-07,2024-08-14,3,0,C,BB,UK,Corporate,Checked-Out,5,7349.25
101679,City Hotel,2024-04-09,2024-09-19,2,1,E,HB,France,Online,Confirmed,2,5901.8
101680,Resort Hotel,2024-01-12,2024-01-31,2,0,C,BB,Australia,Online,Confirmed,7,4661.78
101681,City Hotel,2024-08-24,2025-01-13,2,0,A,BB,Australia,Groups,Checked-Out,7,9910.09
101682,Resort Hotel,2024-11-17,2025-05-12,2,0,A,SC,UAE,Online,Confirmed,2,8666.1
101683,City Hotel,2024-09-14,2024-12-04,3,0,C,BB,UK,Offline,Confirmed,10,5985.46
101684,Resort Hotel,2024-12-02,2025-04-04,2,0,A,FB,France,Online,Checked-Out,6,2636.61
101685,City Hotel,2024-05-14,2024-07-21,2,0,C,SC,USA,Online,Confirmed,10,9754.9
101686,Resort Hotel,2024-08-09,2025-01-29,3,0,A,BB,USA,Corporate,Confirmed,10,7035.03
101687,Resort Hotel,2024-06-04,2024-06-23,2,1,D,BB,India,Groups,Confirmed,3,3194.31
101688,City Hotel,2024-05-21,2024-07-24,2,0,A,BB,Canada,Online,Cancelled,8,3682.77
101689,City Hotel,2024-06-06,2024-09-15,1,0,E,BB,UAE,Online,Confirmed,5,8469.59
101690,Resort Hotel,2024-11-21,2025-01-26,2,0,C,BB,UK,Corporate,Checked-Out,8,7690.16
101691,City Hotel,2024-12-09,2025-02-13,2,0,A,BB,UK,Online,Confirmed,7,4784.54
101692,City Hotel,2024-09-18,2024-12-02,2,0,B,BB,USA,Online,Confirmed,8,3828.85
101693,City Hotel,2024-10-09,2024-11-23,2,0,E,FB,USA,Online,Confirmed,1,10904.98
101694,City Hotel,2024-12-03,2025-02-28,1,0,C,BB,USA,Direct,Confirmed,6,3781.24
101695,City Hotel,2024-12-09,2025-02-14,3,1,A,HB,UAE,Corporate,Confirmed,3,3313.92
101696,City Hotel,2024-08-16,2024-08-19,3,1,E,HB,Australia,Groups,Checked-Out,5,8389.45
101697,City Hotel,2024-10-06,2025-03-21,4,1,A,BB,Australia,Online,Confirmed,2,4899.25
101698,City Hotel,2024-12-23,2025-06-11,3,0,A,BB,India,Online,Confirmed,4,8737.7
101699,Resort Hotel,2024-10-16,2025-04-02,3,0,C,BB,India,Online,Checked-Out,6,7146.43
101700,City Hotel,2024-06-16,2024-12-11,3,0,A,HB,Germany,Online,Confirmed,1,4506.86
101701,Resort Hotel,2024-02-16,2024-07-28,2,1,B,BB,Australia,Online,Confirmed,2,3161.57
101702,City Hotel,2024-07-21,2024-08-14,1,0,C,HB,UK,Direct,Confirmed,2,3171.18
101703,City Hotel,2024-08-01,2024-10-28,2,1,B,HB,India,Online,Confirmed,9,8065.67
101704,City Hotel,2024-09-02,2024-09-19,1,0,A,FB,France,Direct,Confirmed,5,9703.33
101705,City Hotel,2024-01-24,2024-03-04,3,1,B,BB,UK,Groups,Confirmed,5,9051.77
101706,City Hotel,2024-11-16,2025-05-07,2,1,B,HB,Germany,Offline,Confirmed,6,8132.1
101707,City Hotel,2024-09-30,2025-02-28,2,0,B,BB,USA,Online,Confirmed,10,4503.82
101708,City Hotel,2024-02-13,2024-02-19,1,1,D,BB,Germany,Online,Confirmed,3,10686.99
101709,City Hotel,2024-11-27,2025-04-25,2,0,A,BB,UK,Online,Confirmed,9,8474.03
101710,Resort Hotel,2024-11-08,2025-03-07,2,2,C,HB,USA,Offline,Checked-Out,3,9094.89
101711,City Hotel,2024-12-28,2025-04-27,2,1,C,SC,Germany,Groups,Cancelled,4,4626.4
101712,City Hotel,2024-06-04,2024-07-09,2,2,C,BB,Germany,Offline,Confirmed,9,4984.16
101713,Resort Hotel,2024-07-17,2024-11-07,1,0,B,BB,UK,Direct,Confirmed,10,11121.72
101714,City Hotel,2024-06-10,2024-07-09,2,0,A,BB,India,Online,Cancelled,8,7022.7
101715,City Hotel,2024-08-21,2024-08-28,2,1,A,HB,UAE,Groups,Cancelled,6,7761.5
101716,Resort Hotel,2024-06-11,2024-08-03,3,2,C,BB,UAE,Offline,Cancelled,8,3552.27
101717,City Hotel,2024-04-25,2024-10-07,2,0,B,BB,France,Offline,Confirmed,1,6248.45
101718,Resort Hotel,2024-04-02,2024-04-25,2,0,A,HB,Germany,Online,Confirmed,4,10926.84
101719,Resort Hotel,2024-02-11,2024-05-18,4,0,B,HB,UAE,Online,Checked-Out,10,11051.43
101720,City Hotel,2024-10-10,2025-02-23,2,1,D,BB,France,Online,Checked-Out,4,9436.45
101721,City Hotel,2024-07-28,2024-10-12,2,1,A,HB,Australia,Groups,Confirmed,2,7683.56
101722,City Hotel,2024-07-24,2025-01-16,2,0,E,BB,Australia,Groups,Checked-Out,2,11342.81
101723,City Hotel,2024-08-07,2024-08-17,3,0,A,BB,UK,Online,Confirmed,10,10782.49
101724,City Hotel,2024-10-06,2025-01-31,2,0,B,BB,Canada,Corporate,Checked-Out,9,10540.34
101725,Resort Hotel,2024-05-15,2024-06-08,2,0,B,FB,UK,Online,Confirmed,6,10877.17
101726,City Hotel,2024-04-15,2024-10-07,3,1,A,FB,Canada,Online,Cancelled,7,6805.76
101727,City Hotel,2024-04-27,2024-06-05,1,0,E,BB,Canada,Online,Cancelled,4,7492.15
101728,Resort Hotel,2024-08-24,2024-10-29,3,0,B,HB,Canada,Online,Confirmed,3,6528.12
101729,Resort Hotel,2024-11-04,2024-11-10,2,1,A,HB,India,Online,Confirmed,3,9530.64
101730,City Hotel,2024-04-09,2024-04-30,2,0,C,SC,Canada,Online,Confirmed,5,8123.31
101731,City Hotel,2024-09-17,2024-11-29,3,0,C,SC,USA,Corporate,Confirmed,6,3162.13
101732,City Hotel,2024-10-31,2025-01-13,2,1,E,HB,France,Online,Confirmed,2,3797.7
101733,City Hotel,2024-12-19,2025-01-24,3,0,A,BB,UAE,Offline,Confirmed,7,4327.08
101734,City Hotel,2024-10-12,2025-02-20,4,1,A,BB,Germany,Direct,Confirmed,7,8870.26
101735,City Hotel,2024-11-23,2025-05-12,2,0,A,HB,USA,Corporate,Cancelled,1,3543.15
101736,Resort Hotel,2024-04-12,2024-10-02,3,1,C,SC,Australia,Offline,Confirmed,7,7637.79
101737,City Hotel,2024-03-03,2024-04-16,1,0,B,BB,UAE,Online,Confirmed,4,10487.93
101738,City Hotel,2024-06-23,2024-09-22,3,0,E,HB,Australia,Online,Cancelled,4,11501.39
101739,City Hotel,2024-10-08,2025-03-18,2,0,C,HB,France,Online,Confirmed,3,6568.21
101740,City Hotel,2024-10-19,2024-12-18,2,2,E,BB,UAE,Online,Confirmed,9,7567.58
101741,Resort Hotel,2024-08-13,2024-11-14,2,2,E,HB,France,Online,Confirmed,3,10399.52
101742,Resort Hotel,2024-01-07,2024-03-30,2,0,A,BB,Canada,Direct,Cancelled,4,11389.55
101743,Resort Hotel,2024-05-06,2024-07-28,2,0,A,HB,UAE,Corporate,Confirmed,3,6203.68
101744,City Hotel,2024-04-01,2024-06-17,3,0,A,HB,USA,Direct,Checked-Out,8,5854.07
101745,City Hotel,2024-07-08,2024-08-03,3,0,A,SC,USA,Online,Checked-Out,8,6783.02
101746,City Hotel,2024-12-24,2025-01-14,1,1,B,SC,India,Online,Confirmed,10,4911.14
101747,City Hotel,2024-02-22,2024-06-21,1,0,A,BB,Germany,Online,Checked-Out,8,10666.81
101748,City Hotel,2024-08-29,2025-01-06,3,1,A,BB,Germany,Direct,Confirmed,5,5522.88
101749,Resort Hotel,2024-05-11,2024-11-02,2,1,A,HB,Germany,Online,Confirmed,7,6769.84
101750,City Hotel,2024-12-29,2025-04-16,2,0,A,HB,Canada,Groups,Confirmed,3,5539.65
101751,City Hotel,2024-04-21,2024-09-26,2,1,A,FB,UAE,Direct,Confirmed,8,3629.75
101752,City Hotel,2024-01-07,2024-02-03,2,0,A,BB,Australia,Online,Checked-Out,10,8263.15
101753,City Hotel,2024-08-17,2024-10-27,2,0,A,FB,Australia,Online,Cancelled,2,8082.3
101754,City Hotel,2024-06-04,2024-10-30,3,1,A,BB,USA,Online,Confirmed,8,5301.55
101755,Resort Hotel,2024-07-15,2024-09-03,2,0,D,BB,India,Offline,Confirmed,6,2798.28
101756,Resort Hotel,2024-11-18,2025-02-21,1,0,A,BB,UK,Groups,Checked-Out,2,11399.09
101757,Resort Hotel,2024-12-29,2025-01-21,3,1,D,FB,India,Online,Confirmed,6,5877.7
101758,City Hotel,2024-08-10,2024-12-29,2,0,B,BB,UAE,Corporate,Confirmed,10,7618.17
101759,City Hotel,2024-09-06,2024-11-26,2,0,B,SC,Australia,Online,Confirmed,2,3865.61
101760,City Hotel,2024-03-23,2024-08-02,2,1,B,HB,Canada,Online,Checked-Out,3,4886.1
101761,City Hotel,2024-08-27,2025-01-16,1,0,A,BB,USA,Direct,Confirmed,5,6634.9
101762,Resort Hotel,2024-12-25,2025-01-14,2,2,A,HB,India,Groups,Confirmed,1,7841.32
101763,City Hotel,2024-11-18,2025-03-22,1,0,C,BB,USA,Online,Confirmed,9,10613.13
101764,City Hotel,2024-09-19,2024-10-02,2,0,E,HB,France,Online,Checked-Out,10,5258.93
101765,City Hotel,2024-07-07,2024-07-10,1,1,E,BB,France,Direct,Confirmed,3,10781.92
101766,City Hotel,2024-12-31,2025-06-24,2,0,C,HB,UK,Offline,Cancelled,1,6855.22
101767,Resort Hotel,2024-10-16,2025-02-24,3,1,A,BB,Australia,Direct,Confirmed,6,6610.43
101768,City Hotel,2024-12-27,2025-05-05,2,2,B,BB,Canada,Online,Cancelled,1,6265.94
101769,City Hotel,2024-02-27,2024-05-27,2,1,C,BB,France,Groups,Cancelled,3,10918.69
101770,City Hotel,2024-01-09,2024-06-09,3,0,D,BB,UK,Groups,Cancelled,7,4884.66
101771,City Hotel,2024-10-30,2024-12-04,2,0,A,SC,Germany,Corporate,Cancelled,4,10644.96
101772,Resort Hotel,2024-04-24,2024-05-08,2,1,E,BB,USA,Offline,Confirmed,9,3346.48
101773,Resort Hotel,2024-07-28,2024-12-16,2,0,A,HB,Canada,Corporate,Checked-Out,7,11575.62
101774,Resort Hotel,2024-02-10,2024-08-03,3,0,B,BB,Germany,Online,Cancelled,5,7278.65
101775,Resort Hotel,2024-10-30,2024-12-19,1,0,E,BB,Germany,Online,Confirmed,9,11989.6
101776,City Hotel,2024-06-21,2024-09-07,2,0,E,HB,UAE,Direct,Confirmed,3,8275.37
101777,Resort Hotel,2024-08-21,2025-01-22,2,0,C,HB,UK,Groups,Checked-Out,8,3617.22
101778,City Hotel,2024-10-07,2024-10-10,2,2,A,BB,UAE,Offline,Confirmed,8,3078.47
101779,City Hotel,2024-03-18,2024-09-13,3,0,A,BB,USA,Online,Confirmed,4,4337.48
101780,Resort Hotel,2024-04-17,2024-05-27,2,0,A,HB,UK,Online,Checked-Out,1,6500.91
101781,City Hotel,2024-10-07,2025-03-20,1,1,C,BB,India,Offline,Confirmed,4,9598.3
101782,Resort Hotel,2024-02-08,2024-03-30,4,0,B,BB,Germany,Direct,Confirmed,9,2506.79
101783,City Hotel,2024-04-28,2024-04-29,1,1,B,BB,USA,Online,Cancelled,10,4944.79
101784,City Hotel,2024-11-30,2025-03-14,1,0,B,BB,Germany,Direct,Checked-Out,1,8081.91
101785,Resort Hotel,2024-12-01,2025-05-11,2,1,B,SC,India,Online,Confirmed,3,5329.89
101786,Resort Hotel,2024-01-27,2024-06-10,3,0,B,HB,Australia,Groups,Cancelled,8,5890.96
101787,City Hotel,2024-04-13,2024-08-08,3,1,E,BB,India,Offline,Confirmed,3,5357.25
101788,City Hotel,2024-03-14,2024-07-08,3,0,A,SC,Australia,Groups,Confirmed,2,11555.24
101789,City Hotel,2024-07-09,2024-08-30,1,0,D,SC,USA,Online,Checked-Out,1,3125.42
101790,City Hotel,2024-11-19,2025-03-19,2,0,A,BB,USA,Offline,Checked-Out,9,11121.36
101791,City Hotel,2024-05-26,2024-10-12,2,2,C,FB,Canada,Direct,Checked-Out,10,5570.77
101792,Resort Hotel,2024-09-11,2025-02-13,3,0,E,BB,India,Online,Checked-Out,3,4842.19
101793,City Hotel,2024-10-10,2025-03-01,2,0,A,FB,UAE,Online,Cancelled,7,10891.05
101794,Resort Hotel,2024-07-31,2024-10-25,1,0,A,BB,Germany,Groups,Confirmed,10,5227.3
101795,City Hotel,2024-05-02,2024-06-17,3,0,A,HB,France,Corporate,Confirmed,3,11881.09
101796,City Hotel,2024-07-24,2024-10-08,2,0,A,BB,Germany,Online,Cancelled,8,7706.83
101797,Resort Hotel,2024-08-27,2024-09-06,2,1,C,SC,France,Groups,Cancelled,9,7025.53
101798,City Hotel,2024-12-04,2025-05-05,3,1,A,BB,UAE,Online,Confirmed,8,11776.63
101799,City Hotel,2024-10-12,2024-12-12,2,2,A,BB,UK,Offline,Cancelled,5,4654.29
101800,City Hotel,2024-01-22,2024-02-09,2,1,C,HB,USA,Corporate,Cancelled,10,11135.21
101801,Resort Hotel,2024-09-15,2024-12-10,2,0,B,HB,UAE,Corporate,Checked-Out,2,8119.48
101802,Resort Hotel,2024-12-22,2025-05-08,2,1,A,HB,India,Direct,Checked-Out,6,9672.19
101803,City Hotel,2024-04-14,2024-09-06,1,0,B,HB,UK,Online,Confirmed,8,8029.33
101804,City Hotel,2024-09-14,2025-01-20,2,1,C,HB,UAE,Groups,Confirmed,2,8377.16
101805,City Hotel,2024-07-22,2024-11-03,2,0,A,BB,Germany,Online,Cancelled,6,3971.75
101806,Resort Hotel,2024-11-05,2025-03-26,3,1,B,BB,France,Direct,Confirmed,7,3940.79
101807,Resort Hotel,2024-09-18,2025-03-15,2,0,D,BB,Australia,Online,Checked-Out,9,6272.99
101808,City Hotel,2024-04-16,2024-07-26,2,0,A,SC,USA,Online,Confirmed,9,5790.7
101809,City Hotel,2024-09-07,2024-09-13,2,0,C,BB,France,Direct,Cancelled,2,9264.57
101810,City Hotel,2024-08-08,2024-11-01,3,0,D,BB,Germany,Offline,Checked-Out,1,9366.22
101811,Resort Hotel,2024-08-09,2024-09-29,2,0,D,HB,Canada,Online,Cancelled,7,7856.02
101812,Resort Hotel,2024-09-14,2024-10-20,3,1,C,BB,Germany,Online,Cancelled,6,6319.09
101813,City Hotel,2024-07-19,2024-09-28,3,1,C,BB,India,Direct,Checked-Out,10,8929.69
101814,City Hotel,2024-09-14,2024-12-23,3,0,C,HB,UK,Corporate,Checked-Out,10,9029.78
101815,City Hotel,2024-12-14,2025-01-08,3,0,C,BB,USA,Online,Checked-Out,10,10186.47
101816,Resort Hotel,2024-08-12,2024-12-29,1,0,B,HB,India,Corporate,Cancelled,4,10211.44
101817,City Hotel,2024-07-20,2024-09-02,3,1,A,BB,France,Online,Cancelled,9,3160.89
101818,Resort Hotel,2024-08-13,2024-08-27,3,0,A,BB,Canada,Online,Checked-Out,1,6053.49
101819,City Hotel,2024-08-23,2024-09-21,4,0,A,SC,UK,Online,Confirmed,7,6489.33
101820,City Hotel,2024-07-01,2024-09-13,1,0,A,BB,UAE,Corporate,Checked-Out,5,10545.79
101821,City Hotel,2024-07-18,2024-09-06,2,0,B,BB,USA,Online,Checked-Out,5,7267.17
101822,City Hotel,2024-12-22,2024-12-27,2,0,E,FB,France,Online,Cancelled,6,7143.65
101823,City Hotel,2024-09-02,2024-12-21,2,0,E,BB,USA,Direct,Confirmed,2,7760.84
101824,Resort Hotel,2024-12-18,2025-04-19,3,0,C,BB,USA,Direct,Confirmed,3,3708.53
101825,City Hotel,2024-04-20,2024-07-17,4,0,E,BB,Australia,Direct,Confirmed,9,7870.32
101826,City Hotel,2024-01-06,2024-03-03,2,0,E,HB,Australia,Online,Confirmed,4,7739.7
101827,City Hotel,2024-08-23,2024-09-18,3,0,D,BB,UAE,Direct,Confirmed,6,9667.04
101828,Resort Hotel,2024-05-06,2024-05-12,1,0,A,HB,Canada,Offline,Checked-Out,3,8524.46
101829,Resort Hotel,2024-04-13,2024-09-04,1,0,A,BB,UK,Online,Checked-Out,3,11572.79
101830,City Hotel,2024-08-24,2024-10-23,2,0,B,BB,Australia,Online,Confirmed,9,3260.96
101831,Resort Hotel,2024-06-03,2024-09-11,2,1,A,HB,France,Direct,Checked-Out,9,9830.69
101832,City Hotel,2024-09-13,2024-09-25,3,0,D,BB,Australia,Corporate,Cancelled,3,9639.27
101833,City Hotel,2024-08-22,2024-11-05,2,1,A,BB,Canada,Corporate,Confirmed,3,5058.78
101834,Resort Hotel,2024-10-15,2024-10-18,2,0,A,HB,Canada,Direct,Checked-Out,6,9136.23
101835,Resort Hotel,2024-02-09,2024-04-12,2,0,A,SC,India,Online,Confirmed,1,8763.55
101836,Resort Hotel,2024-10-14,2025-02-25,2,0,B,BB,India,Direct,Checked-Out,5,5337.71
101837,City Hotel,2024-07-15,2024-08-03,3,0,B,BB,India,Online,Cancelled,9,9375.93
101838,City Hotel,2024-09-29,2024-10-17,2,0,C,BB,Canada,Online,Cancelled,9,11341.2
101839,Resort Hotel,2024-09-20,2024-12-09,2,1,A,FB,USA,Groups,Checked-Out,8,5399.58
101840,City Hotel,2024-02-26,2024-08-15,3,1,B,SC,Germany,Groups,Confirmed,6,11810.78
101841,City Hotel,2024-10-24,2025-01-05,2,0,C,SC,UK,Corporate,Checked-Out,9,4630.72
101842,City Hotel,2024-04-07,2024-08-16,3,0,C,BB,India,Online,Cancelled,3,3779.1
101843,City Hotel,2024-05-16,2024-09-19,1,0,A,BB,UK,Direct,Checked-Out,9,3231.98
101844,City Hotel,2024-03-27,2024-06-07,2,0,A,BB,Australia,Corporate,Cancelled,8,4529.99
101845,Resort Hotel,2024-08-29,2024-10-06,4,2,A,BB,UAE,Direct,Confirmed,1,5753.86
101846,City Hotel,2024-07-17,2024-09-23,3,0,C,HB,USA,Corporate,Checked-Out,9,9465.02
101847,City Hotel,2024-11-05,2025-04-26,2,2,A,BB,UK,Online,Confirmed,8,3184.1
101848,City Hotel,2024-03-24,2024-06-12,2,0,A,HB,India,Online,Checked-Out,8,7319.02
101849,Resort Hotel,2024-08-29,2024-10-10,3,0,A,SC,India,Corporate,Checked-Out,6,7428.06
101850,City Hotel,2024-10-07,2024-12-10,2,0,C,BB,Canada,Groups,Cancelled,9,4665.46
101851,City Hotel,2024-11-18,2025-02-04,1,0,B,HB,USA,Offline,Checked-Out,8,2931.84
101852,Resort Hotel,2024-09-08,2025-01-13,2,0,B,BB,USA,Corporate,Confirmed,2,4638.63
101853,Resort Hotel,2024-07-08,2024-10-21,1,0,B,BB,France,Online,Confirmed,6,4688.7
101854,Resort Hotel,2024-05-31,2024-08-15,2,0,A,BB,USA,Online,Cancelled,8,9036.23
101855,Resort Hotel,2024-10-28,2025-04-11,3,0,A,BB,Germany,Online,Checked-Out,6,4720.9
101856,City Hotel,2024-10-04,2025-02-13,1,0,A,BB,Germany,Direct,Confirmed,9,5732.51
101857,Resort Hotel,2024-05-18,2024-09-25,3,0,A,HB,India,Online,Checked-Out,5,2950.58
101858,City Hotel,2024-06-24,2024-10-24,2,0,D,HB,UAE,Direct,Cancelled,8,8427.49
101859,Resort Hotel,2024-01-08,2024-02-21,2,1,B,BB,Australia,Groups,Confirmed,10,7004.37
101860,Resort Hotel,2024-10-21,2025-01-31,2,0,C,FB,USA,Online,Confirmed,2,5777.21
101861,Resort Hotel,2024-08-22,2024-10-23,2,0,A,FB,Germany,Online,Confirmed,5,9177.36
101862,Resort Hotel,2024-06-11,2024-06-12,1,0,A,HB,Canada,Online,Confirmed,1,8980.16
101863,City Hotel,2024-02-18,2024-03-06,1,1,A,BB,Germany,Online,Checked-Out,5,5615.12
101864,City Hotel,2024-10-28,2024-11-13,3,0,C,BB,Canada,Direct,Confirmed,7,9239.37
101865,Resort Hotel,2024-02-07,2024-02-16,2,0,A,HB,France,Corporate,Confirmed,1,5807.99
101866,Resort Hotel,2024-05-15,2024-07-13,1,0,A,FB,Australia,Direct,Cancelled,10,4608.99
101867,City Hotel,2024-11-05,2025-03-04,4,1,C,BB,Canada,Offline,Checked-Out,3,9338.38
101868,City Hotel,2024-08-06,2024-12-21,4,0,E,HB,Australia,Online,Cancelled,6,9416.24
101869,City Hotel,2024-12-13,2025-05-02,2,0,A,BB,USA,Direct,Confirmed,1,10724.79
101870,Resort Hotel,2024-10-22,2025-02-18,1,0,A,HB,France,Direct,Checked-Out,3,7258.97
101871,Resort Hotel,2024-02-03,2024-03-15,3,0,A,BB,Australia,Online,Confirmed,8,4707.6
101872,City Hotel,2024-12-17,2025-05-09,3,1,C,HB,UAE,Online,Confirmed,9,10450.52
101873,City Hotel,2024-03-19,2024-05-24,1,0,A,HB,Australia,Direct,Confirmed,7,4159.34
101874,Resort Hotel,2024-08-23,2024-11-06,1,1,B,BB,Canada,Online,Checked-Out,4,11416.83
101875,Resort Hotel,2024-09-29,2024-10-10,3,0,B,BB,UK,Offline,Cancelled,7,5413.21
101876,City Hotel,2024-06-09,2024-06-17,3,0,A,SC,France,Online,Checked-Out,7,2678.25
101877,City Hotel,2024-06-23,2024-11-04,3,1,A,BB,Australia,Online,Confirmed,7,4274.28
101878,City Hotel,2024-12-31,2025-05-28,2,0,A,HB,UK,Online,Confirmed,8,6440.52
101879,City Hotel,2024-11-03,2025-04-19,2,0,A,HB,UK,Direct,Confirmed,4,3024.3
101880,City Hotel,2024-08-08,2024-11-15,2,0,A,FB,UAE,Online,Confirmed,4,6390.45
101881,Resort Hotel,2024-01-09,2024-03-21,2,1,B,BB,Australia,Online,Checked-Out,9,4427.38
101882,Resort Hotel,2024-10-15,2025-02-05,2,0,C,FB,Canada,Online,Confirmed,8,2680.07
101883,City Hotel,2024-04-22,2024-08-07,2,0,A,BB,USA,Online,Confirmed,4,5340.56
101884,Resort Hotel,2024-07-23,2024-08-26,2,0,B,BB,UK,Online,Cancelled,6,4649.89
101885,City Hotel,2024-07-04,2024-08-30,2,2,A,HB,UK,Online,Confirmed,9,6487.72
101886,City Hotel,2024-12-06,2025-04-02,3,0,C,SC,UAE,Corporate,Confirmed,6,9710.65
101887,City Hotel,2024-07-15,2024-11-12,3,0,D,BB,France,Direct,Confirmed,5,7342.87
101888,City Hotel,2024-09-22,2025-02-16,3,0,D,BB,USA,Online,Checked-Out,7,9796.62
101889,Resort Hotel,2024-09-18,2024-11-28,3,2,A,BB,UAE,Online,Confirmed,2,5698.45
101890,Resort Hotel,2024-09-04,2025-02-10,2,1,B,BB,Canada,Groups,Checked-Out,8,2625.25
101891,City Hotel,2024-04-24,2024-06-03,2,0,C,SC,USA,Corporate,Cancelled,7,11260.64
101892,City Hotel,2024-04-30,2024-09-19,2,0,A,HB,UK,Offline,Confirmed,6,5489.79
101893,Resort Hotel,2024-05-20,2024-08-31,1,0,B,FB,Canada,Online,Confirmed,3,7505.34
101894,City Hotel,2024-03-05,2024-07-07,3,0,D,BB,France,Online,Checked-Out,9,6957.54
101895,City Hotel,2024-10-02,2025-02-02,1,0,A,BB,France,Corporate,Cancelled,2,8039.31
101896,Resort Hotel,2024-11-08,2025-02-16,2,0,B,HB,France,Online,Confirmed,4,10907.16
101897,City Hotel,2024-08-26,2025-02-07,2,0,C,BB,UAE,Online,Confirmed,2,10738.82
101898,City Hotel,2024-10-28,2025-04-18,2,0,A,HB,France,Online,Confirmed,6,11819.79
101899,City Hotel,2024-01-10,2024-05-26,2,1,A,BB,India,Online,Cancelled,7,7519.51
101900,Resort Hotel,2024-08-20,2024-10-17,2,0,A,BB,Canada,Online,Confirmed,9,11263.41
101901,City Hotel,2024-07-13,2024-12-08,2,0,A,FB,UAE,Direct,Checked-Out,6,7083.28
101902,City Hotel,2024-01-12,2024-04-30,2,0,A,HB,Australia,Corporate,Checked-Out,6,2921.84
101903,Resort Hotel,2024-06-25,2024-10-24,3,0,A,BB,UAE,Online,Confirmed,5,3888.85
101904,City Hotel,2024-06-25,2024-09-25,2,0,A,FB,UAE,Online,Confirmed,10,5672.87
101905,Resort Hotel,2024-08-04,2024-09-23,2,0,B,HB,UK,Direct,Checked-Out,10,9391.85
101906,City Hotel,2024-01-11,2024-06-07,2,0,A,HB,UK,Online,Cancelled,4,3273.03
101907,Resort Hotel,2024-04-27,2024-08-10,1,0,A,BB,UK,Corporate,Checked-Out,10,5934.74
101908,City Hotel,2024-06-12,2024-11-23,2,1,A,BB,USA,Corporate,Checked-Out,4,11832.43
101909,City Hotel,2024-02-08,2024-06-04,2,0,A,FB,Canada,Online,Confirmed,4,9963.96
101910,City Hotel,2024-02-22,2024-03-20,3,0,A,BB,USA,Online,Confirmed,5,7933.96
101911,City Hotel,2024-08-05,2024-09-06,3,1,A,BB,France,Corporate,Confirmed,1,3086.82
101912,Resort Hotel,2024-07-24,2024-07-25,1,0,C,BB,Australia,Online,Confirmed,2,2638.88
101913,Resort Hotel,2024-11-07,2024-11-24,2,0,A,BB,Canada,Online,Cancelled,3,3499.86
101914,City Hotel,2024-12-25,2025-05-11,1,0,A,HB,USA,Online,Cancelled,7,5607.74
101915,City Hotel,2024-02-25,2024-05-19,1,0,C,BB,Germany,Offline,Confirmed,1,8260.74
101916,Resort Hotel,2024-04-27,2024-06-11,2,0,B,BB,Canada,Groups,Checked-Out,3,4376.06
101917,Resort Hotel,2024-09-09,2024-11-14,2,0,B,FB,UK,Direct,Confirmed,7,2985.94
101918,City Hotel,2024-10-12,2024-11-13,2,1,D,BB,UK,Online,Confirmed,6,3363.06
101919,City Hotel,2024-09-24,2024-11-08,3,0,A,BB,India,Online,Confirmed,2,6554.55
101920,City Hotel,2024-10-17,2024-10-26,3,0,E,BB,India,Online,Cancelled,4,9844.71
101921,Resort Hotel,2024-11-28,2024-12-28,3,0,E,BB,Germany,Online,Cancelled,1,10300.33
101922,City Hotel,2024-06-28,2024-09-20,1,0,A,BB,India,Direct,Confirmed,5,5265.0
101923,City Hotel,2024-12-23,2025-06-07,2,0,D,HB,Australia,Corporate,Cancelled,2,8802.66
101924,City Hotel,2024-08-22,2024-10-21,2,1,C,HB,France,Online,Confirmed,8,6230.74
101925,Resort Hotel,2024-12-08,2024-12-09,2,1,E,FB,France,Offline,Confirmed,10,11738.87
101926,City Hotel,2024-07-14,2024-07-19,2,0,C,HB,Canada,Online,Cancelled,6,6347.13
101927,City Hotel,2024-11-03,2025-01-05,1,0,C,SC,UK,Direct,Confirmed,1,6261.08
101928,City Hotel,2024-03-20,2024-08-31,2,1,A,SC,UAE,Corporate,Confirmed,2,7264.89
101929,City Hotel,2024-05-14,2024-07-18,3,0,B,HB,France,Online,Confirmed,4,2742.27
101930,City Hotel,2024-01-22,2024-04-09,3,0,A,FB,India,Online,Confirmed,3,6470.32
101931,City Hotel,2024-11-26,2025-04-27,2,0,A,HB,Germany,Online,Checked-Out,9,10372.73
101932,City Hotel,2024-08-12,2024-12-22,2,2,E,BB,UAE,Groups,Checked-Out,1,8314.78
101933,City Hotel,2024-02-27,2024-06-20,2,0,A,BB,Australia,Direct,Checked-Out,7,11709.5
101934,City Hotel,2024-04-02,2024-04-27,2,1,C,BB,UAE,Online,Confirmed,9,5593.42
101935,Resort Hotel,2024-07-10,2024-11-22,1,0,A,SC,France,Offline,Checked-Out,9,4034.48
101936,Resort Hotel,2024-04-12,2024-08-31,3,0,A,HB,UK,Direct,Confirmed,6,9630.48
101937,City Hotel,2024-01-07,2024-02-19,2,0,B,HB,UK,Online,Checked-Out,7,2914.74
101938,Resort Hotel,2024-05-07,2024-07-03,2,0,A,BB,UAE,Online,Checked-Out,8,4015.78
101939,City Hotel,2024-02-24,2024-08-06,1,1,E,BB,Australia,Online,Confirmed,3,7316.02
101940,City Hotel,2024-08-18,2025-01-07,1,0,A,BB,India,Online,Confirmed,5,9658.62
101941,City Hotel,2024-12-27,2025-03-09,2,0,A,FB,France,Online,Cancelled,4,8209.21
101942,City Hotel,2024-03-02,2024-03-29,3,0,A,FB,India,Online,Confirmed,9,11951.48
101943,Resort Hotel,2024-08-27,2025-01-02,2,0,A,HB,UK,Corporate,Confirmed,9,8721.93
101944,Resort Hotel,2024-03-30,2024-07-14,2,0,A,BB,Germany,Online,Confirmed,4,9387.19
101945,Resort Hotel,2024-08-19,2025-01-31,3,0,B,BB,France,Online,Cancelled,2,11942.2
101946,City Hotel,2024-08-20,2024-10-30,2,0,B,BB,Canada,Offline,Confirmed,1,8128.39
101947,City Hotel,2024-12-19,2025-05-21,1,1,A,BB,Germany,Online,Checked-Out,3,9288.87
101948,City Hotel,2024-11-28,2025-02-03,2,0,A,FB,Australia,Online,Confirmed,2,5334.11
101949,City Hotel,2024-10-18,2025-01-16,3,1,D,BB,France,Corporate,Confirmed,5,7599.18
101950,City Hotel,2024-12-10,2024-12-14,2,0,B,BB,UK,Offline,Confirmed,6,11163.55
101951,City Hotel,2024-05-31,2024-09-14,2,0,A,HB,France,Online,Checked-Out,9,10606.56
101952,City Hotel,2024-05-24,2024-08-11,4,0,C,BB,UK,Corporate,Cancelled,4,5409.74
101953,City Hotel,2024-05-09,2024-08-13,3,1,C,BB,USA,Direct,Confirmed,4,5893.57
101954,Resort Hotel,2024-05-20,2024-08-21,1,0,C,SC,UK,Corporate,Cancelled,4,10540.55
101955,Resort Hotel,2024-04-02,2024-06-15,3,1,D,BB,UK,Corporate,Confirmed,1,5204.4
101956,Resort Hotel,2024-04-23,2024-08-27,1,0,A,HB,Australia,Direct,Checked-Out,3,10932.37
101957,City Hotel,2024-10-10,2024-10-26,2,0,A,BB,France,Groups,Confirmed,4,9850.81
101958,City Hotel,2024-05-22,2024-10-16,2,0,A,FB,Germany,Offline,Confirmed,1,3947.39
101959,City Hotel,2024-08-10,2025-01-14,2,0,D,BB,UK,Online,Cancelled,5,9337.77
101960,Resort Hotel,2024-08-19,2024-12-13,2,0,A,HB,UAE,Offline,Confirmed,10,10426.11
101961,City Hotel,2024-02-02,2024-07-30,3,1,B,BB,France,Online,Cancelled,9,3871.26
101962,City Hotel,2024-10-02,2024-10-20,2,1,C,BB,UK,Corporate,Cancelled,1,6844.81
101963,Resort Hotel,2024-06-18,2024-12-07,2,1,B,BB,India,Offline,Checked-Out,7,10694.97
101964,City Hotel,2024-05-19,2024-06-04,2,1,A,SC,UAE,Online,Checked-Out,2,4387.18
101965,City Hotel,2024-12-22,2025-05-01,3,1,A,BB,India,Online,Cancelled,10,6766.35
101966,City Hotel,2024-07-19,2024-09-13,3,1,A,HB,India,Groups,Confirmed,9,8321.32
101967,City Hotel,2024-01-23,2024-04-11,2,0,A,HB,UAE,Online,Checked-Out,4,3423.9
101968,City Hotel,2024-08-11,2024-11-22,3,0,A,BB,India,Online,Checked-Out,3,4514.53
101969,City Hotel,2024-09-26,2024-10-24,2,0,C,BB,Germany,Direct,Checked-Out,7,6933.94
101970,City Hotel,2024-12-12,2024-12-17,2,0,D,BB,UAE,Online,Checked-Out,6,6049.97
101971,City Hotel,2024-06-01,2024-09-15,3,2,B,HB,Australia,Offline,Checked-Out,10,5585.37
101972,Resort Hotel,2024-11-28,2024-12-20,1,0,C,BB,UK,Online,Confirmed,8,2750.49
101973,City Hotel,2024-03-25,2024-07-20,4,0,B,FB,India,Groups,Confirmed,9,11315.38
101974,City Hotel,2024-04-18,2024-07-27,2,0,A,HB,France,Offline,Confirmed,7,10778.52
101975,City Hotel,2024-01-31,2024-02-13,2,0,A,FB,India,Direct,Checked-Out,6,6229.89
101976,Resort Hotel,2024-08-16,2024-10-20,3,0,A,BB,USA,Direct,Confirmed,8,4223.06
101977,City Hotel,2024-08-27,2025-01-18,3,0,C,HB,USA,Direct,Cancelled,9,3155.93
101978,City Hotel,2024-12-28,2025-03-24,1,0,E,BB,Australia,Online,Checked-Out,8,3670.28
101979,Resort Hotel,2024-11-05,2025-01-08,1,0,A,BB,Germany,Online,Checked-Out,6,8219.21
101980,Resort Hotel,2024-05-20,2024-06-21,3,0,A,HB,Canada,Offline,Cancelled,8,9472.21
101981,City Hotel,2024-06-04,2024-08-23,1,0,A,HB,USA,Direct,Confirmed,9,3986.01
101982,Resort Hotel,2024-10-25,2024-12-15,3,0,A,BB,UAE,Offline,Confirmed,6,3571.51
101983,City Hotel,2024-12-10,2025-02-27,3,0,B,HB,France,Direct,Checked-Out,6,9065.25
101984,City Hotel,2024-04-08,2024-09-29,2,0,C,BB,India,Online,Checked-Out,2,7411.71
101985,City Hotel,2024-02-16,2024-08-14,2,1,C,FB,USA,Online,Checked-Out,9,6032.45
101986,City Hotel,2024-11-22,2025-03-08,2,0,B,BB,USA,Online,Checked-Out,8,9387.3
101987,Resort Hotel,2024-03-07,2024-05-09,2,1,A,BB,Germany,Offline,Confirmed,5,6828.93
101988,City Hotel,2024-03-02,2024-05-17,3,0,E,HB,UAE,Corporate,Cancelled,10,6918.66
101989,City Hotel,2024-04-18,2024-06-17,4,1,C,HB,USA,Corporate,Confirmed,3,2649.54
101990,Resort Hotel,2024-06-15,2024-08-19,2,0,A,HB,UAE,Corporate,Checked-Out,9,5502.09
101991,Resort Hotel,2024-02-06,2024-06-02,2,0,A,HB,India,Online,Confirmed,10,2547.83
101992,City Hotel,2024-04-28,2024-07-18,2,0,D,SC,Australia,Online,Confirmed,7,11276.55
101993,City Hotel,2024-03-26,2024-07-09,2,0,A,HB,Canada,Online,Checked-Out,9,5292.42
101994,City Hotel,2024-02-21,2024-06-28,2,1,B,HB,Australia,Online,Cancelled,7,4214.94
101995,Resort Hotel,2024-03-31,2024-06-10,2,0,A,HB,UAE,Online,Checked-Out,8,3363.52
101996,Resort Hotel,2024-10-15,2025-01-09,1,2,D,FB,Australia,Online,Cancelled,10,2943.04
101997,Resort Hotel,2024-12-02,2025-05-05,3,1,B,BB,Canada,Offline,Confirmed,5,10917.09
101998,City Hotel,2024-10-24,2025-03-13,2,0,B,HB,UAE,Direct,Confirmed,10,4100.87
101999,City Hotel,2024-07-22,2024-10-01,3,0,D,HB,UK,Online,Checked-Out,10,8366.11
102000,City Hotel,2024-08-25,2024-10-10,3,0,E,BB,India,Direct,Cancelled,6,8686.57
102001,City Hotel,2024-06-03,2024-07-20,2,0,D,BB,USA,Online,Checked-Out,8,5516.67
102002,City Hotel,2024-08-27,2024-11-14,2,0,A,BB,USA,Direct,Confirmed,7,10415.84
102003,Resort Hotel,2024-05-15,2024-10-28,2,1,A,BB,Canada,Online,Confirmed,1,4533.29
102004,City Hotel,2024-12-27,2025-05-25,1,0,A,SC,USA,Offline,Checked-Out,10,3178.85
102005,City Hotel,2024-03-04,2024-07-24,3,0,A,BB,Germany,Online,Confirmed,4,3151.15
102006,Resort Hotel,2024-05-02,2024-09-09,1,0,E,HB,France,Offline,Confirmed,8,5354.05
102007,City Hotel,2024-09-10,2025-01-15,2,0,D,BB,India,Direct,Confirmed,9,6900.84
102008,Resort Hotel,2024-04-23,2024-08-10,1,0,B,HB,Australia,Direct,Cancelled,6,8478.95
102009,City Hotel,2024-01-20,2024-05-18,3,0,A,BB,USA,Groups,Confirmed,4,9422.73
102010,City Hotel,2024-01-16,2024-04-26,2,0,A,BB,Canada,Online,Cancelled,2,4197.56
102011,City Hotel,2024-05-24,2024-11-01,2,0,A,FB,UK,Online,Checked-Out,9,8997.27
102012,City Hotel,2024-07-26,2024-08-01,2,0,A,BB,Germany,Online,Confirmed,1,4234.13
102013,Resort Hotel,2024-01-19,2024-05-24,3,0,B,BB,France,Offline,Confirmed,5,11973.33
102014,City Hotel,2024-06-14,2024-09-25,1,2,B,BB,USA,Online,Confirmed,8,11611.15
102015,City Hotel,2024-02-07,2024-03-15,2,0,D,BB,Australia,Online,Confirmed,4,3472.87
102016,City Hotel,2024-06-29,2024-11-18,2,0,A,BB,India,Online,Confirmed,1,8723.64
102017,City Hotel,2024-12-14,2025-01-20,1,0,A,BB,UK,Corporate,Cancelled,4,11081.04
102018,Resort Hotel,2024-04-14,2024-04-22,2,0,D,BB,Australia,Online,Confirmed,5,3266.67
102019,City Hotel,2024-04-09,2024-06-25,2,2,B,FB,Germany,Online,Confirmed,5,3677.82
102020,Resort Hotel,2024-03-30,2024-08-18,1,1,A,HB,India,Online,Cancelled,1,5796.48
102021,Resort Hotel,2024-10-26,2024-12-05,2,0,A,HB,Canada,Online,Checked-Out,2,3409.42
102022,City Hotel,2024-11-27,2025-03-14,1,1,D,BB,India,Corporate,Confirmed,6,10913.13
102023,Resort Hotel,2024-03-19,2024-06-19,2,1,C,FB,Germany,Online,Cancelled,10,10817.68
102024,City Hotel,2024-03-13,2024-03-31,2,0,D,BB,Canada,Offline,Confirmed,5,11512.77
102025,City Hotel,2024-06-24,2024-08-20,2,1,A,SC,India,Corporate,Confirmed,9,4447.42
102026,City Hotel,2024-04-05,2024-06-27,3,0,C,BB,UAE,Online,Cancelled,7,2930.84
102027,Resort Hotel,2024-12-10,2025-05-25,2,0,C,SC,Canada,Direct,Cancelled,5,6723.97
102028,Resort Hotel,2024-04-12,2024-05-14,2,1,A,HB,Canada,Groups,Cancelled,9,10865.26
102029,City Hotel,2024-08-11,2024-09-05,2,0,E,BB,UK,Online,Confirmed,1,8565.24
102030,Resort Hotel,2024-01-06,2024-02-08,2,1,B,SC,UK,Direct,Checked-Out,3,11984.01
102031,City Hotel,2024-05-01,2024-07-28,1,0,E,BB,UAE,Direct,Confirmed,2,11104.02
102032,City Hotel,2024-08-23,2025-01-28,1,1,D,HB,Canada,Online,Confirmed,7,6231.13
102033,City Hotel,2024-04-25,2024-08-07,4,0,A,FB,India,Corporate,Cancelled,9,2875.56
102034,Resort Hotel,2024-06-11,2024-07-15,3,0,B,BB,USA,Direct,Confirmed,2,2549.13
102035,City Hotel,2024-08-13,2024-11-23,3,0,A,BB,UAE,Online,Confirmed,6,8619.96
102036,City Hotel,2024-08-17,2024-12-22,4,1,C,HB,India,Online,Confirmed,2,11199.78
102037,City Hotel,2024-06-30,2024-09-07,3,0,B,HB,USA,Offline,Cancelled,3,6720.19
102038,City Hotel,2024-09-05,2025-02-28,3,0,C,FB,India,Online,Confirmed,1,10805.77
102039,City Hotel,2024-11-13,2024-12-23,2,0,A,HB,Australia,Online,Cancelled,6,7884.04
102040,City Hotel,2024-07-28,2025-01-23,2,0,C,BB,France,Corporate,Checked-Out,2,3431.19
102041,Resort Hotel,2024-05-23,2024-08-11,1,2,A,FB,UK,Online,Checked-Out,3,10084.0
102042,City Hotel,2024-12-10,2025-04-30,2,0,A,SC,India,Groups,Confirmed,6,7179.64
102043,City Hotel,2024-04-05,2024-05-06,2,0,D,BB,UK,Direct,Cancelled,6,2985.11
102044,City Hotel,2024-12-11,2025-04-06,4,0,A,BB,Germany,Direct,Confirmed,4,10238.73
102045,Resort Hotel,2024-08-31,2025-02-14,2,0,A,BB,France,Online,Checked-Out,1,9697.72
102046,Resort Hotel,2024-03-26,2024-05-28,2,0,A,FB,USA,Offline,Checked-Out,7,6844.23
102047,City Hotel,2024-07-02,2024-08-19,2,1,A,BB,UAE,Groups,Confirmed,2,2684.91
102048,Resort Hotel,2024-04-30,2024-07-26,2,1,A,FB,Germany,Online,Cancelled,6,5795.9
102049,City Hotel,2024-11-27,2025-01-14,2,0,C,SC,France,Direct,Checked-Out,7,6632.03
102050,City Hotel,2024-04-01,2024-06-01,2,0,C,BB,Germany,Online,Confirmed,2,4070.49
102051,City Hotel,2024-03-10,2024-07-28,2,2,A,BB,UK,Online,Cancelled,6,4028.6
102052,City Hotel,2024-05-12,2024-07-29,2,0,A,BB,Australia,Online,Checked-Out,1,4086.32
102053,City Hotel,2024-10-05,2024-10-23,2,0,A,BB,France,Corporate,Checked-Out,6,6020.48
102054,Resort Hotel,2024-05-16,2024-10-18,2,0,C,BB,Germany,Groups,Confirmed,8,10266.67
102055,Resort Hotel,2024-11-09,2024-12-07,2,0,A,HB,USA,Corporate,Checked-Out,8,9713.9
102056,Resort Hotel,2024-07-05,2024-09-23,2,0,A,HB,France,Direct,Cancelled,7,2596.09
102057,City Hotel,2024-08-08,2025-02-04,2,2,A,SC,France,Offline,Confirmed,4,2591.6
102058,City Hotel,2024-02-15,2024-03-02,1,0,A,BB,Germany,Offline,Cancelled,4,3238.12
102059,Resort Hotel,2024-10-04,2024-12-20,2,1,C,BB,Australia,Direct,Confirmed,5,6932.53
102060,City Hotel,2024-07-10,2024-11-24,2,0,A,FB,UAE,Groups,Confirmed,8,10944.38
102061,City Hotel,2024-01-08,2024-02-03,2,0,A,BB,Canada,Online,Checked-Out,4,4231.44
102062,City Hotel,2024-10-02,2024-10-30,2,0,A,BB,Canada,Online,Checked-Out,9,7029.56
102063,Resort Hotel,2024-06-27,2024-10-10,3,1,E,HB,Canada,Online,Checked-Out,3,2887.1
102064,City Hotel,2024-11-29,2025-02-14,2,0,C,FB,Canada,Online,Confirmed,9,2693.1
102065,City Hotel,2024-02-08,2024-07-21,1,0,A,BB,India,Online,Confirmed,2,2571.08
102066,Resort Hotel,2024-10-19,2024-10-28,2,2,A,BB,USA,Groups,Checked-Out,6,9498.47
102067,City Hotel,2024-06-26,2024-12-18,2,1,D,SC,USA,Direct,Checked-Out,5,2726.34
102068,City Hotel,2024-06-10,2024-07-31,2,2,A,BB,Canada,Direct,Checked-Out,5,5101.25
102069,City Hotel,2024-11-26,2025-02-10,3,0,E,BB,Germany,Online,Confirmed,6,8627.96
102070,City Hotel,2024-04-13,2024-08-13,3,1,A,HB,Australia,Direct,Checked-Out,10,8377.18
102071,Resort Hotel,2024-06-09,2024-07-11,1,0,A,BB,UK,Online,Checked-Out,7,3023.88
102072,City Hotel,2024-10-13,2024-12-09,3,2,C,HB,UK,Direct,Confirmed,4,4938.33
102073,City Hotel,2024-05-02,2024-06-25,1,2,B,BB,Canada,Corporate,Confirmed,4,8573.56
102074,Resort Hotel,2024-02-23,2024-06-18,2,2,E,FB,UAE,Direct,Checked-Out,9,6226.33
102075,Resort Hotel,2024-02-03,2024-06-26,2,2,D,FB,India,Online,Confirmed,4,6925.32
102076,Resort Hotel,2024-08-29,2024-10-30,2,0,A,BB,UAE,Offline,Confirmed,8,4467.31
102077,City Hotel,2024-04-22,2024-07-15,2,1,C,BB,India,Online,Confirmed,10,2858.7
102078,City Hotel,2024-11-13,2025-01-08,2,0,D,HB,Germany,Direct,Confirmed,1,5779.43
102079,Resort Hotel,2024-01-23,2024-02-15,2,0,B,BB,Australia,Groups,Confirmed,4,8988.35
102080,Resort Hotel,2024-02-15,2024-03-03,2,2,A,HB,UK,Groups,Confirmed,2,9782.03
102081,City Hotel,2024-11-07,2025-04-22,1,0,A,BB,USA,Online,Confirmed,10,8129.03
102082,City Hotel,2024-05-14,2024-10-19,2,0,A,BB,Australia,Direct,Checked-Out,5,6235.41
102083,City Hotel,2024-04-27,2024-07-14,2,1,D,BB,UK,Online,Confirmed,2,8039.79
102084,Resort Hotel,2024-07-07,2024-07-29,2,0,A,BB,Australia,Online,Confirmed,7,9197.39
102085,City Hotel,2024-05-10,2024-08-26,1,0,A,BB,Germany,Direct,Confirmed,10,9675.08
102086,City Hotel,2024-07-30,2024-08-16,3,0,D,HB,UK,Online,Checked-Out,7,3397.62
102087,City Hotel,2024-04-22,2024-05-07,1,0,A,HB,France,Corporate,Confirmed,9,10128.35
102088,Resort Hotel,2024-02-13,2024-06-06,3,0,B,HB,Canada,Online,Confirmed,4,3103.03
102089,Resort Hotel,2024-05-07,2024-06-24,2,0,D,BB,Germany,Groups,Confirmed,5,10769.35
102090,City Hotel,2024-12-29,2025-06-07,2,0,A,BB,France,Direct,Checked-Out,3,6226.29
102091,Resort Hotel,2024-06-06,2024-09-27,3,2,A,BB,UAE,Corporate,Cancelled,7,7695.76
102092,Resort Hotel,2024-09-29,2025-03-16,2,0,B,BB,Australia,Direct,Confirmed,5,5254.83
102093,City Hotel,2024-11-10,2025-02-15,2,0,C,HB,Germany,Groups,Checked-Out,9,6553.31
102094,City Hotel,2024-12-20,2025-03-21,2,0,B,HB,UAE,Groups,Confirmed,7,10529.34
102095,City Hotel,2024-12-05,2024-12-21,2,0,A,BB,USA,Direct,Confirmed,4,5309.12
102096,Resort Hotel,2024-02-14,2024-07-19,2,0,A,HB,Germany,Corporate,Cancelled,7,7859.71
102097,City Hotel,2024-04-17,2024-07-24,2,0,C,BB,Germany,Direct,Confirmed,1,8647.25
102098,City Hotel,2024-08-06,2024-11-25,3,0,A,FB,Canada,Online,Cancelled,2,3890.88
102099,Resort Hotel,2024-11-13,2024-11-14,2,0,C,FB,Germany,Online,Confirmed,3,9889.25
102100,City Hotel,2024-11-10,2024-12-21,1,1,B,BB,Germany,Online,Checked-Out,5,11991.14
102101,Resort Hotel,2024-06-25,2024-08-12,3,0,B,BB,India,Corporate,Confirmed,5,3973.08
102102,City Hotel,2024-08-15,2025-01-21,2,0,E,HB,France,Online,Confirmed,7,9794.9
102103,City Hotel,2024-07-09,2024-12-20,2,2,A,BB,Germany,Direct,Cancelled,9,3897.19
102104,Resort Hotel,2024-06-08,2024-09-24,2,0,A,SC,Germany,Online,Checked-Out,10,11527.43
102105,Resort Hotel,2024-09-23,2025-03-03,2,1,B,HB,Australia,Direct,Confirmed,9,6404.36
102106,City Hotel,2024-12-23,2025-06-02,2,0,A,HB,India,Offline,Cancelled,6,11809.21
102107,Resort Hotel,2024-11-21,2025-03-04,2,0,B,BB,UK,Online,Cancelled,7,3145.22
102108,Resort Hotel,2024-07-08,2024-11-13,1,2,E,BB,UAE,Corporate,Checked-Out,8,10014.32
102109,City Hotel,2024-06-23,2024-11-21,4,0,D,BB,Australia,Direct,Confirmed,4,6997.09
102110,Resort Hotel,2024-10-16,2024-11-15,3,0,B,BB,Australia,Online,Cancelled,7,5250.19
102111,City Hotel,2024-12-22,2025-02-05,2,1,D,BB,Canada,Corporate,Cancelled,6,9604.94
102112,City Hotel,2024-05-24,2024-08-12,3,0,A,SC,Canada,Direct,Confirmed,8,8535.62
102113,City Hotel,2024-08-19,2024-09-27,2,0,B,BB,UAE,Direct,Confirmed,1,11077.41
102114,Resort Hotel,2024-12-25,2025-02-08,1,1,A,FB,India,Direct,Confirmed,5,4863.69
102115,Resort Hotel,2024-07-22,2024-10-08,2,0,A,FB,UAE,Groups,Checked-Out,3,11427.58
102116,City Hotel,2024-07-31,2024-10-20,1,0,A,FB,India,Groups,Checked-Out,9,8597.75
102117,City Hotel,2024-02-09,2024-06-28,3,0,D,BB,Canada,Offline,Confirmed,9,6779.12
102118,City Hotel,2024-10-01,2025-01-02,2,1,C,BB,India,Offline,Confirmed,3,3004.75
102119,City Hotel,2024-11-18,2024-12-20,2,0,C,BB,Australia,Online,Cancelled,10,9769.17
102120,Resort Hotel,2024-03-22,2024-04-15,1,0,A,SC,Australia,Online,Cancelled,2,10654.82
102121,Resort Hotel,2024-06-29,2024-10-23,2,0,A,FB,Canada,Offline,Confirmed,5,10191.05
102122,City Hotel,2024-11-15,2024-11-28,2,0,E,BB,Germany,Corporate,Confirmed,4,9488.83
102123,Resort Hotel,2024-03-23,2024-08-18,3,0,B,BB,India,Online,Checked-Out,7,11709.41
102124,City Hotel,2024-10-29,2025-01-16,4,2,B,BB,UAE,Corporate,Confirmed,8,10566.48
102125,Resort Hotel,2024-09-18,2024-11-13,2,0,E,BB,India,Online,Confirmed,4,11314.85
102126,Resort Hotel,2024-09-28,2024-11-20,2,0,B,FB,Canada,Direct,Cancelled,3,9439.55
102127,City Hotel,2024-07-18,2024-09-24,2,1,B,FB,Australia,Direct,Checked-Out,9,10291.97
102128,City Hotel,2024-08-27,2024-09-30,3,0,A,HB,Australia,Direct,Cancelled,8,5247.0
102129,Resort Hotel,2024-06-28,2024-07-26,2,2,A,HB,India,Corporate,Confirmed,7,8854.54
102130,City Hotel,2024-06-19,2024-08-08,2,0,C,BB,Germany,Groups,Checked-Out,8,4452.62
102131,City Hotel,2024-10-21,2025-02-28,3,0,A,BB,USA,Online,Confirmed,8,3158.07
102132,City Hotel,2024-06-25,2024-10-14,1,2,B,FB,USA,Corporate,Confirmed,10,8002.94
102133,City Hotel,2024-08-24,2024-11-26,2,0,A,FB,UAE,Direct,Confirmed,8,9937.64
102134,City Hotel,2024-05-17,2024-10-18,2,0,A,BB,UK,Corporate,Confirmed,1,3286.2
102135,Resort Hotel,2024-11-22,2025-05-20,2,0,B,BB,Germany,Online,Cancelled,4,4222.18
102136,Resort Hotel,2024-12-31,2025-02-16,2,2,A,BB,Australia,Groups,Confirmed,10,3383.19
102137,City Hotel,2024-11-06,2024-12-02,2,1,D,FB,India,Online,Confirmed,7,8524.69
102138,Resort Hotel,2024-05-08,2024-07-31,2,0,A,BB,Canada,Online,Confirmed,6,3255.27
102139,City Hotel,2024-02-18,2024-06-03,1,1,B,HB,India,Corporate,Checked-Out,3,3386.31
102140,Resort Hotel,2024-06-12,2024-09-12,3,0,A,BB,UAE,Online,Checked-Out,3,5009.59
102141,Resort Hotel,2024-10-03,2025-01-31,1,0,A,FB,UAE,Online,Confirmed,4,5067.23
102142,City Hotel,2024-10-19,2025-01-02,3,1,A,BB,India,Online,Checked-Out,10,7796.28
102143,Resort Hotel,2024-04-25,2024-08-25,1,1,E,BB,UAE,Direct,Checked-Out,6,2805.77
102144,City Hotel,2024-01-24,2024-06-23,2,0,A,BB,UAE,Online,Confirmed,1,8345.77
102145,City Hotel,2024-11-06,2025-04-20,2,0,D,BB,UAE,Online,Checked-Out,10,6411.23
102146,Resort Hotel,2024-01-25,2024-03-06,1,0,A,HB,USA,Corporate,Cancelled,4,4197.95
102147,City Hotel,2024-05-06,2024-06-27,1,1,A,HB,Canada,Online,Checked-Out,9,8706.79
102148,City Hotel,2024-08-21,2024-11-11,2,1,C,BB,Australia,Online,Checked-Out,7,5631.9
102149,City Hotel,2024-07-27,2025-01-20,2,0,B,BB,Canada,Offline,Checked-Out,6,10361.15
102150,Resort Hotel,2024-04-02,2024-09-04,1,1,B,BB,India,Direct,Confirmed,5,11899.61
102151,City Hotel,2024-04-03,2024-08-15,4,0,A,FB,India,Corporate,Cancelled,2,9900.77
102152,City Hotel,2024-11-22,2025-02-04,2,1,A,BB,USA,Online,Confirmed,2,9558.41
102153,Resort Hotel,2024-08-12,2024-10-17,2,0,B,FB,India,Direct,Confirmed,6,5873.96
102154,Resort Hotel,2024-10-06,2024-10-30,2,0,D,HB,UAE,Corporate,Confirmed,9,7578.75
102155,City Hotel,2024-01-11,2024-06-25,2,0,A,HB,Canada,Online,Confirmed,9,3000.47
102156,City Hotel,2024-11-24,2024-12-22,3,0,E,BB,UK,Corporate,Checked-Out,1,9409.68
102157,City Hotel,2024-01-12,2024-06-16,2,1,A,BB,Australia,Direct,Checked-Out,7,8912.88
102158,City Hotel,2024-02-04,2024-05-31,2,1,B,HB,Canada,Online,Checked-Out,7,5058.84
102159,City Hotel,2024-08-15,2024-12-07,2,0,A,BB,France,Corporate,Confirmed,10,7574.3
102160,Resort Hotel,2024-08-07,2024-10-07,3,2,A,BB,Canada,Online,Cancelled,2,8953.48
102161,Resort Hotel,2024-05-20,2024-11-10,1,0,A,FB,Canada,Corporate,Cancelled,10,5994.99
102162,City Hotel,2024-01-23,2024-04-01,2,0,A,BB,UK,Direct,Confirmed,4,9393.28
102163,City Hotel,2024-03-23,2024-07-15,2,0,E,BB,UAE,Online,Confirmed,8,10068.77
102164,Resort Hotel,2024-08-16,2024-10-30,2,0,C,HB,Germany,Direct,Confirmed,6,4623.6
102165,City Hotel,2024-12-09,2025-05-29,2,0,C,SC,Canada,Offline,Checked-Out,7,5361.91
102166,Resort Hotel,2024-03-20,2024-05-18,3,0,A,BB,UK,Online,Checked-Out,10,6314.85
102167,City Hotel,2024-12-18,2025-04-27,3,2,E,HB,UK,Offline,Checked-Out,6,4738.94
102168,City Hotel,2024-10-16,2024-10-31,2,0,B,HB,Canada,Online,Confirmed,9,9868.27
102169,Resort Hotel,2024-11-26,2025-03-11,2,0,D,SC,Canada,Offline,Confirmed,10,7932.51
102170,City Hotel,2024-06-07,2024-11-19,2,0,A,BB,USA,Online,Checked-Out,10,6110.98
102171,Resort Hotel,2024-05-07,2024-10-02,2,2,A,SC,Germany,Online,Confirmed,9,2652.59
102172,City Hotel,2024-07-08,2024-10-14,2,0,E,BB,Canada,Online,Confirmed,6,5595.78
102173,City Hotel,2024-01-31,2024-03-06,1,2,A,BB,Australia,Offline,Confirmed,6,10446.77
102174,Resort Hotel,2024-12-24,2025-06-04,4,0,D,BB,Canada,Direct,Checked-Out,9,9563.36
102175,City Hotel,2024-01-15,2024-02-15,2,0,A,BB,Australia,Direct,Confirmed,10,3140.1
102176,Resort Hotel,2024-11-08,2025-03-15,3,0,B,HB,UK,Offline,Confirmed,9,10113.73
102177,City Hotel,2024-03-15,2024-04-03,1,0,D,HB,France,Online,Checked-Out,3,4201.02
102178,City Hotel,2024-02-03,2024-02-27,2,0,B,BB,UK,Online,Confirmed,7,11877.01
102179,Resort Hotel,2024-12-24,2025-03-18,1,0,C,BB,India,Direct,Checked-Out,3,10751.2
102180,City Hotel,2024-07-14,2024-12-28,3,0,A,BB,USA,Online,Confirmed,4,11175.97
102181,City Hotel,2024-11-26,2025-02-26,2,1,A,BB,India,Online,Checked-Out,9,9809.78
102182,City Hotel,2024-01-29,2024-07-14,3,0,A,BB,UAE,Direct,Cancelled,10,9252.38
102183,City Hotel,2024-07-12,2024-12-04,3,0,B,BB,Germany,Online,Cancelled,8,4822.15
102184,City Hotel,2024-01-16,2024-06-11,2,0,D,BB,Germany,Online,Checked-Out,6,8070.78
102185,Resort Hotel,2024-03-17,2024-07-13,2,0,A,BB,USA,Online,Confirmed,6,9116.04
102186,Resort Hotel,2024-10-19,2025-04-13,3,0,B,FB,UK,Online,Confirmed,8,5236.82
102187,Resort Hotel,2024-03-21,2024-08-31,2,0,D,BB,Germany,Direct,Confirmed,2,6283.93
102188,Resort Hotel,2024-05-03,2024-10-10,2,0,A,BB,France,Online,Confirmed,5,11496.98
102189,Resort Hotel,2024-01-19,2024-07-12,2,0,D,BB,Canada,Online,Checked-Out,7,6375.6
102190,Resort Hotel,2024-04-11,2024-05-28,3,0,E,BB,USA,Corporate,Confirmed,3,5496.11
102191,City Hotel,2024-03-17,2024-09-07,2,0,A,HB,India,Offline,Confirmed,8,3518.52
102192,Resort Hotel,2024-08-16,2024-11-27,3,0,A,SC,France,Corporate,Confirmed,3,5742.74
102193,Resort Hotel,2024-10-23,2025-02-21,1,1,A,HB,Canada,Corporate,Cancelled,4,8315.36
102194,City Hotel,2024-07-21,2024-12-31,2,0,C,HB,Canada,Direct,Confirmed,10,3903.45
102195,City Hotel,2024-03-01,2024-06-03,1,2,A,BB,Australia,Direct,Checked-Out,10,8250.22
102196,City Hotel,2024-01-26,2024-06-19,1,0,C,BB,USA,Groups,Confirmed,6,9541.36
102197,City Hotel,2024-03-11,2024-04-22,3,1,A,BB,France,Offline,Checked-Out,6,9798.32
102198,Resort Hotel,2024-04-12,2024-08-01,3,0,D,FB,Canada,Direct,Checked-Out,2,11855.68
102199,City Hotel,2024-11-21,2024-12-20,3,0,D,FB,USA,Online,Confirmed,2,6628.34
102200,City Hotel,2024-12-28,2025-05-01,4,1,E,BB,India,Corporate,Checked-Out,3,2808.11
102201,Resort Hotel,2024-06-05,2024-06-22,2,0,A,BB,UK,Online,Cancelled,3,10619.55
102202,City Hotel,2024-12-28,2025-01-11,1,0,A,BB,USA,Groups,Checked-Out,4,3293.39
102203,City Hotel,2024-12-24,2025-05-25,2,0,A,BB,Germany,Direct,Confirmed,4,10685.74
102204,City Hotel,2024-07-12,2024-08-31,3,0,A,FB,UAE,Direct,Confirmed,4,11835.65
102205,Resort Hotel,2024-10-01,2024-11-27,1,0,B,BB,India,Online,Checked-Out,10,11114.82
102206,Resort Hotel,2024-11-19,2025-03-03,4,0,E,BB,India,Online,Checked-Out,10,11658.1
102207,City Hotel,2024-07-04,2024-08-12,2,1,D,FB,France,Online,Confirmed,3,2721.69
102208,Resort Hotel,2024-11-21,2025-02-25,4,0,A,BB,Germany,Online,Checked-Out,1,2608.01
102209,City Hotel,2024-04-22,2024-05-28,2,0,C,BB,France,Direct,Checked-Out,9,4497.83
102210,Resort Hotel,2024-11-08,2025-03-02,2,0,A,BB,UAE,Online,Confirmed,2,10087.77
102211,Resort Hotel,2024-06-13,2024-07-20,3,1,A,BB,Australia,Groups,Confirmed,3,3349.44
102212,Resort Hotel,2024-03-01,2024-03-15,3,1,D,BB,India,Online,Cancelled,2,9591.92
102213,City Hotel,2024-04-01,2024-09-03,2,0,E,BB,USA,Online,Checked-Out,6,2619.32
102214,Resort Hotel,2024-10-12,2025-02-12,3,0,A,HB,Australia,Direct,Confirmed,6,9445.44
102215,Resort Hotel,2024-06-01,2024-08-23,3,0,D,HB,Germany,Online,Cancelled,1,4875.66
102216,City Hotel,2024-08-12,2025-01-18,1,0,D,BB,India,Offline,Cancelled,4,6684.17
102217,Resort Hotel,2024-05-06,2024-07-18,1,0,A,FB,Canada,Online,Confirmed,10,11776.8
102218,City Hotel,2024-07-11,2024-10-21,2,1,A,BB,Germany,Online,Confirmed,5,7741.48
102219,Resort Hotel,2024-04-24,2024-07-14,2,1,C,FB,Australia,Online,Confirmed,6,3208.92
102220,City Hotel,2024-09-18,2024-12-10,3,0,D,BB,USA,Online,Cancelled,5,10794.75
102221,Resort Hotel,2024-01-18,2024-03-02,1,0,A,BB,UK,Direct,Confirmed,3,5574.84
102222,City Hotel,2024-01-10,2024-03-18,2,0,A,BB,France,Online,Confirmed,3,8060.86
102223,City Hotel,2024-04-01,2024-05-19,2,0,B,BB,Canada,Direct,Checked-Out,3,9261.83
102224,City Hotel,2024-05-18,2024-07-14,2,2,C,SC,France,Corporate,Confirmed,6,9886.38
102225,City Hotel,2024-11-28,2025-02-11,2,0,B,BB,UAE,Corporate,Cancelled,4,6608.71
102226,City Hotel,2024-12-22,2025-01-13,2,0,A,BB,UAE,Online,Checked-Out,4,9844.33
102227,City Hotel,2024-12-05,2025-04-16,1,1,D,BB,Australia,Corporate,Confirmed,3,3610.5
102228,City Hotel,2024-02-21,2024-04-07,2,0,B,BB,India,Online,Confirmed,4,7493.85
102229,City Hotel,2024-07-13,2024-12-22,4,1,D,FB,India,Direct,Confirmed,8,2707.91
102230,City Hotel,2024-07-24,2024-08-04,2,1,E,SC,USA,Online,Confirmed,3,6359.58
102231,Resort Hotel,2024-10-13,2024-11-13,2,1,D,BB,UAE,Online,Checked-Out,10,5965.28
102232,City Hotel,2024-12-31,2025-05-19,2,0,E,BB,India,Direct,Checked-Out,3,11792.26
102233,Resort Hotel,2024-04-02,2024-07-31,2,0,E,BB,India,Corporate,Checked-Out,6,6279.56
102234,Resort Hotel,2024-11-04,2024-12-30,2,0,B,BB,India,Online,Checked-Out,1,11117.38
102235,Resort Hotel,2024-05-24,2024-07-01,3,0,C,BB,Germany,Online,Confirmed,10,6635.35
102236,City Hotel,2024-03-26,2024-04-16,1,0,C,BB,Germany,Groups,Confirmed,6,7567.18
102237,Resort Hotel,2024-06-01,2024-09-19,4,0,B,HB,UAE,Online,Confirmed,9,5831.8
102238,City Hotel,2024-01-02,2024-04-05,1,0,A,BB,UK,Online,Confirmed,3,8580.15
102239,City Hotel,2024-12-07,2025-04-24,3,0,A,BB,UAE,Online,Confirmed,2,9521.64
102240,City Hotel,2024-09-16,2025-02-17,3,1,A,BB,Germany,Corporate,Confirmed,3,10015.07
102241,Resort Hotel,2024-06-12,2024-10-26,2,0,A,HB,UAE,Direct,Cancelled,3,9092.43
102242,City Hotel,2024-01-06,2024-01-14,1,0,A,BB,Canada,Online,Confirmed,2,5634.5
102243,City Hotel,2024-05-28,2024-08-08,2,0,E,BB,Canada,Direct,Cancelled,4,5640.66
102244,Resort Hotel,2024-07-23,2024-11-19,2,1,B,BB,France,Direct,Confirmed,8,5805.12
102245,Resort Hotel,2024-04-27,2024-05-31,3,0,A,BB,Canada,Direct,Confirmed,7,2859.4
102246,City Hotel,2024-03-29,2024-08-20,2,0,B,BB,Australia,Groups,Confirmed,10,11458.99
102247,City Hotel,2024-06-02,2024-09-15,2,0,A,SC,UK,Online,Confirmed,9,4359.39
102248,Resort Hotel,2024-06-15,2024-11-03,3,0,D,HB,India,Offline,Confirmed,8,4012.48
102249,City Hotel,2024-06-09,2024-09-04,4,1,A,HB,France,Offline,Confirmed,7,7747.37
102250,City Hotel,2024-09-26,2025-02-23,2,1,A,FB,UK,Online,Confirmed,6,2950.45
102251,City Hotel,2024-02-25,2024-07-29,3,0,D,HB,Australia,Offline,Confirmed,3,10459.51
102252,Resort Hotel,2024-08-15,2024-10-18,2,0,B,HB,UK,Direct,Checked-Out,10,10823.91
102253,Resort Hotel,2024-12-02,2024-12-04,2,0,D,BB,France,Offline,Confirmed,4,6279.19
102254,Resort Hotel,2024-05-28,2024-09-14,2,2,A,BB,UK,Direct,Checked-Out,8,11728.48
102255,Resort Hotel,2024-02-15,2024-03-12,3,0,A,BB,France,Online,Confirmed,2,5580.44
102256,City Hotel,2024-05-23,2024-08-14,2,1,B,BB,UK,Direct,Confirmed,6,4972.24
102257,City Hotel,2024-08-25,2024-12-10,2,0,A,BB,UK,Online,Checked-Out,1,11902.05
102258,City Hotel,2024-09-28,2024-12-06,2,1,A,HB,Canada,Online,Cancelled,7,4877.9
102259,City Hotel,2024-04-29,2024-08-04,2,2,A,BB,UK,Direct,Confirmed,4,6720.4
102260,City Hotel,2024-12-05,2025-01-04,2,0,D,HB,France,Groups,Confirmed,1,8312.75
102261,Resort Hotel,2024-08-07,2024-08-15,3,2,C,HB,UK,Direct,Checked-Out,5,5564.04
102262,City Hotel,2024-01-08,2024-02-15,2,1,A,BB,UAE,Corporate,Confirmed,5,6150.06
102263,Resort Hotel,2024-12-09,2025-02-28,1,0,A,BB,Canada,Online,Cancelled,6,9347.21
102264,City Hotel,2024-10-01,2025-01-17,3,1,E,BB,Australia,Direct,Checked-Out,8,9368.74
102265,City Hotel,2024-12-18,2025-02-21,3,1,A,BB,Australia,Corporate,Confirmed,4,10134.38
102266,City Hotel,2024-03-06,2024-05-12,2,1,B,BB,Germany,Online,Confirmed,7,8140.17
102267,City Hotel,2024-03-19,2024-09-09,2,0,B,HB,Germany,Online,Confirmed,4,4718.48
102268,Resort Hotel,2024-03-26,2024-06-24,3,0,C,BB,Germany,Corporate,Confirmed,2,5664.54
102269,City Hotel,2024-05-03,2024-08-06,3,0,A,FB,Germany,Online,Cancelled,8,11056.71
102270,City Hotel,2024-07-20,2024-09-30,2,1,E,FB,UAE,Online,Cancelled,5,9470.42
102271,City Hotel,2024-05-29,2024-07-11,1,2,A,BB,Germany,Groups,Confirmed,10,3336.27
102272,City Hotel,2024-02-15,2024-04-01,2,0,A,HB,Australia,Groups,Confirmed,4,9659.36
102273,City Hotel,2024-04-22,2024-08-25,2,0,A,BB,India,Corporate,Confirmed,2,5641.25
102274,Resort Hotel,2024-03-31,2024-09-10,2,1,A,HB,UK,Corporate,Checked-Out,7,2720.66
102275,Resort Hotel,2024-05-20,2024-06-28,2,0,A,BB,Australia,Online,Confirmed,5,7095.45
102276,City Hotel,2024-10-15,2024-12-05,2,0,E,HB,Australia,Online,Confirmed,9,10892.26
102277,Resort Hotel,2024-08-05,2024-08-09,3,0,A,BB,USA,Groups,Confirmed,7,6721.32
102278,City Hotel,2024-03-17,2024-07-16,2,0,D,SC,India,Corporate,Confirmed,9,11893.6
102279,City Hotel,2024-11-29,2025-02-17,2,0,A,BB,France,Corporate,Checked-Out,10,4191.73
102280,City Hotel,2024-05-31,2024-08-16,4,0,A,BB,Canada,Online,Confirmed,10,5833.53
102281,City Hotel,2024-11-18,2025-05-16,2,0,A,BB,India,Offline,Cancelled,5,2657.88
102282,City Hotel,2024-08-26,2025-01-06,2,1,B,HB,USA,Online,Confirmed,6,2978.36
102283,City Hotel,2024-04-24,2024-06-18,3,0,C,HB,Australia,Online,Cancelled,8,5866.01
102284,City Hotel,2024-11-14,2024-12-04,2,0,D,SC,India,Online,Checked-Out,10,7519.69
102285,City Hotel,2024-04-03,2024-09-02,3,0,C,FB,UK,Corporate,Confirmed,6,4752.39
102286,City Hotel,2024-02-17,2024-07-30,1,0,B,BB,Germany,Corporate,Confirmed,4,4081.37
102287,Resort Hotel,2024-07-09,2024-08-12,1,0,A,BB,UK,Direct,Confirmed,2,6496.4
102288,City Hotel,2024-01-12,2024-05-13,3,0,E,BB,India,Online,Confirmed,6,4121.42
102289,City Hotel,2024-06-04,2024-09-21,2,0,E,SC,Australia,Offline,Confirmed,9,8493.52
102290,City Hotel,2024-06-20,2024-10-24,3,0,A,SC,Australia,Groups,Checked-Out,8,11575.25
102291,City Hotel,2024-10-22,2024-12-15,2,0,A,BB,USA,Online,Confirmed,3,10162.16
102292,City Hotel,2024-06-25,2024-12-04,2,0,C,HB,France,Offline,Checked-Out,5,4544.53
102293,City Hotel,2024-12-06,2025-04-30,3,0,C,HB,UK,Groups,Confirmed,6,11535.79
102294,City Hotel,2024-02-26,2024-07-08,2,0,B,HB,USA,Online,Confirmed,7,9635.71
102295,City Hotel,2024-12-08,2025-03-07,2,0,A,FB,France,Online,Cancelled,2,3972.23
102296,City Hotel,2024-12-05,2025-04-30,1,0,D,BB,Germany,Groups,Checked-Out,6,8004.59
102297,City Hotel,2024-07-21,2024-09-12,2,2,A,FB,UK,Online,Confirmed,2,11681.55
102298,City Hotel,2024-07-03,2024-08-22,3,0,A,BB,Australia,Online,Confirmed,8,3419.2
102299,City Hotel,2024-04-30,2024-07-11,3,0,A,BB,UK,Corporate,Cancelled,7,5074.55
102300,City Hotel,2024-08-13,2025-02-02,2,1,A,BB,Australia,Direct,Checked-Out,2,6053.87
102301,Resort Hotel,2024-07-20,2024-12-08,2,0,E,BB,Australia,Corporate,Checked-Out,4,3598.15
102302,City Hotel,2024-11-25,2024-12-11,2,0,B,HB,Germany,Corporate,Confirmed,7,5342.84
102303,City Hotel,2024-12-28,2025-01-10,2,0,D,HB,Germany,Corporate,Cancelled,9,9077.09
102304,City Hotel,2024-12-21,2025-01-10,3,0,B,BB,India,Online,Confirmed,3,7033.77
102305,Resort Hotel,2024-08-03,2024-10-08,2,0,D,HB,France,Online,Confirmed,10,6500.2
102306,City Hotel,2024-02-12,2024-03-30,2,0,B,BB,USA,Online,Confirmed,10,6603.42
102307,City Hotel,2024-01-23,2024-06-18,3,1,A,SC,Canada,Offline,Confirmed,8,9716.7
102308,City Hotel,2024-06-03,2024-11-23,1,0,D,BB,Canada,Groups,Checked-Out,9,11917.17
102309,City Hotel,2024-07-04,2024-12-16,1,0,A,BB,Germany,Online,Confirmed,8,8092.14
102310,City Hotel,2024-09-05,2025-01-05,2,0,B,BB,India,Online,Confirmed,4,9639.73
102311,City Hotel,2024-08-24,2024-10-17,3,0,B,BB,France,Groups,Checked-Out,4,6039.32
102312,Resort Hotel,2024-10-19,2024-10-25,2,0,A,BB,UAE,Online,Cancelled,7,10676.08
102313,City Hotel,2024-05-13,2024-05-27,2,1,A,SC,France,Online,Confirmed,4,6493.1
102314,Resort Hotel,2024-11-16,2025-03-28,4,1,C,BB,UK,Offline,Confirmed,10,11383.67
102315,Resort Hotel,2024-01-22,2024-04-17,3,1,A,BB,India,Direct,Confirmed,10,9563.29
102316,City Hotel,2024-12-26,2025-06-06,3,0,A,HB,India,Online,Confirmed,7,9220.71
102317,City Hotel,2024-03-28,2024-04-24,1,2,B,BB,UK,Groups,Checked-Out,9,5256.28
102318,City Hotel,2024-06-01,2024-06-08,2,0,A,FB,Canada,Groups,Confirmed,9,10063.3
102319,City Hotel,2024-05-04,2024-09-12,2,0,C,FB,USA,Online,Checked-Out,9,3500.17
102320,City Hotel,2024-03-19,2024-09-10,2,0,D,HB,Canada,Offline,Cancelled,10,7611.23
102321,Resort Hotel,2024-12-11,2024-12-13,1,1,A,BB,Germany,Direct,Cancelled,10,9486.08
102322,Resort Hotel,2024-02-20,2024-05-10,2,0,B,BB,Australia,Online,Confirmed,6,10894.12
102323,City Hotel,2024-08-03,2025-01-03,2,0,A,BB,UK,Groups,Confirmed,1,7911.71
102324,City Hotel,2024-06-24,2024-08-23,2,1,B,BB,Germany,Online,Cancelled,8,4954.07
102325,Resort Hotel,2024-12-23,2025-01-16,3,0,B,BB,Australia,Online,Confirmed,6,10564.18
102326,Resort Hotel,2024-09-09,2024-09-24,1,0,A,FB,India,Online,Cancelled,7,9795.81
102327,Resort Hotel,2024-09-02,2024-12-06,2,0,A,BB,Canada,Corporate,Confirmed,2,3958.87
102328,City Hotel,2024-08-14,2025-01-03,1,0,B,BB,UK,Online,Checked-Out,3,10787.68
102329,City Hotel,2024-04-15,2024-08-27,2,0,A,BB,Australia,Offline,Checked-Out,6,11618.83
102330,City Hotel,2024-07-11,2024-09-30,2,0,A,BB,USA,Direct,Cancelled,3,7608.48
102331,City Hotel,2024-11-11,2024-11-29,2,0,E,BB,Germany,Online,Confirmed,5,2864.47
102332,City Hotel,2024-10-28,2024-11-17,3,1,A,FB,Canada,Direct,Cancelled,4,11198.34
102333,City Hotel,2024-02-05,2024-05-30,3,2,B,BB,Germany,Direct,Cancelled,5,3666.28
102334,Resort Hotel,2024-07-22,2024-08-31,2,2,A,FB,Germany,Online,Checked-Out,8,8514.66
102335,City Hotel,2024-09-23,2024-11-01,3,0,D,HB,India,Online,Confirmed,4,6308.62
102336,City Hotel,2024-09-24,2025-03-23,2,0,A,SC,Canada,Direct,Checked-Out,9,11924.32
102337,City Hotel,2024-06-18,2024-07-20,3,0,A,BB,Australia,Online,Confirmed,3,11213.06
102338,City Hotel,2024-02-08,2024-06-11,2,1,B,BB,Germany,Offline,Checked-Out,7,9952.79
102339,City Hotel,2024-05-18,2024-09-03,2,2,D,BB,France,Online,Checked-Out,7,4393.13
102340,City Hotel,2024-10-18,2024-11-14,3,1,D,SC,Canada,Online,Checked-Out,1,9142.33
102341,Resort Hotel,2024-02-21,2024-06-10,1,0,A,HB,Germany,Online,Cancelled,3,7935.39
102342,City Hotel,2024-10-13,2025-04-11,2,0,D,HB,India,Direct,Confirmed,10,3785.79
102343,City Hotel,2024-10-15,2025-01-20,3,1,C,BB,UK,Online,Checked-Out,1,10049.47
102344,City Hotel,2024-05-20,2024-08-02,3,0,E,BB,Germany,Online,Confirmed,8,3321.34
102345,Resort Hotel,2024-05-25,2024-06-11,1,0,E,BB,Germany,Online,Confirmed,10,7075.29
102346,Resort Hotel,2024-11-09,2024-12-28,2,1,B,BB,UK,Direct,Checked-Out,5,6552.35
102347,Resort Hotel,2024-07-02,2024-09-21,3,0,C,BB,Australia,Online,Confirmed,4,10158.88
102348,City Hotel,2024-05-31,2024-09-24,4,0,B,BB,Australia,Online,Cancelled,3,6561.89
102349,City Hotel,2024-07-19,2024-08-11,2,0,B,HB,UAE,Online,Confirmed,7,9095.95
102350,City Hotel,2024-05-07,2024-08-13,3,0,A,SC,France,Offline,Confirmed,8,7043.48
102351,City Hotel,2024-10-13,2024-12-24,3,0,A,HB,India,Groups,Cancelled,8,8029.2
102352,Resort Hotel,2024-11-06,2025-03-27,1,0,A,HB,UK,Corporate,Cancelled,1,4789.89
102353,City Hotel,2024-09-09,2025-02-07,3,1,E,SC,India,Online,Confirmed,7,4423.31
102354,Resort Hotel,2024-09-22,2024-11-18,2,0,A,BB,Australia,Online,Confirmed,5,9244.18
102355,Resort Hotel,2024-07-06,2024-12-01,2,0,A,BB,UK,Online,Confirmed,2,3662.14
102356,City Hotel,2024-08-17,2024-11-11,2,0,A,HB,USA,Online,Checked-Out,8,4171.85
102357,Resort Hotel,2024-09-27,2025-03-26,2,0,B,BB,France,Online,Confirmed,2,11438.99
102358,City Hotel,2024-09-15,2024-10-08,3,0,E,BB,UAE,Online,Checked-Out,6,4906.63
102359,City Hotel,2024-10-25,2025-02-07,2,1,C,BB,USA,Direct,Confirmed,5,5571.31
102360,City Hotel,2024-07-16,2024-12-26,3,0,A,BB,Australia,Online,Checked-Out,6,8515.35
102361,City Hotel,2024-11-18,2025-01-24,3,0,E,BB,Canada,Online,Cancelled,10,6683.37
102362,City Hotel,2024-02-25,2024-03-30,3,1,A,BB,UK,Online,Confirmed,8,7810.5
102363,City Hotel,2024-11-14,2024-12-17,2,0,E,BB,Australia,Online,Confirmed,9,3873.63
102364,City Hotel,2024-07-21,2024-09-05,1,0,A,BB,UK,Online,Checked-Out,3,8887.87
102365,City Hotel,2024-09-27,2024-12-17,2,0,C,SC,India,Online,Checked-Out,3,3987.54
102366,City Hotel,2024-04-18,2024-10-08,3,0,A,SC,UK,Online,Checked-Out,7,9603.39
102367,City Hotel,2024-04-25,2024-09-19,2,0,E,FB,Australia,Online,Confirmed,3,7474.36
102368,City Hotel,2024-04-01,2024-06-27,4,0,A,SC,India,Online,Confirmed,10,10253.83
102369,City Hotel,2024-05-17,2024-06-01,3,0,A,BB,India,Online,Confirmed,5,4140.49
102370,Resort Hotel,2024-10-29,2025-03-01,3,2,D,FB,UK,Online,Confirmed,10,6086.63
102371,Resort Hotel,2024-02-26,2024-06-26,2,0,A,BB,India,Corporate,Confirmed,4,10544.9
102372,Resort Hotel,2024-02-19,2024-05-07,2,0,C,HB,UAE,Groups,Confirmed,9,10087.77
102373,Resort Hotel,2024-03-11,2024-05-16,3,0,C,BB,UAE,Offline,Cancelled,8,11674.66
102374,City Hotel,2024-03-22,2024-04-30,2,0,B,FB,Australia,Online,Cancelled,9,4608.62
102375,Resort Hotel,2024-04-14,2024-05-02,3,0,A,BB,Canada,Online,Confirmed,6,7620.77
102376,City Hotel,2024-03-28,2024-09-04,2,0,E,BB,France,Online,Confirmed,2,2669.91
102377,City Hotel,2024-01-02,2024-01-23,3,1,D,FB,USA,Groups,Confirmed,8,11669.73
102378,Resort Hotel,2024-12-25,2025-06-11,3,1,A,HB,UAE,Corporate,Checked-Out,1,4163.71
102379,City Hotel,2024-03-24,2024-04-20,1,0,A,BB,UK,Offline,Checked-Out,5,11094.72
102380,Resort Hotel,2024-02-12,2024-02-14,1,1,A,HB,UAE,Online,Confirmed,2,8944.16
102381,Resort Hotel,2024-06-02,2024-09-07,3,0,A,BB,India,Online,Confirmed,7,11400.06
102382,Resort Hotel,2024-11-22,2024-12-31,2,0,B,HB,India,Online,Confirmed,5,4858.18
102383,Resort Hotel,2024-04-03,2024-05-29,2,2,D,BB,Australia,Groups,Confirmed,10,5779.06
102384,City Hotel,2024-10-24,2025-02-08,2,1,C,FB,India,Online,Confirmed,3,4061.82
102385,City Hotel,2024-05-12,2024-09-16,1,0,C,BB,India,Direct,Confirmed,7,6513.12
102386,City Hotel,2024-03-05,2024-03-18,1,0,A,SC,France,Online,Confirmed,3,11501.25
102387,City Hotel,2024-10-16,2025-02-19,3,0,A,BB,Canada,Offline,Cancelled,6,7926.05
102388,City Hotel,2024-09-13,2024-11-08,2,0,C,BB,UK,Online,Confirmed,4,6453.2
102389,Resort Hotel,2024-07-31,2024-08-28,2,1,C,BB,UK,Offline,Confirmed,10,5586.23
102390,Resort Hotel,2024-05-27,2024-07-30,3,0,C,BB,Australia,Online,Cancelled,2,8055.24
102391,City Hotel,2024-03-01,2024-05-11,2,0,A,BB,France,Direct,Checked-Out,9,9370.57
102392,City Hotel,2024-05-28,2024-11-13,2,0,B,FB,France,Online,Confirmed,6,6364.49
102393,City Hotel,2024-03-28,2024-07-25,3,0,A,BB,France,Offline,Confirmed,5,4693.54
102394,City Hotel,2024-11-19,2025-02-27,3,1,A,BB,UK,Corporate,Checked-Out,5,8057.54
102395,Resort Hotel,2024-10-04,2024-11-14,2,1,C,BB,Canada,Online,Confirmed,8,5972.85
102396,City Hotel,2024-03-22,2024-03-26,4,0,A,BB,Germany,Direct,Confirmed,5,11946.08
102397,City Hotel,2024-05-08,2024-10-13,3,0,E,HB,Australia,Online,Confirmed,8,6689.92
102398,City Hotel,2024-10-12,2025-01-08,1,0,A,FB,Australia,Online,Checked-Out,8,6627.64
102399,City Hotel,2024-12-18,2025-03-12,2,0,B,BB,USA,Direct,Confirmed,1,10474.94
102400,City Hotel,2024-10-06,2024-11-21,3,0,D,BB,UAE,Direct,Cancelled,4,4884.68
102401,City Hotel,2024-09-26,2025-03-04,2,0,A,BB,UAE,Direct,Confirmed,9,3126.88
102402,City Hotel,2024-10-18,2025-01-14,1,0,D,FB,France,Direct,Confirmed,2,10611.28
102403,City Hotel,2024-07-21,2024-07-28,3,0,C,HB,UAE,Corporate,Cancelled,4,8095.88
102404,City Hotel,2024-01-24,2024-04-10,2,1,E,SC,France,Offline,Cancelled,4,4971.49
102405,Resort Hotel,2024-12-16,2025-05-01,2,0,A,BB,UK,Online,Confirmed,1,5756.21
102406,City Hotel,2024-11-06,2025-04-27,2,1,A,SC,Canada,Direct,Confirmed,10,6543.68
102407,City Hotel,2024-07-26,2024-12-14,2,0,A,FB,Australia,Offline,Confirmed,10,8963.71
102408,City Hotel,2024-10-06,2025-01-07,2,1,C,FB,UAE,Online,Confirmed,7,6947.73
102409,Resort Hotel,2024-07-23,2024-08-12,2,0,B,BB,UK,Online,Confirmed,1,6260.29
102410,City Hotel,2024-05-31,2024-08-17,2,1,A,HB,Canada,Corporate,Checked-Out,5,9914.43
102411,Resort Hotel,2024-01-26,2024-07-04,2,0,A,BB,USA,Offline,Cancelled,8,3182.56
102412,City Hotel,2024-07-12,2025-01-06,3,2,A,HB,India,Corporate,Confirmed,4,8699.1
102413,City Hotel,2024-12-01,2024-12-28,3,0,C,BB,UK,Online,Confirmed,5,6764.77
102414,City Hotel,2024-08-25,2024-12-23,2,0,A,HB,Canada,Online,Confirmed,10,5681.11
102415,City Hotel,2024-11-16,2024-12-11,3,0,A,SC,Canada,Online,Checked-Out,3,11311.97
102416,Resort Hotel,2024-03-15,2024-05-06,3,1,A,HB,USA,Online,Checked-Out,5,9890.33
102417,City Hotel,2024-06-11,2024-07-02,3,1,C,HB,Canada,Online,Confirmed,3,4582.96
102418,City Hotel,2024-10-25,2024-11-12,2,1,D,HB,UAE,Online,Checked-Out,4,8697.2
102419,City Hotel,2024-01-29,2024-03-08,1,1,B,HB,UK,Direct,Checked-Out,3,10311.72
102420,City Hotel,2024-06-13,2024-06-28,3,1,A,BB,UK,Direct,Checked-Out,5,11898.73
102421,City Hotel,2024-12-02,2025-01-24,1,0,A,BB,UK,Offline,Checked-Out,2,9135.04
102422,City Hotel,2024-07-04,2024-08-11,1,0,A,HB,Germany,Online,Checked-Out,9,9061.56
102423,Resort Hotel,2024-02-23,2024-08-17,2,0,B,BB,UAE,Online,Confirmed,3,8326.27
102424,City Hotel,2024-10-21,2024-12-12,4,0,B,HB,Canada,Online,Confirmed,10,2880.02
102425,City Hotel,2024-02-11,2024-04-23,2,0,E,FB,Germany,Online,Checked-Out,1,8058.04
102426,Resort Hotel,2024-10-11,2024-11-08,2,0,E,BB,France,Online,Confirmed,5,10147.95
102427,City Hotel,2024-05-17,2024-10-08,2,0,A,SC,Germany,Offline,Confirmed,4,6256.48
102428,Resort Hotel,2024-07-05,2024-10-31,3,0,A,BB,USA,Online,Confirmed,2,8076.3
102429,City Hotel,2024-07-22,2024-12-13,2,0,A,BB,UK,Online,Cancelled,8,11301.64
102430,Resort Hotel,2024-02-11,2024-03-17,2,0,A,BB,Germany,Online,Confirmed,9,4134.32
102431,City Hotel,2024-12-15,2025-05-09,2,0,B,SC,Australia,Online,Confirmed,6,5164.52
102432,Resort Hotel,2024-10-14,2025-01-21,2,0,C,SC,UK,Online,Cancelled,8,3548.02
102433,Resort Hotel,2024-01-26,2024-03-18,1,1,A,BB,India,Corporate,Checked-Out,2,7252.32
102434,City Hotel,2024-02-25,2024-07-14,1,0,D,BB,France,Offline,Confirmed,6,10476.67
102435,Resort Hotel,2024-09-09,2024-12-01,2,1,B,BB,Germany,Corporate,Cancelled,1,6634.56
102436,City Hotel,2024-05-01,2024-06-18,2,0,E,HB,Australia,Direct,Confirmed,10,3163.48
102437,City Hotel,2024-04-15,2024-05-07,3,0,C,HB,Canada,Corporate,Confirmed,3,5003.61
102438,City Hotel,2024-05-09,2024-09-09,1,0,C,HB,Australia,Online,Confirmed,7,10952.21
102439,City Hotel,2024-12-02,2025-04-08,2,0,A,FB,UK,Corporate,Checked-Out,1,7796.48
102440,City Hotel,2024-06-06,2024-11-30,2,0,C,HB,India,Online,Checked-Out,6,11183.68
102441,City Hotel,2024-08-18,2024-10-09,1,0,A,BB,France,Corporate,Cancelled,7,10427.16
102442,City Hotel,2024-11-03,2025-01-21,2,1,C,BB,France,Online,Confirmed,3,6435.77
102443,Resort Hotel,2024-03-31,2024-08-07,1,1,A,FB,India,Offline,Checked-Out,8,8518.67
102444,Resort Hotel,2024-01-22,2024-03-28,3,2,A,HB,Germany,Direct,Confirmed,8,8812.04
102445,City Hotel,2024-10-16,2024-12-19,2,2,A,BB,Germany,Online,Confirmed,5,9594.58
102446,City Hotel,2024-04-19,2024-04-27,2,0,A,BB,UK,Direct,Checked-Out,2,5663.18
102447,City Hotel,2024-02-18,2024-03-14,1,0,A,HB,UAE,Online,Checked-Out,2,5245.4
102448,City Hotel,2024-05-08,2024-08-10,2,0,E,BB,USA,Online,Checked-Out,5,9003.59
102449,City Hotel,2024-03-13,2024-09-08,2,0,A,HB,UK,Online,Cancelled,4,10278.17
102450,City Hotel,2024-12-05,2024-12-20,2,1,C,HB,UK,Online,Checked-Out,4,6435.34
102451,City Hotel,2024-02-22,2024-08-18,2,1,A,BB,Canada,Online,Confirmed,5,5550.15
102452,Resort Hotel,2024-12-21,2025-04-22,1,1,B,HB,UK,Online,Confirmed,1,10342.6
102453,City Hotel,2024-06-16,2024-08-30,2,1,A,BB,Canada,Online,Checked-Out,7,9026.03
102454,City Hotel,2024-02-14,2024-05-28,2,0,A,BB,India,Online,Confirmed,3,5763.73
102455,City Hotel,2024-04-14,2024-05-22,2,0,A,BB,France,Online,Confirmed,10,7531.83
102456,City Hotel,2024-05-29,2024-11-13,2,0,A,HB,France,Online,Checked-Out,10,11628.19
102457,City Hotel,2024-05-25,2024-09-17,2,2,A,HB,USA,Offline,Checked-Out,8,9623.78
102458,City Hotel,2024-07-22,2024-08-30,2,2,E,BB,UAE,Offline,Confirmed,9,4605.82
102459,City Hotel,2024-12-27,2025-04-14,2,0,A,FB,Germany,Offline,Confirmed,8,5302.8
102460,City Hotel,2024-10-25,2024-11-11,2,0,D,BB,UK,Online,Checked-Out,2,5019.6
102461,Resort Hotel,2024-06-15,2024-10-28,1,0,E,BB,India,Corporate,Checked-Out,7,10559.32
102462,Resort Hotel,2024-07-19,2024-11-14,2,0,C,BB,India,Direct,Checked-Out,4,8593.48
102463,City Hotel,2024-05-13,2024-06-21,2,1,E,HB,UK,Online,Cancelled,5,11429.98
102464,City Hotel,2024-07-29,2024-09-02,2,0,A,BB,India,Offline,Confirmed,10,3363.87
102465,City Hotel,2024-02-17,2024-04-08,2,0,D,BB,India,Groups,Confirmed,5,2994.04
102466,City Hotel,2024-05-05,2024-06-21,3,0,A,BB,Canada,Corporate,Confirmed,9,8923.92
102467,City Hotel,2024-08-26,2024-10-01,3,2,B,BB,UK,Online,Confirmed,2,5032.93
102468,City Hotel,2024-01-07,2024-03-11,2,0,B,FB,USA,Direct,Confirmed,2,8952.13
102469,City Hotel,2024-09-28,2025-01-01,3,0,E,BB,India,Online,Confirmed,3,9372.97
102470,City Hotel,2024-02-06,2024-05-21,2,0,E,BB,France,Online,Confirmed,5,5392.57
102471,City Hotel,2024-07-29,2024-08-11,2,0,A,BB,Australia,Corporate,Confirmed,4,11550.35
102472,Resort Hotel,2024-06-13,2024-11-06,4,0,A,HB,France,Online,Confirmed,10,9860.04
102473,Resort Hotel,2024-05-04,2024-09-30,3,1,C,HB,UAE,Online,Confirmed,10,5989.87
102474,Resort Hotel,2024-12-02,2025-03-24,4,1,C,BB,Canada,Online,Confirmed,9,6415.13
102475,City Hotel,2024-07-10,2024-09-13,2,0,A,BB,Canada,Direct,Confirmed,3,9300.78
102476,Resort Hotel,2024-08-05,2024-08-13,1,0,A,HB,UAE,Groups,Confirmed,1,5388.35
102477,City Hotel,2024-08-01,2024-09-18,2,1,D,BB,Australia,Direct,Cancelled,5,5306.06
102478,Resort Hotel,2024-03-02,2024-05-26,2,0,C,HB,Australia,Online,Cancelled,8,8436.64
102479,City Hotel,2024-11-23,2025-01-05,2,0,A,FB,France,Online,Checked-Out,1,3780.55
102480,Resort Hotel,2024-06-09,2024-09-02,3,0,C,BB,UK,Direct,Confirmed,1,11936.76
102481,City Hotel,2024-03-06,2024-08-08,2,0,B,BB,UAE,Offline,Cancelled,6,5228.75
102482,Resort Hotel,2024-10-12,2024-10-31,2,0,E,BB,Australia,Online,Cancelled,7,6135.79
102483,Resort Hotel,2024-08-26,2024-09-18,2,2,B,FB,France,Online,Confirmed,8,4630.52
102484,City Hotel,2024-01-20,2024-05-14,2,1,A,HB,Germany,Online,Checked-Out,8,8613.21
102485,City Hotel,2024-07-06,2024-08-25,1,0,D,BB,India,Offline,Cancelled,3,3074.64
102486,Resort Hotel,2024-03-22,2024-09-17,4,1,A,BB,Canada,Online,Confirmed,4,11314.18
102487,City Hotel,2024-12-28,2025-02-09,2,0,E,HB,USA,Corporate,Cancelled,9,5387.86
102488,Resort Hotel,2024-07-20,2024-10-27,1,0,C,BB,Australia,Online,Checked-Out,5,11310.07
102489,City Hotel,2024-05-11,2024-08-23,3,0,E,BB,UAE,Corporate,Checked-Out,9,4908.62
102490,City Hotel,2024-02-06,2024-06-01,4,0,A,BB,UAE,Online,Checked-Out,5,7380.99
102491,City Hotel,2024-05-11,2024-07-01,3,1,C,HB,UAE,Online,Confirmed,5,9104.13
102492,City Hotel,2024-03-17,2024-07-01,3,0,D,BB,France,Online,Confirmed,9,8319.96
102493,Resort Hotel,2024-03-29,2024-07-19,2,1,C,BB,UAE,Direct,Confirmed,6,7368.68
102494,City Hotel,2024-09-09,2025-02-25,3,0,A,FB,UK,Online,Confirmed,3,9991.06
102495,City Hotel,2024-12-09,2025-02-19,1,0,A,BB,Canada,Direct,Confirmed,5,6969.69
102496,City Hotel,2024-07-12,2024-11-28,3,0,B,BB,Australia,Online,Checked-Out,1,5665.16
102497,City Hotel,2024-06-24,2024-09-12,2,2,A,HB,USA,Direct,Cancelled,9,9326.63
102498,Resort Hotel,2024-02-02,2024-07-31,1,0,C,BB,Canada,Direct,Cancelled,10,11404.08
102499,Resort Hotel,2024-02-27,2024-07-27,2,0,A,HB,UK,Corporate,Confirmed,10,8213.16
102500,City Hotel,2024-07-19,2024-09-06,2,0,D,BB,USA,Online,Confirmed,7,5157.24
102501,Resort Hotel,2024-01-28,2024-07-12,2,0,A,HB,USA,Offline,Checked-Out,1,9746.68
102502,Resort Hotel,2024-02-04,2024-03-22,1,1,A,HB,India,Online,Confirmed,4,9738.29
102503,City Hotel,2024-05-04,2024-07-15,3,1,A,FB,Australia,Online,Cancelled,2,5035.21
102504,Resort Hotel,2024-11-16,2024-11-23,1,2,B,HB,Australia,Direct,Confirmed,3,6153.99
102505,City Hotel,2024-02-11,2024-04-17,2,1,B,BB,Australia,Direct,Confirmed,4,3838.98
102506,City Hotel,2024-03-25,2024-06-10,3,0,B,BB,USA,Direct,Confirmed,2,3256.84
102507,Resort Hotel,2024-07-06,2024-09-06,2,0,C,BB,Germany,Corporate,Confirmed,10,10169.95
102508,City Hotel,2024-04-20,2024-09-24,2,0,A,SC,Germany,Direct,Cancelled,1,6039.47
102509,Resort Hotel,2024-09-27,2024-11-04,1,2,E,SC,Canada,Offline,Confirmed,4,5172.46
102510,Resort Hotel,2024-11-20,2025-03-25,2,0,E,BB,Germany,Direct,Checked-Out,9,4932.87
102511,City Hotel,2024-04-14,2024-07-07,4,0,A,BB,UAE,Online,Cancelled,9,3210.65
102512,Resort Hotel,2024-11-15,2025-04-25,3,0,D,BB,Canada,Offline,Cancelled,9,11856.2
102513,City Hotel,2024-02-10,2024-03-10,3,0,C,SC,UK,Offline,Confirmed,3,5986.93
102514,City Hotel,2024-08-02,2024-11-24,1,0,B,BB,India,Online,Confirmed,1,4060.37
102515,City Hotel,2024-03-11,2024-05-29,2,0,B,BB,UK,Online,Confirmed,1,10709.33
102516,Resort Hotel,2024-02-25,2024-03-19,2,1,D,BB,Australia,Direct,Checked-Out,3,9369.64
102517,City Hotel,2024-08-23,2024-12-07,2,0,E,BB,Australia,Online,Confirmed,10,8794.9
102518,City Hotel,2024-10-07,2025-02-15,2,0,B,BB,France,Online,Confirmed,8,5323.54
102519,Resort Hotel,2024-04-14,2024-07-24,2,1,A,BB,Australia,Groups,Confirmed,4,6446.86
102520,Resort Hotel,2024-06-10,2024-11-30,2,0,B,BB,Germany,Online,Checked-Out,8,10490.33
102521,Resort Hotel,2024-07-09,2024-07-17,2,0,A,BB,India,Online,Cancelled,7,8579.02
102522,City Hotel,2024-01-09,2024-04-04,2,0,B,BB,Germany,Direct,Confirmed,8,5783.7
102523,City Hotel,2024-02-29,2024-06-25,3,0,D,BB,India,Online,Cancelled,2,3538.16
102524,City Hotel,2024-10-31,2024-11-29,2,0,A,FB,UAE,Offline,Checked-Out,8,11052.57
102525,Resort Hotel,2024-08-12,2024-08-14,3,0,A,HB,UK,Online,Confirmed,9,11577.61
102526,City Hotel,2024-11-02,2025-02-23,3,2,C,HB,Australia,Direct,Confirmed,10,9328.55
102527,City Hotel,2024-07-06,2024-12-31,2,0,A,BB,UK,Online,Confirmed,6,9068.22
102528,Resort Hotel,2024-03-10,2024-05-14,1,0,A,HB,UAE,Direct,Checked-Out,3,7608.25
102529,City Hotel,2024-10-19,2025-02-04,1,0,C,BB,Germany,Direct,Cancelled,7,11729.35
102530,Resort Hotel,2024-10-13,2024-11-02,2,2,E,BB,USA,Groups,Confirmed,9,9094.43
102531,Resort Hotel,2024-06-17,2024-12-14,2,1,C,BB,UAE,Online,Confirmed,8,3228.98
102532,Resort Hotel,2024-03-02,2024-04-08,3,0,B,BB,India,Offline,Checked-Out,8,3371.43
102533,City Hotel,2024-12-14,2025-02-24,4,0,B,BB,Australia,Direct,Cancelled,7,11653.94
102534,City Hotel,2024-01-14,2024-02-10,1,0,A,BB,France,Offline,Confirmed,5,11461.16
102535,Resort Hotel,2024-06-12,2024-12-04,4,0,D,BB,Canada,Online,Confirmed,2,7799.44
102536,Resort Hotel,2024-09-01,2025-01-02,2,0,B,BB,USA,Direct,Checked-Out,5,4534.34
102537,Resort Hotel,2024-11-30,2025-04-13,3,0,E,HB,UAE,Online,Cancelled,5,8043.3
102538,City Hotel,2024-01-08,2024-02-22,2,0,E,BB,UK,Online,Confirmed,2,9753.67
102539,Resort Hotel,2024-06-02,2024-11-21,1,0,A,FB,India,Direct,Cancelled,10,2578.68
102540,Resort Hotel,2024-02-05,2024-04-28,2,0,E,BB,USA,Corporate,Confirmed,1,10316.72
102541,Resort Hotel,2024-02-17,2024-07-12,3,0,E,BB,Canada,Direct,Checked-Out,5,6915.57
102542,Resort Hotel,2024-03-25,2024-07-23,2,0,B,SC,France,Online,Confirmed,6,6900.06
102543,Resort Hotel,2024-01-28,2024-04-02,2,0,A,BB,USA,Online,Confirmed,7,6625.91
102544,City Hotel,2024-07-14,2024-08-08,3,0,C,HB,France,Online,Confirmed,2,9072.54
102545,City Hotel,2024-07-26,2024-08-22,3,2,A,BB,UK,Groups,Confirmed,6,4489.88
102546,City Hotel,2024-07-22,2024-12-04,1,0,B,BB,UAE,Online,Confirmed,8,8263.27
102547,City Hotel,2024-11-02,2025-04-23,3,0,A,BB,India,Online,Confirmed,6,2918.92
102548,City Hotel,2024-04-13,2024-07-28,2,0,B,FB,UK,Online,Confirmed,3,10207.82
102549,City Hotel,2024-08-17,2025-01-21,2,0,E,BB,India,Online,Checked-Out,3,10246.71
102550,City Hotel,2024-04-10,2024-05-24,2,0,A,BB,USA,Online,Checked-Out,7,5462.86
102551,City Hotel,2024-01-29,2024-05-15,2,0,C,HB,UK,Direct,Confirmed,2,3501.48
102552,City Hotel,2024-05-06,2024-06-11,2,0,A,BB,India,Corporate,Cancelled,3,9603.62
102553,Resort Hotel,2024-12-03,2025-04-29,2,0,C,FB,Australia,Offline,Cancelled,7,6967.04
102554,Resort Hotel,2024-01-10,2024-01-16,2,1,C,BB,France,Offline,Confirmed,9,11287.19
102555,City Hotel,2024-04-15,2024-09-15,3,1,A,HB,India,Groups,Confirmed,1,5858.1
102556,Resort Hotel,2024-06-15,2024-11-21,3,2,B,BB,Australia,Online,Cancelled,5,10494.34
102557,City Hotel,2024-09-13,2024-09-22,2,0,D,BB,UK,Online,Confirmed,2,2740.57
102558,City Hotel,2024-10-21,2025-04-04,1,0,A,HB,UK,Online,Cancelled,5,9841.54
102559,City Hotel,2024-10-03,2025-03-07,2,2,C,BB,USA,Direct,Cancelled,6,8943.37
102560,City Hotel,2024-03-05,2024-03-18,3,0,C,BB,UAE,Direct,Confirmed,8,7499.54
102561,Resort Hotel,2024-09-27,2024-11-07,2,0,A,SC,France,Direct,Cancelled,7,11149.05
102562,Resort Hotel,2024-07-06,2024-11-11,2,0,E,BB,India,Online,Confirmed,5,11449.11
102563,City Hotel,2024-11-12,2025-01-17,2,0,B,FB,UK,Online,Confirmed,5,11332.01
102564,City Hotel,2024-05-17,2024-08-10,2,0,A,HB,India,Direct,Cancelled,2,8179.13
102565,City Hotel,2024-12-08,2025-01-01,2,0,A,HB,Germany,Online,Checked-Out,6,7434.27
102566,City Hotel,2024-04-14,2024-05-28,3,0,B,FB,UAE,Corporate,Confirmed,3,5055.23
102567,City Hotel,2024-02-03,2024-05-19,2,0,C,BB,France,Groups,Confirmed,6,4039.67
102568,City Hotel,2024-04-19,2024-07-26,2,0,B,FB,France,Online,Checked-Out,3,7792.4
102569,Resort Hotel,2024-02-02,2024-04-02,2,0,C,BB,Australia,Corporate,Checked-Out,2,3910.72
102570,Resort Hotel,2024-12-19,2024-12-28,3,0,C,FB,Germany,Direct,Checked-Out,8,4135.1
102571,City Hotel,2024-08-18,2024-12-26,2,0,A,BB,France,Online,Confirmed,4,5889.06
102572,Resort Hotel,2024-11-12,2025-01-07,2,0,B,FB,Germany,Online,Confirmed,5,4274.1
102573,City Hotel,2024-09-22,2025-02-27,2,0,E,FB,India,Online,Checked-Out,9,7266.42
102574,City Hotel,2024-06-30,2024-07-22,3,0,E,HB,Canada,Direct,Confirmed,4,8805.62
102575,City Hotel,2024-12-05,2025-02-24,2,0,A,BB,Germany,Online,Confirmed,1,9130.06
102576,City Hotel,2024-03-05,2024-06-13,2,0,C,HB,USA,Offline,Confirmed,6,7561.39
102577,Resort Hotel,2024-11-28,2024-12-11,3,0,A,BB,Australia,Groups,Confirmed,5,7457.09
102578,City Hotel,2024-01-01,2024-03-12,4,1,A,BB,Germany,Online,Confirmed,10,7010.71
102579,City Hotel,2024-05-12,2024-05-28,2,1,C,BB,India,Online,Confirmed,3,4830.02
102580,City Hotel,2024-03-20,2024-05-04,4,0,A,BB,France,Direct,Checked-Out,5,8715.31
102581,City Hotel,2024-09-27,2024-12-01,2,0,A,BB,USA,Offline,Cancelled,8,8741.78
102582,Resort Hotel,2024-08-28,2025-01-14,2,0,C,BB,Germany,Online,Confirmed,1,4930.15
102583,City Hotel,2024-01-28,2024-04-07,2,0,E,BB,UAE,Direct,Confirmed,4,9155.41
102584,City Hotel,2024-08-10,2025-01-05,1,2,E,BB,UAE,Offline,Cancelled,3,10651.05
102585,City Hotel,2024-01-23,2024-05-01,2,2,B,BB,Australia,Online,Checked-Out,4,8149.74
102586,City Hotel,2024-04-18,2024-07-28,2,0,B,BB,UAE,Online,Confirmed,2,3616.63
102587,City Hotel,2024-04-16,2024-07-30,3,0,A,BB,Australia,Groups,Cancelled,2,5608.98
102588,Resort Hotel,2024-05-24,2024-10-11,3,1,C,HB,India,Online,Confirmed,2,3381.49
102589,City Hotel,2024-12-19,2025-03-23,2,1,E,BB,USA,Online,Cancelled,3,5369.3
102590,Resort Hotel,2024-05-18,2024-06-29,2,0,D,SC,USA,Online,Confirmed,9,4513.47
102591,Resort Hotel,2024-10-10,2025-01-01,2,0,C,BB,UAE,Online,Confirmed,5,7768.97
102592,Resort Hotel,2024-10-24,2025-03-06,2,0,A,BB,USA,Groups,Cancelled,4,6523.67
102593,City Hotel,2024-04-08,2024-07-22,2,0,A,BB,Germany,Online,Cancelled,4,9365.5
102594,City Hotel,2024-11-12,2025-04-16,2,1,A,HB,India,Offline,Confirmed,3,5948.9
102595,City Hotel,2024-05-02,2024-05-30,2,2,D,BB,India,Online,Confirmed,9,3969.85
102596,Resort Hotel,2024-11-15,2024-12-11,2,1,A,SC,India,Online,Confirmed,10,4742.24
102597,City Hotel,2024-10-13,2025-02-06,3,0,B,BB,Canada,Direct,Cancelled,1,7684.94
102598,City Hotel,2024-03-21,2024-05-09,3,0,A,BB,UAE,Offline,Confirmed,6,6773.62
102599,City Hotel,2024-01-10,2024-06-07,2,0,C,SC,UK,Online,Checked-Out,4,2904.78
102600,City Hotel,2024-01-08,2024-01-09,2,0,C,BB,France,Direct,Confirmed,8,4494.48
102601,City Hotel,2024-07-23,2024-10-23,2,0,B,SC,India,Online,Confirmed,7,5319.0
102602,City Hotel,2024-11-10,2025-01-07,1,0,C,SC,UK,Offline,Confirmed,3,9390.92
102603,Resort Hotel,2024-07-15,2024-10-02,2,0,B,SC,UK,Offline,Confirmed,5,9439.06
102604,City Hotel,2024-07-16,2024-10-05,2,0,A,FB,USA,Direct,Confirmed,4,9130.88
102605,City Hotel,2024-01-30,2024-02-25,1,0,A,BB,France,Corporate,Confirmed,4,10275.38
102606,City Hotel,2024-01-20,2024-06-21,2,1,E,BB,USA,Online,Confirmed,10,10801.86
102607,City Hotel,2024-02-17,2024-05-04,2,0,A,BB,France,Online,Checked-Out,8,3175.53
102608,City Hotel,2024-05-09,2024-10-17,1,0,A,SC,Canada,Online,Confirmed,9,7184.04
102609,Resort Hotel,2024-10-19,2024-12-30,2,0,A,BB,USA,Online,Confirmed,4,3915.11
102610,City Hotel,2024-05-11,2024-07-19,4,1,A,BB,Australia,Corporate,Confirmed,2,5863.57
102611,Resort Hotel,2024-12-21,2024-12-27,3,0,B,HB,UAE,Online,Cancelled,1,8800.37
102612,City Hotel,2024-02-23,2024-03-17,1,0,B,BB,UAE,Online,Confirmed,10,8215.76
102613,City Hotel,2024-10-07,2025-03-14,2,0,E,HB,Germany,Offline,Confirmed,4,3721.32
102614,Resort Hotel,2024-09-21,2024-11-14,3,0,C,SC,France,Groups,Confirmed,8,9692.28
102615,City Hotel,2024-08-02,2024-10-28,1,0,A,HB,Australia,Online,Confirmed,5,9976.66
102616,City Hotel,2024-10-16,2024-10-27,3,1,C,HB,UK,Direct,Checked-Out,2,3822.25
102617,City Hotel,2024-02-12,2024-07-20,2,0,D,HB,UK,Online,Checked-Out,4,8348.76
102618,City Hotel,2024-03-14,2024-07-26,3,1,D,HB,France,Online,Checked-Out,4,11479.68
102619,Resort Hotel,2024-12-15,2024-12-26,3,0,A,BB,USA,Online,Confirmed,10,3392.44
102620,City Hotel,2024-10-04,2024-12-20,2,0,A,BB,Canada,Groups,Confirmed,5,4063.76
102621,Resort Hotel,2024-11-21,2024-12-03,2,0,D,BB,Germany,Direct,Confirmed,2,9772.48
102622,Resort Hotel,2024-08-29,2024-10-21,2,1,C,HB,Germany,Corporate,Confirmed,7,5700.79
102623,City Hotel,2024-05-09,2024-08-16,1,0,B,HB,India,Online,Cancelled,5,11577.93
102624,Resort Hotel,2024-12-15,2025-01-20,2,0,A,BB,France,Online,Checked-Out,4,8431.45
102625,City Hotel,2024-07-12,2024-12-04,2,0,C,BB,Germany,Online,Confirmed,8,7090.4
102626,Resort Hotel,2024-02-01,2024-02-29,1,0,A,BB,USA,Offline,Confirmed,2,5707.8
102627,City Hotel,2024-04-15,2024-09-12,2,1,A,BB,USA,Online,Confirmed,1,4771.68
102628,Resort Hotel,2024-07-22,2024-11-01,3,2,A,BB,UK,Online,Checked-Out,6,8675.2
102629,City Hotel,2024-01-01,2024-01-08,1,0,A,HB,Germany,Online,Cancelled,10,8124.28
102630,City Hotel,2024-09-01,2024-09-16,2,0,B,HB,Germany,Direct,Checked-Out,10,5900.17
102631,City Hotel,2024-03-12,2024-07-29,2,0,A,BB,USA,Direct,Cancelled,8,11218.88
102632,Resort Hotel,2024-11-01,2024-11-25,2,0,A,HB,UK,Direct,Cancelled,7,9737.14
102633,City Hotel,2024-01-15,2024-02-14,2,2,A,BB,Germany,Online,Confirmed,9,4970.64
102634,City Hotel,2024-02-22,2024-04-28,4,0,A,FB,Canada,Direct,Checked-Out,1,11461.98
102635,Resort Hotel,2024-01-08,2024-03-09,2,0,A,BB,Canada,Direct,Cancelled,3,9677.62
102636,Resort Hotel,2024-11-25,2025-02-11,2,0,A,SC,USA,Groups,Confirmed,9,11022.52
102637,Resort Hotel,2024-02-15,2024-03-27,1,0,A,BB,UK,Online,Confirmed,5,3794.09
102638,Resort Hotel,2024-11-20,2025-02-10,2,0,B,BB,UK,Groups,Confirmed,6,2813.47
102639,Resort Hotel,2024-04-23,2024-06-13,3,2,A,HB,USA,Online,Confirmed,7,7182.72
102640,Resort Hotel,2024-05-26,2024-11-14,2,0,A,BB,UK,Online,Confirmed,3,6757.45
102641,City Hotel,2024-06-14,2024-09-17,2,0,D,HB,Australia,Direct,Checked-Out,7,10763.14
102642,City Hotel,2024-05-18,2024-05-31,1,0,B,BB,Australia,Direct,Checked-Out,3,4135.38
102643,Resort Hotel,2024-04-26,2024-07-25,4,1,D,BB,UK,Online,Checked-Out,6,2724.03
102644,City Hotel,2024-10-25,2025-03-14,1,0,B,HB,India,Direct,Cancelled,8,7527.85
102645,City Hotel,2024-10-02,2024-12-23,3,0,E,BB,UAE,Online,Confirmed,7,4186.88
102646,City Hotel,2024-10-03,2024-10-12,2,0,A,BB,UAE,Corporate,Confirmed,5,2970.34
102647,Resort Hotel,2024-12-03,2025-01-20,2,0,B,FB,UK,Corporate,Confirmed,6,2710.96
102648,City Hotel,2024-11-08,2024-12-27,2,1,B,SC,Canada,Online,Checked-Out,4,3853.12
102649,City Hotel,2024-06-26,2024-08-18,1,0,E,HB,Germany,Online,Confirmed,2,6070.64
102650,City Hotel,2024-11-25,2025-01-04,2,0,A,FB,UK,Online,Cancelled,7,10897.7
102651,City Hotel,2024-12-19,2025-04-05,2,0,D,SC,Germany,Direct,Cancelled,4,9725.46
102652,City Hotel,2024-06-02,2024-06-26,1,0,B,HB,USA,Online,Confirmed,6,7536.6
102653,City Hotel,2024-07-19,2024-11-04,3,0,C,SC,UK,Online,Checked-Out,10,6588.28
102654,City Hotel,2024-12-31,2025-02-02,1,2,D,BB,USA,Online,Confirmed,2,6830.09
102655,Resort Hotel,2024-04-24,2024-05-17,2,0,E,HB,UAE,Online,Checked-Out,2,10904.12
102656,City Hotel,2024-06-07,2024-08-23,2,1,C,BB,France,Direct,Cancelled,6,9384.0
102657,Resort Hotel,2024-02-11,2024-04-05,2,0,A,HB,Canada,Direct,Checked-Out,8,4134.12
102658,Resort Hotel,2024-09-03,2024-10-26,2,2,A,FB,Australia,Corporate,Checked-Out,1,11427.45
102659,City Hotel,2024-03-08,2024-04-26,2,0,A,BB,UK,Online,Confirmed,10,9842.69
102660,Resort Hotel,2024-11-21,2025-02-07,2,0,A,HB,USA,Online,Confirmed,7,2824.48
102661,City Hotel,2024-11-29,2025-02-17,2,0,A,FB,France,Corporate,Checked-Out,6,7271.44
102662,Resort Hotel,2024-07-14,2025-01-07,2,0,B,FB,Germany,Groups,Confirmed,5,8701.43
102663,City Hotel,2024-03-30,2024-07-10,3,0,D,BB,UAE,Offline,Confirmed,10,3079.4
102664,Resort Hotel,2024-04-20,2024-08-20,2,2,A,FB,UAE,Direct,Cancelled,8,5854.07
102665,City Hotel,2024-12-24,2025-04-06,2,1,B,BB,Germany,Direct,Cancelled,1,8658.87
102666,City Hotel,2024-05-24,2024-08-22,3,0,A,HB,UAE,Direct,Cancelled,5,10252.83
102667,City Hotel,2024-10-01,2024-12-30,1,0,D,BB,Australia,Online,Cancelled,6,11782.81
102668,Resort Hotel,2024-06-27,2024-12-04,2,0,A,BB,Australia,Direct,Cancelled,4,3655.49
102669,Resort Hotel,2024-08-28,2024-12-27,2,1,B,BB,Canada,Online,Cancelled,10,8507.82
102670,City Hotel,2024-11-21,2025-04-19,3,0,E,BB,Canada,Online,Checked-Out,10,10981.5
102671,City Hotel,2024-11-14,2025-04-09,4,0,A,HB,Germany,Corporate,Confirmed,2,9310.72
102672,City Hotel,2024-11-26,2025-01-25,3,1,C,BB,Germany,Offline,Confirmed,8,8507.8
102673,Resort Hotel,2024-06-01,2024-10-01,2,0,D,FB,Germany,Online,Confirmed,5,4537.01
102674,City Hotel,2024-04-13,2024-09-01,2,1,A,SC,India,Corporate,Checked-Out,10,10245.32
102675,Resort Hotel,2024-03-15,2024-08-14,2,0,E,HB,Canada,Online,Confirmed,6,7843.67
102676,City Hotel,2024-05-07,2024-06-06,2,0,D,BB,Australia,Online,Cancelled,9,3558.45
102677,City Hotel,2024-07-17,2024-11-24,4,0,A,HB,UAE,Direct,Confirmed,2,11388.22
102678,City Hotel,2024-06-02,2024-08-24,1,0,A,BB,USA,Groups,Checked-Out,5,11889.71
102679,City Hotel,2024-02-25,2024-06-15,2,2,B,BB,France,Online,Checked-Out,1,7607.89
102680,City Hotel,2024-10-04,2025-01-20,3,0,D,FB,France,Corporate,Checked-Out,3,9876.55
102681,City Hotel,2024-12-10,2025-03-31,3,0,A,BB,UAE,Online,Confirmed,6,8041.47
102682,Resort Hotel,2024-01-19,2024-02-13,1,0,C,SC,UK,Offline,Confirmed,8,6510.95
102683,City Hotel,2024-06-07,2024-07-27,1,0,A,BB,USA,Corporate,Confirmed,5,6386.53
102684,City Hotel,2024-01-26,2024-02-09,2,0,D,BB,Australia,Corporate,Confirmed,4,11660.99
102685,City Hotel,2024-06-17,2024-10-29,2,0,C,BB,UAE,Groups,Confirmed,5,6003.47
102686,City Hotel,2024-01-23,2024-04-08,2,1,B,HB,UAE,Online,Confirmed,4,7159.31
102687,City Hotel,2024-02-16,2024-05-10,2,0,B,BB,India,Online,Confirmed,2,4860.66
102688,City Hotel,2024-01-13,2024-04-09,4,0,D,BB,India,Direct,Checked-Out,1,4906.18
102689,City Hotel,2024-08-04,2025-01-09,2,1,A,HB,USA,Direct,Checked-Out,8,5884.16
102690,City Hotel,2024-11-17,2024-12-17,2,0,C,SC,Germany,Corporate,Confirmed,1,11285.39
102691,City Hotel,2024-07-12,2024-12-25,2,1,A,HB,Germany,Online,Checked-Out,2,6267.11
102692,City Hotel,2024-05-23,2024-07-20,2,0,C,BB,USA,Corporate,Confirmed,5,7746.75
102693,City Hotel,2024-03-13,2024-06-15,2,0,C,BB,Australia,Corporate,Confirmed,8,7684.66
102694,City Hotel,2024-06-04,2024-07-15,3,0,A,HB,France,Online,Confirmed,10,8039.94
102695,Resort Hotel,2024-03-17,2024-06-19,3,0,C,HB,Germany,Direct,Checked-Out,3,10290.41
102696,City Hotel,2024-06-17,2024-08-13,2,0,B,SC,UAE,Online,Confirmed,9,11061.41
102697,Resort Hotel,2024-10-13,2025-03-26,3,0,E,BB,UK,Offline,Checked-Out,6,4483.1
102698,City Hotel,2024-03-25,2024-05-28,2,0,A,BB,Australia,Online,Confirmed,3,10674.25
102699,Resort Hotel,2024-06-30,2024-10-06,2,0,A,BB,Australia,Online,Checked-Out,10,7703.22
102700,Resort Hotel,2024-11-10,2024-11-26,1,0,D,HB,India,Online,Confirmed,7,11282.46
102701,City Hotel,2024-10-23,2025-01-19,3,0,D,BB,Canada,Online,Cancelled,7,11203.49
102702,Resort Hotel,2024-04-21,2024-07-08,1,0,B,SC,Germany,Direct,Checked-Out,7,6199.62
102703,City Hotel,2024-08-17,2024-11-15,2,0,E,BB,France,Offline,Checked-Out,4,8692.83
102704,City Hotel,2024-04-05,2024-06-16,3,0,C,BB,Australia,Direct,Checked-Out,6,10778.41
102705,Resort Hotel,2024-06-16,2024-06-30,1,0,E,BB,Germany,Online,Confirmed,3,6154.73
102706,Resort Hotel,2024-06-04,2024-07-05,2,0,B,BB,Germany,Online,Cancelled,4,2916.34
102707,City Hotel,2024-04-14,2024-06-19,1,0,A,HB,India,Online,Checked-Out,3,5918.17
102708,City Hotel,2024-07-11,2024-10-31,2,1,A,HB,UK,Online,Confirmed,3,5971.34
102709,City Hotel,2024-11-25,2025-02-01,2,0,E,BB,Australia,Online,Cancelled,1,10164.08
102710,City Hotel,2024-05-11,2024-07-05,2,0,A,BB,Canada,Direct,Confirmed,5,5441.42
102711,Resort Hotel,2024-12-20,2025-04-22,3,1,E,HB,UK,Online,Confirmed,3,10992.85
102712,City Hotel,2024-05-17,2024-11-01,2,0,C,FB,France,Direct,Cancelled,1,7712.09
102713,City Hotel,2024-11-26,2025-04-28,1,0,A,BB,Canada,Direct,Confirmed,9,8068.46
102714,City Hotel,2024-09-26,2024-10-21,2,1,B,HB,USA,Online,Confirmed,4,10166.57
102715,City Hotel,2024-02-07,2024-06-17,3,0,B,BB,USA,Offline,Confirmed,9,3778.46
102716,City Hotel,2024-02-14,2024-04-23,4,2,C,HB,Canada,Online,Cancelled,2,2670.45
102717,City Hotel,2024-06-11,2024-09-21,2,2,A,HB,USA,Online,Cancelled,2,3037.84
102718,Resort Hotel,2024-11-26,2025-03-24,2,0,E,BB,France,Groups,Confirmed,4,2791.3
102719,Resort Hotel,2024-09-09,2024-10-05,3,2,B,HB,UAE,Online,Checked-Out,4,9149.0
102720,City Hotel,2024-06-17,2024-07-27,3,2,E,BB,Australia,Online,Confirmed,5,4827.23
102721,Resort Hotel,2024-10-11,2024-11-18,2,0,B,BB,Germany,Direct,Cancelled,1,10645.51
102722,Resort Hotel,2024-09-30,2025-03-15,2,2,A,BB,UAE,Online,Confirmed,5,10887.31
102723,Resort Hotel,2024-01-20,2024-01-27,2,0,B,BB,UK,Direct,Confirmed,10,5882.83
102724,City Hotel,2024-08-26,2025-01-31,1,0,D,HB,UK,Offline,Cancelled,2,4350.84
102725,City Hotel,2024-09-26,2025-01-24,3,0,A,BB,Germany,Direct,Cancelled,5,7238.71
102726,City Hotel,2024-11-05,2025-04-01,2,0,E,HB,Australia,Direct,Checked-Out,10,10250.18
102727,City Hotel,2024-01-31,2024-03-06,2,0,B,BB,Canada,Direct,Checked-Out,10,9006.47
102728,City Hotel,2024-11-09,2025-04-19,2,0,E,BB,UK,Offline,Confirmed,6,2744.55
102729,City Hotel,2024-04-13,2024-09-21,2,0,D,BB,Australia,Corporate,Cancelled,3,2567.93
102730,City Hotel,2024-06-18,2024-09-04,2,0,C,BB,Canada,Groups,Confirmed,4,3581.13
102731,Resort Hotel,2024-07-04,2024-08-11,2,0,B,SC,Canada,Online,Checked-Out,5,5699.35
102732,City Hotel,2024-05-07,2024-09-22,2,0,B,HB,Canada,Online,Cancelled,6,7600.38
102733,City Hotel,2024-07-28,2024-08-25,2,0,D,BB,UK,Online,Confirmed,9,10267.06
102734,Resort Hotel,2024-10-07,2025-01-15,2,1,B,SC,USA,Offline,Cancelled,9,3856.53
102735,Resort Hotel,2024-09-09,2024-10-17,3,0,C,BB,USA,Online,Checked-Out,6,3948.55
102736,Resort Hotel,2024-01-19,2024-06-11,4,0,C,BB,India,Corporate,Confirmed,1,10704.49
102737,Resort Hotel,2024-07-18,2024-11-19,2,0,B,BB,India,Direct,Confirmed,6,11278.24
102738,City Hotel,2024-08-07,2025-01-03,3,0,B,SC,UK,Offline,Cancelled,10,7737.25
102739,Resort Hotel,2024-05-15,2024-08-15,2,0,A,HB,USA,Corporate,Confirmed,3,9956.48
102740,City Hotel,2024-08-10,2024-11-15,2,2,A,HB,Australia,Direct,Cancelled,5,5755.38
102741,City Hotel,2024-01-03,2024-01-09,4,1,E,HB,India,Offline,Confirmed,5,11489.54
102742,City Hotel,2024-08-23,2025-02-08,2,0,D,HB,India,Offline,Checked-Out,10,11096.36
102743,City Hotel,2024-12-07,2025-04-13,1,0,A,HB,USA,Online,Checked-Out,4,10571.25
102744,City Hotel,2024-08-15,2024-08-30,4,0,D,BB,Australia,Groups,Checked-Out,3,2623.33
102745,City Hotel,2024-05-21,2024-09-06,3,0,A,BB,India,Online,Confirmed,1,7471.33
102746,Resort Hotel,2024-01-09,2024-05-19,2,0,B,BB,Germany,Corporate,Confirmed,7,2753.29
102747,City Hotel,2024-07-08,2024-08-20,4,0,A,FB,Canada,Online,Confirmed,8,8935.73
102748,City Hotel,2024-12-15,2025-01-31,2,0,E,HB,Australia,Direct,Confirmed,5,4242.71
102749,Resort Hotel,2024-06-13,2024-09-20,2,0,E,HB,Germany,Offline,Checked-Out,8,8575.06
102750,City Hotel,2024-05-18,2024-06-01,2,1,B,BB,USA,Direct,Checked-Out,4,3430.61
102751,City Hotel,2024-10-02,2025-03-08,2,0,A,BB,USA,Online,Cancelled,8,9687.85
102752,Resort Hotel,2024-10-17,2025-02-26,2,2,B,FB,India,Online,Cancelled,3,9401.26
102753,City Hotel,2024-02-22,2024-07-25,2,0,C,BB,UK,Groups,Checked-Out,8,2543.79
102754,City Hotel,2024-06-23,2024-10-16,1,0,A,HB,France,Online,Checked-Out,6,10024.51
102755,Resort Hotel,2024-04-19,2024-09-06,2,0,A,BB,UAE,Online,Cancelled,9,4055.98
102756,City Hotel,2024-07-21,2024-07-23,2,1,C,HB,Germany,Direct,Confirmed,5,3538.26
102757,City Hotel,2024-05-15,2024-10-07,1,1,A,HB,Germany,Online,Confirmed,1,7252.35
102758,Resort Hotel,2024-01-04,2024-02-08,4,0,A,HB,UAE,Direct,Checked-Out,8,8105.87
102759,Resort Hotel,2024-06-03,2024-06-13,2,0,B,BB,UAE,Online,Checked-Out,3,3479.51
102760,City Hotel,2024-06-20,2024-10-10,2,0,C,HB,Australia,Online,Confirmed,5,5395.11
102761,City Hotel,2024-12-23,2025-06-12,2,0,E,BB,Australia,Groups,Confirmed,2,6374.05
102762,City Hotel,2024-02-16,2024-03-08,3,0,A,SC,USA,Groups,Checked-Out,7,11464.35
102763,City Hotel,2024-04-03,2024-04-18,2,0,B,BB,Canada,Offline,Cancelled,5,4887.56
102764,City Hotel,2024-02-17,2024-07-29,2,0,A,BB,UK,Corporate,Cancelled,7,4974.64
102765,City Hotel,2024-08-27,2024-12-17,1,0,A,HB,USA,Online,Confirmed,7,8764.25
102766,Resort Hotel,2024-12-12,2025-04-17,2,0,B,BB,India,Online,Cancelled,5,9407.95
102767,City Hotel,2024-07-31,2024-10-24,2,0,A,FB,UK,Corporate,Cancelled,5,2602.81
102768,City Hotel,2024-12-05,2025-02-28,2,0,A,BB,India,Online,Confirmed,9,3773.29
102769,City Hotel,2024-11-19,2025-05-10,3,0,C,BB,Germany,Online,Checked-Out,3,5898.06
102770,Resort Hotel,2024-05-18,2024-05-23,2,1,B,SC,UAE,Online,Cancelled,8,8504.1
102771,City Hotel,2024-07-23,2024-11-17,3,0,E,SC,USA,Online,Checked-Out,1,3774.13
102772,City Hotel,2024-03-13,2024-08-06,3,0,A,BB,Australia,Online,Confirmed,4,5891.02
102773,Resort Hotel,2024-01-04,2024-06-01,3,0,B,BB,UAE,Online,Checked-Out,2,3261.92
102774,City Hotel,2024-03-16,2024-05-27,4,1,A,BB,USA,Offline,Cancelled,3,7925.58
102775,City Hotel,2024-11-24,2025-02-06,3,0,A,BB,France,Online,Confirmed,6,6550.47
102776,City Hotel,2024-03-17,2024-05-07,2,2,E,BB,UK,Direct,Confirmed,4,9986.77
102777,City Hotel,2024-10-30,2025-04-17,2,0,C,BB,Canada,Direct,Confirmed,1,7951.94
102778,City Hotel,2024-09-12,2024-10-06,2,0,A,FB,Germany,Offline,Confirmed,5,8761.52
102779,City Hotel,2024-04-11,2024-09-10,3,0,C,BB,France,Direct,Confirmed,3,8876.0
102780,City Hotel,2024-04-15,2024-05-23,2,0,E,HB,France,Online,Cancelled,2,8101.28
102781,City Hotel,2024-11-28,2025-01-11,2,0,A,HB,USA,Online,Confirmed,4,2652.87
102782,Resort Hotel,2024-02-08,2024-07-19,1,0,A,HB,UK,Direct,Checked-Out,4,10404.56
102783,Resort Hotel,2024-11-09,2025-01-23,3,0,A,BB,USA,Online,Cancelled,3,11208.65
102784,Resort Hotel,2024-10-01,2025-01-04,3,0,D,HB,UAE,Online,Confirmed,5,7575.28
102785,Resort Hotel,2024-03-28,2024-04-20,2,0,A,FB,UK,Online,Confirmed,5,3565.5
102786,City Hotel,2024-07-29,2024-11-30,2,0,A,HB,UAE,Online,Checked-Out,8,8719.66
102787,Resort Hotel,2024-03-17,2024-06-11,2,0,B,BB,France,Online,Checked-Out,10,5955.44
102788,City Hotel,2024-03-17,2024-04-29,1,0,B,BB,India,Online,Confirmed,7,3196.16
102789,Resort Hotel,2024-01-28,2024-03-08,2,0,D,FB,Germany,Online,Cancelled,9,10614.97
102790,Resort Hotel,2024-09-01,2024-10-18,2,0,A,HB,UAE,Offline,Checked-Out,7,9261.28
102791,Resort Hotel,2024-03-06,2024-08-22,4,0,B,SC,France,Groups,Checked-Out,2,10145.84
102792,Resort Hotel,2024-09-22,2025-03-16,2,0,E,BB,USA,Online,Confirmed,3,10063.2
102793,City Hotel,2024-07-23,2024-08-12,2,0,A,BB,Canada,Online,Cancelled,6,5897.94
102794,City Hotel,2024-02-27,2024-06-15,3,0,A,BB,Canada,Groups,Cancelled,1,7081.02
102795,City Hotel,2024-07-19,2024-09-25,2,0,C,BB,Germany,Corporate,Confirmed,8,4719.72
102796,City Hotel,2024-08-12,2024-09-05,2,1,C,BB,UAE,Offline,Checked-Out,7,9671.52
102797,City Hotel,2024-05-21,2024-06-26,2,0,A,FB,France,Online,Confirmed,6,7477.64
102798,City Hotel,2024-03-24,2024-05-08,3,0,A,HB,UK,Direct,Confirmed,5,8675.05
102799,Resort Hotel,2024-05-22,2024-09-29,2,1,C,BB,Canada,Groups,Confirmed,10,5887.91
102800,City Hotel,2024-12-17,2025-01-14,2,0,C,HB,USA,Online,Confirmed,5,8952.23
102801,Resort Hotel,2024-02-02,2024-07-05,4,1,D,HB,Canada,Direct,Confirmed,8,8876.44
102802,Resort Hotel,2024-05-31,2024-06-23,3,0,D,HB,France,Corporate,Checked-Out,8,9816.51
102803,Resort Hotel,2024-06-06,2024-11-17,2,0,A,HB,UK,Offline,Confirmed,3,3976.66
102804,Resort Hotel,2024-05-20,2024-08-19,3,0,D,HB,UK,Groups,Confirmed,9,8424.85
102805,City Hotel,2024-09-07,2025-01-19,3,1,A,BB,UK,Online,Confirmed,3,10855.03
102806,Resort Hotel,2024-10-29,2025-04-10,4,0,D,HB,Canada,Online,Confirmed,10,3394.53
102807,Resort Hotel,2024-04-21,2024-08-02,4,0,C,HB,Germany,Online,Cancelled,8,11627.09
102808,City Hotel,2024-05-23,2024-06-30,2,0,B,BB,USA,Offline,Checked-Out,7,4473.94
102809,City Hotel,2024-07-27,2025-01-06,2,0,B,BB,UK,Online,Checked-Out,9,11397.19
102810,Resort Hotel,2024-08-11,2024-11-13,1,0,A,BB,France,Online,Cancelled,9,10746.19
102811,City Hotel,2024-02-12,2024-04-05,2,0,A,BB,UK,Offline,Confirmed,1,9816.79
102812,City Hotel,2024-09-20,2024-10-28,3,0,A,FB,USA,Direct,Confirmed,1,4489.62
102813,Resort Hotel,2024-08-31,2024-10-13,3,0,D,BB,UAE,Offline,Cancelled,3,4556.16
102814,City Hotel,2024-01-03,2024-04-15,2,1,B,BB,Australia,Direct,Confirmed,7,4963.4
102815,City Hotel,2024-05-04,2024-08-26,2,0,A,BB,UAE,Online,Cancelled,3,10199.34
102816,Resort Hotel,2024-09-24,2024-09-28,2,1,D,BB,Australia,Online,Confirmed,3,4283.05
102817,City Hotel,2024-03-24,2024-03-29,2,0,A,HB,UAE,Online,Confirmed,4,8017.99
102818,City Hotel,2024-01-16,2024-03-24,3,0,D,HB,Germany,Online,Confirmed,8,9886.53
102819,City Hotel,2024-11-29,2025-04-01,2,0,B,BB,UK,Direct,Confirmed,1,6875.99
102820,City Hotel,2024-02-28,2024-08-19,2,0,B,SC,France,Online,Confirmed,4,10487.09
102821,Resort Hotel,2024-06-25,2024-09-13,2,0,A,BB,USA,Online,Confirmed,4,7839.98
102822,City Hotel,2024-03-03,2024-08-03,2,1,E,HB,Canada,Direct,Cancelled,8,8153.69
102823,City Hotel,2024-02-18,2024-02-29,4,0,A,FB,UK,Offline,Confirmed,7,8929.44
102824,City Hotel,2024-11-02,2025-04-08,2,0,A,BB,UAE,Groups,Confirmed,4,10536.8
102825,City Hotel,2024-09-02,2025-02-11,3,0,B,SC,Canada,Direct,Confirmed,8,2544.02
102826,Resort Hotel,2024-10-15,2025-03-06,2,0,D,FB,Germany,Online,Confirmed,3,6229.28
102827,Resort Hotel,2024-10-12,2025-02-09,2,0,A,SC,India,Offline,Checked-Out,10,11648.42
102828,City Hotel,2024-11-27,2025-04-28,2,1,C,BB,Australia,Corporate,Checked-Out,7,3437.38
102829,City Hotel,2024-01-15,2024-06-30,3,0,C,BB,France,Groups,Checked-Out,9,4717.76
102830,City Hotel,2024-12-03,2024-12-29,2,0,B,FB,UAE,Direct,Cancelled,6,7923.85
102831,City Hotel,2024-09-11,2025-03-01,2,0,B,SC,UAE,Online,Checked-Out,4,10649.86
102832,Resort Hotel,2024-04-01,2024-05-07,1,0,A,SC,Australia,Groups,Cancelled,4,3423.43
102833,City Hotel,2024-10-05,2025-03-21,2,1,A,FB,UAE,Direct,Confirmed,1,2538.29
102834,City Hotel,2024-07-24,2024-12-15,1,0,C,HB,UK,Online,Cancelled,6,9026.71
102835,City Hotel,2024-04-03,2024-08-03,2,0,A,BB,UK,Online,Confirmed,3,8174.37
102836,Resort Hotel,2024-08-12,2024-10-10,2,2,B,BB,India,Online,Cancelled,3,5075.07
102837,Resort Hotel,2024-10-27,2025-01-31,1,0,A,BB,USA,Corporate,Checked-Out,1,11597.34
102838,City Hotel,2024-11-13,2024-11-19,1,0,B,BB,Canada,Direct,Confirmed,7,7811.92
102839,Resort Hotel,2024-07-17,2024-10-23,1,0,B,BB,UAE,Online,Cancelled,9,8802.43
102840,City Hotel,2024-09-27,2024-11-22,4,0,D,BB,Canada,Offline,Confirmed,3,6098.43
102841,City Hotel,2024-08-21,2025-01-04,2,0,B,BB,UAE,Direct,Checked-Out,7,11255.09
102842,Resort Hotel,2024-02-15,2024-05-19,3,0,A,SC,Canada,Online,Confirmed,9,5122.73
102843,Resort Hotel,2024-03-04,2024-03-31,2,1,A,BB,India,Online,Checked-Out,3,9613.48
102844,Resort Hotel,2024-08-17,2025-01-19,3,0,B,BB,Canada,Offline,Cancelled,9,3608.33
102845,City Hotel,2024-09-05,2025-01-03,2,0,B,HB,UAE,Online,Confirmed,2,7608.97
102846,City Hotel,2024-09-02,2025-02-23,2,0,C,FB,UAE,Offline,Confirmed,3,7989.0
102847,Resort Hotel,2024-03-15,2024-08-31,3,0,B,BB,USA,Online,Confirmed,4,4289.36
102848,City Hotel,2024-06-05,2024-06-30,3,0,D,BB,UK,Online,Checked-Out,7,5575.88
102849,City Hotel,2024-08-10,2024-11-04,3,1,E,BB,India,Corporate,Confirmed,9,4197.62
102850,City Hotel,2024-07-08,2024-12-01,3,0,A,BB,Australia,Direct,Confirmed,1,10527.75
102851,Resort Hotel,2024-02-21,2024-03-04,2,0,C,BB,Canada,Online,Confirmed,9,8743.3
102852,City Hotel,2024-03-28,2024-06-23,2,0,A,HB,Australia,Groups,Confirmed,10,6741.12
102853,City Hotel,2024-11-08,2025-05-06,2,2,A,FB,Canada,Online,Confirmed,5,7781.81
102854,Resort Hotel,2024-12-04,2025-03-23,3,0,B,HB,UAE,Offline,Cancelled,4,5768.39
102855,City Hotel,2024-03-06,2024-08-20,2,0,C,BB,UK,Corporate,Checked-Out,6,6573.02
102856,City Hotel,2024-05-29,2024-08-26,3,0,A,BB,India,Online,Checked-Out,10,8384.03
102857,City Hotel,2024-01-20,2024-01-30,2,1,D,BB,UK,Direct,Checked-Out,5,4509.05
102858,City Hotel,2024-02-02,2024-04-16,2,1,A,BB,UAE,Groups,Cancelled,5,3773.91
102859,City Hotel,2024-11-23,2025-02-08,2,1,A,HB,UAE,Direct,Confirmed,5,11472.36
102860,City Hotel,2024-10-07,2024-11-30,2,2,A,SC,UAE,Direct,Confirmed,8,4750.12
102861,Resort Hotel,2024-02-15,2024-07-21,3,0,C,BB,Australia,Online,Confirmed,10,7204.63
102862,City Hotel,2024-03-13,2024-06-23,2,0,A,SC,UAE,Corporate,Confirmed,8,9734.46
102863,Resort Hotel,2024-12-19,2025-06-06,3,0,A,SC,UAE,Offline,Confirmed,10,7782.79
102864,City Hotel,2024-11-08,2025-03-25,3,0,A,BB,Australia,Corporate,Checked-Out,4,8531.31
102865,City Hotel,2024-12-08,2025-05-22,2,0,A,BB,UK,Corporate,Cancelled,9,4052.61
102866,City Hotel,2024-05-12,2024-10-01,3,1,A,BB,Canada,Online,Checked-Out,8,6251.82
102867,City Hotel,2024-02-24,2024-06-04,2,0,A,HB,UK,Offline,Confirmed,6,9057.25
102868,Resort Hotel,2024-03-01,2024-05-13,2,0,A,BB,Germany,Online,Confirmed,2,4492.97
102869,City Hotel,2024-12-10,2025-02-20,2,1,B,BB,India,Corporate,Checked-Out,9,7093.79
102870,City Hotel,2024-01-08,2024-06-23,2,0,A,SC,UAE,Online,Confirmed,6,8097.87
102871,Resort Hotel,2024-09-28,2025-03-15,2,0,C,BB,Germany,Direct,Confirmed,8,9998.66
102872,Resort Hotel,2024-09-02,2024-10-26,3,0,A,BB,UAE,Corporate,Checked-Out,6,4555.25
102873,Resort Hotel,2024-06-24,2024-06-27,2,0,A,HB,UK,Corporate,Confirmed,5,11791.87
102874,City Hotel,2024-04-25,2024-08-14,2,2,C,FB,France,Offline,Checked-Out,7,11690.55
102875,Resort Hotel,2024-11-12,2025-04-22,2,0,B,BB,UAE,Online,Confirmed,4,2616.79
102876,City Hotel,2024-09-27,2025-01-01,1,1,E,BB,Australia,Online,Checked-Out,10,5995.79
102877,City Hotel,2024-07-11,2024-09-20,3,0,A,HB,USA,Groups,Confirmed,3,3144.48
102878,City Hotel,2024-05-29,2024-06-17,3,0,D,HB,India,Online,Confirmed,7,5513.84
102879,City Hotel,2024-05-10,2024-06-13,2,0,C,SC,India,Direct,Confirmed,2,8267.1
102880,City Hotel,2024-04-11,2024-05-31,3,0,D,BB,Australia,Groups,Confirmed,10,8283.0
102881,City Hotel,2024-11-05,2025-04-29,2,0,E,HB,USA,Offline,Confirmed,3,3418.31
102882,Resort Hotel,2024-09-26,2024-11-11,2,0,A,BB,Germany,Online,Checked-Out,1,8932.62
102883,City Hotel,2024-10-18,2025-01-09,2,0,A,SC,USA,Direct,Checked-Out,1,10540.22
102884,City Hotel,2024-07-28,2024-09-17,2,0,C,BB,France,Direct,Confirmed,2,8496.06
102885,City Hotel,2024-12-26,2025-02-18,3,0,A,BB,UK,Online,Confirmed,1,5444.68
102886,Resort Hotel,2024-12-03,2025-03-03,2,0,D,BB,USA,Online,Confirmed,2,2523.7
102887,City Hotel,2024-03-07,2024-05-27,2,0,A,BB,UAE,Offline,Confirmed,1,8659.88
102888,City Hotel,2024-01-10,2024-05-07,2,0,D,BB,Canada,Online,Cancelled,3,8938.66
102889,Resort Hotel,2024-02-18,2024-07-23,2,1,A,BB,USA,Direct,Confirmed,9,9233.12
102890,Resort Hotel,2024-04-20,2024-05-09,2,1,A,BB,UK,Direct,Checked-Out,9,2872.98
102891,City Hotel,2024-11-16,2024-12-13,2,1,E,BB,Australia,Online,Confirmed,8,7406.25
102892,Resort Hotel,2024-08-06,2025-01-29,3,0,A,FB,India,Online,Cancelled,9,6427.6
102893,Resort Hotel,2024-02-26,2024-07-22,3,0,A,BB,Australia,Corporate,Checked-Out,4,9789.81
102894,Resort Hotel,2024-10-09,2025-04-06,2,0,A,HB,Canada,Online,Confirmed,8,9365.55
102895,City Hotel,2024-04-22,2024-04-29,3,1,D,HB,UAE,Corporate,Confirmed,5,11531.28
102896,Resort Hotel,2024-05-12,2024-10-16,1,0,C,BB,France,Online,Confirmed,4,11026.35
102897,City Hotel,2024-03-11,2024-08-29,2,0,D,BB,Australia,Online,Confirmed,4,7801.06
102898,City Hotel,2024-03-23,2024-05-31,2,1,B,FB,USA,Online,Cancelled,2,11814.5
102899,City Hotel,2024-02-26,2024-05-30,1,0,A,BB,USA,Online,Confirmed,10,3927.02
102900,City Hotel,2024-12-14,2025-04-06,3,0,A,BB,India,Online,Cancelled,9,2568.01
102901,City Hotel,2024-09-27,2025-01-12,2,0,A,BB,France,Corporate,Confirmed,9,3524.41
102902,Resort Hotel,2024-04-20,2024-08-18,3,0,B,BB,UK,Online,Confirmed,1,5873.56
102903,City Hotel,2024-12-22,2025-05-07,2,0,C,BB,UK,Online,Checked-Out,4,9674.96
102904,City Hotel,2024-03-16,2024-09-02,1,0,A,SC,Germany,Online,Confirmed,9,6139.13
102905,City Hotel,2024-06-06,2024-07-18,3,2,A,FB,France,Corporate,Confirmed,4,9915.72
102906,City Hotel,2024-01-20,2024-02-02,2,0,A,FB,France,Direct,Confirmed,2,9556.45
102907,Resort Hotel,2024-05-10,2024-10-11,2,0,A,BB,USA,Online,Cancelled,2,10046.32
102908,City Hotel,2024-11-24,2024-12-12,2,0,A,SC,Germany,Direct,Confirmed,10,4279.09
102909,City Hotel,2024-05-01,2024-06-12,1,0,A,HB,UK,Direct,Checked-Out,9,7402.32
102910,City Hotel,2024-02-10,2024-04-01,3,2,A,FB,UAE,Online,Confirmed,4,9270.57
102911,City Hotel,2024-06-15,2024-10-06,2,0,D,BB,UAE,Offline,Confirmed,1,5199.66
102912,City Hotel,2024-05-09,2024-09-30,1,1,A,BB,Canada,Online,Cancelled,1,10461.25
102913,Resort Hotel,2024-01-23,2024-05-03,3,0,D,FB,France,Online,Confirmed,1,9903.46
102914,Resort Hotel,2024-10-05,2024-10-08,2,0,A,BB,France,Corporate,Confirmed,8,3638.83
102915,City Hotel,2024-09-07,2024-11-25,2,1,B,SC,India,Online,Confirmed,1,4569.94
102916,Resort Hotel,2024-01-09,2024-04-16,2,0,A,BB,UK,Online,Checked-Out,5,4755.05
102917,Resort Hotel,2024-01-13,2024-07-04,2,0,B,SC,India,Offline,Confirmed,9,10845.53
102918,Resort Hotel,2024-11-02,2025-04-01,1,0,A,BB,UAE,Direct,Confirmed,4,4273.91
102919,City Hotel,2024-11-15,2024-12-08,2,1,A,BB,Germany,Online,Checked-Out,9,8409.91
102920,City Hotel,2024-02-21,2024-04-20,3,1,E,HB,France,Offline,Checked-Out,5,3116.66
102921,City Hotel,2024-07-27,2024-11-17,2,1,B,HB,Germany,Online,Cancelled,9,7748.8
102922,Resort Hotel,2024-02-07,2024-04-15,2,0,A,HB,Australia,Online,Checked-Out,2,3841.89
102923,Resort Hotel,2024-04-09,2024-06-02,2,0,A,BB,India,Online,Checked-Out,8,7967.21
102924,City Hotel,2024-07-11,2024-09-06,2,0,A,BB,UK,Corporate,Confirmed,7,5994.06
102925,City Hotel,2024-07-09,2024-12-07,3,0,C,BB,France,Online,Confirmed,7,8253.99
102926,Resort Hotel,2024-02-20,2024-06-10,2,0,B,BB,Australia,Corporate,Cancelled,3,6247.21
102927,Resort Hotel,2024-05-20,2024-07-19,1,0,A,HB,Australia,Online,Confirmed,10,10615.8
102928,Resort Hotel,2024-06-16,2024-08-28,2,0,A,BB,UK,Direct,Confirmed,2,9691.29
102929,Resort Hotel,2024-11-06,2024-12-31,2,1,B,BB,Germany,Online,Checked-Out,10,10524.67
102930,City Hotel,2024-04-18,2024-08-13,2,1,A,SC,Australia,Online,Cancelled,1,4609.5
102931,City Hotel,2024-07-25,2024-09-26,1,2,B,BB,USA,Offline,Checked-Out,1,3913.75
102932,Resort Hotel,2024-10-26,2024-12-20,2,0,C,HB,UK,Online,Cancelled,7,7794.68
102933,City Hotel,2024-04-19,2024-05-14,2,0,C,BB,Australia,Direct,Confirmed,9,10791.92
102934,City Hotel,2024-07-14,2024-08-09,2,0,A,BB,UK,Online,Checked-Out,1,3550.93
102935,Resort Hotel,2024-05-31,2024-11-24,2,0,D,HB,UK,Corporate,Checked-Out,10,4721.94
102936,City Hotel,2024-08-30,2024-11-01,1,0,A,BB,France,Online,Confirmed,4,9586.98
102937,Resort Hotel,2024-05-07,2024-10-27,3,2,B,BB,Germany,Corporate,Checked-Out,2,6920.93
102938,City Hotel,2024-04-14,2024-06-26,2,0,E,FB,UAE,Corporate,Confirmed,8,8232.9
102939,Resort Hotel,2024-01-10,2024-03-29,3,0,B,FB,Germany,Online,Cancelled,9,8121.67
102940,City Hotel,2024-12-21,2025-06-06,2,0,B,FB,France,Online,Confirmed,3,6417.37
102941,City Hotel,2024-05-27,2024-07-31,3,0,A,HB,UK,Corporate,Checked-Out,3,9204.17
102942,City Hotel,2024-12-30,2025-03-09,2,0,D,BB,UK,Online,Cancelled,7,10596.56
102943,City Hotel,2024-12-29,2025-01-07,2,0,A,BB,UAE,Offline,Confirmed,9,11123.69
102944,Resort Hotel,2024-05-19,2024-10-22,2,0,C,HB,USA,Online,Confirmed,7,2940.91
102945,Resort Hotel,2024-07-08,2024-12-28,2,0,A,BB,Australia,Online,Confirmed,7,7759.26
102946,City Hotel,2024-04-03,2024-04-29,2,0,A,BB,UK,Online,Cancelled,2,2883.53
102947,City Hotel,2024-08-16,2024-09-13,2,0,A,BB,Australia,Online,Confirmed,1,11058.84
102948,City Hotel,2024-03-03,2024-04-12,2,0,A,BB,India,Online,Checked-Out,2,6578.03
102949,City Hotel,2024-12-05,2025-04-27,1,0,D,BB,Australia,Online,Checked-Out,6,11054.99
102950,Resort Hotel,2024-01-25,2024-06-07,2,2,D,BB,UAE,Online,Cancelled,10,4282.99
102951,Resort Hotel,2024-09-24,2024-10-21,2,0,B,HB,UK,Online,Confirmed,8,4042.53
102952,Resort Hotel,2024-10-07,2024-11-14,1,0,A,BB,UAE,Online,Checked-Out,8,11129.08
102953,Resort Hotel,2024-01-11,2024-04-05,2,1,A,HB,USA,Online,Checked-Out,6,11414.57
102954,City Hotel,2024-11-15,2025-01-18,2,0,B,HB,India,Online,Confirmed,2,9784.5
102955,Resort Hotel,2024-07-19,2024-08-18,2,1,A,BB,USA,Online,Confirmed,9,4609.24
102956,Resort Hotel,2024-05-05,2024-08-12,2,1,C,BB,Australia,Corporate,Checked-Out,10,4133.86
102957,Resort Hotel,2024-11-01,2025-03-12,2,0,A,BB,USA,Direct,Confirmed,4,9606.12
102958,Resort Hotel,2024-07-08,2024-07-20,3,1,C,BB,Australia,Groups,Checked-Out,5,8530.36
102959,City Hotel,2024-03-29,2024-06-28,2,0,D,HB,Germany,Online,Checked-Out,1,10784.73
102960,Resort Hotel,2024-12-20,2025-01-19,3,0,B,BB,Australia,Online,Confirmed,9,5129.71
102961,City Hotel,2024-04-25,2024-06-02,2,1,D,BB,France,Online,Checked-Out,10,5305.89
102962,City Hotel,2024-12-17,2025-03-12,3,1,C,BB,USA,Online,Confirmed,1,9450.59
102963,City Hotel,2024-06-25,2024-08-24,3,0,C,HB,UK,Groups,Confirmed,7,5044.75
102964,Resort Hotel,2024-01-14,2024-02-21,2,0,A,BB,Germany,Online,Confirmed,9,6892.58
102965,Resort Hotel,2024-09-13,2024-12-26,2,0,A,HB,Canada,Direct,Confirmed,3,7441.35
102966,Resort Hotel,2024-07-27,2024-12-17,2,0,D,HB,India,Online,Confirmed,2,8857.25
102967,Resort Hotel,2024-10-07,2025-03-02,2,0,B,BB,Australia,Offline,Confirmed,10,5771.64
102968,City Hotel,2024-11-23,2025-05-22,4,2,C,BB,France,Corporate,Confirmed,8,10654.2
102969,Resort Hotel,2024-11-20,2024-12-19,4,0,B,BB,Germany,Online,Confirmed,4,6322.13
102970,City Hotel,2024-04-14,2024-08-04,3,0,A,BB,USA,Offline,Checked-Out,1,2893.05
102971,City Hotel,2024-05-26,2024-06-16,3,0,E,BB,Canada,Offline,Cancelled,8,3136.52
102972,City Hotel,2024-10-05,2025-02-27,3,0,A,BB,Canada,Online,Checked-Out,6,11729.95
102973,Resort Hotel,2024-01-09,2024-06-03,2,0,E,BB,Germany,Online,Confirmed,6,8409.41
102974,Resort Hotel,2024-04-27,2024-08-24,2,0,A,HB,UK,Online,Confirmed,4,7163.82
102975,City Hotel,2024-04-03,2024-09-15,2,1,A,SC,UK,Direct,Confirmed,6,10761.97
102976,City Hotel,2024-05-23,2024-07-22,2,0,A,HB,UK,Online,Confirmed,2,9310.4
102977,Resort Hotel,2024-10-15,2025-03-30,1,0,E,BB,France,Offline,Cancelled,6,4223.23
102978,City Hotel,2024-01-14,2024-06-02,2,0,D,SC,UAE,Online,Cancelled,2,2569.28
102979,Resort Hotel,2024-09-13,2025-01-04,2,0,D,BB,Canada,Offline,Confirmed,6,11830.24
102980,Resort Hotel,2024-12-11,2025-04-19,2,0,A,BB,Germany,Direct,Confirmed,9,8477.55
102981,City Hotel,2024-07-04,2024-08-31,3,1,A,BB,UAE,Corporate,Confirmed,7,7032.21
102982,City Hotel,2024-12-10,2024-12-13,2,0,C,BB,Germany,Online,Checked-Out,4,11474.23
102983,Resort Hotel,2024-07-25,2024-12-21,1,0,A,BB,Canada,Groups,Confirmed,1,6007.47
102984,Resort Hotel,2024-12-11,2025-01-03,3,1,C,HB,USA,Direct,Cancelled,9,9364.25
102985,City Hotel,2024-06-20,2024-11-04,2,2,C,BB,India,Direct,Confirmed,1,8866.09
102986,Resort Hotel,2024-09-26,2024-12-18,2,0,A,BB,UAE,Online,Checked-Out,5,8931.7
102987,City Hotel,2024-08-08,2024-10-02,2,0,C,BB,UK,Groups,Confirmed,7,8932.76
102988,City Hotel,2024-05-31,2024-09-18,2,0,D,FB,India,Online,Confirmed,10,2599.06
102989,Resort Hotel,2024-04-20,2024-08-14,3,0,E,SC,Canada,Offline,Cancelled,10,10330.87
102990,Resort Hotel,2024-07-01,2024-11-25,2,0,B,HB,Canada,Online,Confirmed,6,11268.06
102991,City Hotel,2024-12-04,2025-02-04,2,2,C,BB,India,Corporate,Checked-Out,3,6768.82
102992,Resort Hotel,2024-03-12,2024-06-07,2,0,B,HB,UK,Offline,Cancelled,8,7824.59
102993,City Hotel,2024-10-09,2025-03-25,3,0,A,BB,UAE,Online,Cancelled,7,5584.8
102994,City Hotel,2024-03-14,2024-06-22,2,0,A,SC,UAE,Direct,Checked-Out,9,9958.19
102995,City Hotel,2024-12-20,2025-01-16,3,2,A,FB,UK,Online,Confirmed,1,9497.71
102996,Resort Hotel,2024-08-02,2025-01-23,2,0,A,BB,UAE,Online,Checked-Out,8,9515.76
102997,City Hotel,2024-11-23,2024-12-27,3,0,A,HB,USA,Direct,Confirmed,4,9481.77
102998,City Hotel,2024-01-23,2024-02-25,3,1,D,BB,France,Online,Checked-Out,7,4576.17
102999,City Hotel,2024-03-08,2024-06-08,3,0,B,BB,UK,Online,Cancelled,7,3568.97
103000,Resort Hotel,2024-12-27,2025-04-02,2,0,A,HB,India,Online,Cancelled,4,5452.17
103001,Resort Hotel,2024-04-02,2024-09-27,3,0,A,BB,UAE,Online,Confirmed,8,7966.1
103002,Resort Hotel,2024-11-16,2025-04-13,2,2,B,SC,UAE,Direct,Confirmed,1,6295.47
103003,City Hotel,2024-11-19,2025-05-06,3,1,A,BB,Canada,Online,Cancelled,5,4867.84
103004,City Hotel,2024-03-03,2024-06-06,2,0,A,FB,USA,Corporate,Confirmed,4,2711.74
103005,City Hotel,2024-08-11,2025-01-17,1,0,D,HB,UAE,Online,Confirmed,4,3650.76
103006,Resort Hotel,2024-08-12,2024-09-19,2,0,C,FB,Germany,Online,Confirmed,3,3500.65
103007,Resort Hotel,2024-12-11,2025-06-02,2,0,B,BB,Canada,Online,Confirmed,1,11588.07
103008,City Hotel,2024-12-02,2025-01-12,2,1,B,BB,USA,Online,Confirmed,5,9898.84
103009,Resort Hotel,2024-04-12,2024-08-27,2,0,A,FB,UK,Online,Checked-Out,8,3666.14
103010,City Hotel,2024-08-02,2024-12-17,2,1,B,HB,Canada,Online,Confirmed,10,6938.5
103011,City Hotel,2024-07-10,2024-09-27,3,0,B,BB,Australia,Online,Confirmed,6,8717.62
103012,City Hotel,2024-06-08,2024-10-14,2,1,C,BB,UK,Online,Confirmed,1,11629.82
103013,City Hotel,2024-07-25,2024-08-16,2,2,A,SC,France,Online,Confirmed,5,5055.16
103014,City Hotel,2024-09-25,2024-10-11,3,0,D,HB,USA,Direct,Checked-Out,6,5008.44
103015,City Hotel,2024-07-12,2024-08-13,2,0,A,HB,UK,Corporate,Confirmed,9,7898.45
103016,City Hotel,2024-05-31,2024-10-20,2,0,B,FB,India,Online,Confirmed,9,10645.09
103017,Resort Hotel,2024-08-24,2024-10-01,2,1,B,BB,India,Online,Checked-Out,5,5156.4
103018,City Hotel,2024-03-28,2024-07-04,2,0,B,SC,USA,Direct,Confirmed,3,3695.34
103019,City Hotel,2024-01-11,2024-05-26,2,1,B,HB,Canada,Corporate,Confirmed,6,5028.24
103020,Resort Hotel,2024-07-05,2024-07-26,2,0,A,BB,France,Direct,Confirmed,8,6766.14
103021,City Hotel,2024-08-01,2024-09-26,4,0,A,BB,Australia,Online,Confirmed,5,5919.56
103022,City Hotel,2024-01-15,2024-03-01,2,0,A,BB,USA,Online,Checked-Out,8,10681.52
103023,Resort Hotel,2024-09-22,2024-11-04,1,2,A,HB,France,Groups,Checked-Out,1,11457.98
103024,City Hotel,2024-10-23,2025-02-20,3,0,A,HB,India,Online,Checked-Out,8,6095.27
103025,City Hotel,2024-03-13,2024-04-28,2,0,B,FB,UK,Online,Cancelled,2,10322.5
103026,City Hotel,2024-02-21,2024-04-09,2,2,A,SC,Germany,Online,Checked-Out,7,3151.81
103027,Resort Hotel,2024-05-07,2024-07-30,3,1,A,BB,UK,Direct,Checked-Out,2,7760.18
103028,City Hotel,2024-01-28,2024-02-28,2,1,B,HB,India,Online,Confirmed,3,10401.18
103029,Resort Hotel,2024-03-05,2024-08-13,3,0,E,HB,Australia,Online,Confirmed,5,6476.92
103030,City Hotel,2024-01-17,2024-07-07,2,0,C,BB,Canada,Corporate,Confirmed,10,3862.62
103031,City Hotel,2024-12-16,2025-02-25,3,0,E,BB,India,Online,Confirmed,7,5198.86
103032,City Hotel,2024-05-17,2024-05-25,2,1,B,BB,UK,Groups,Confirmed,9,7173.12
103033,Resort Hotel,2024-11-14,2025-03-24,2,0,A,BB,UK,Online,Cancelled,5,10513.22
103034,City Hotel,2024-08-16,2025-01-08,2,0,C,BB,Australia,Direct,Confirmed,1,9611.67
103035,City Hotel,2024-09-10,2024-11-01,4,1,A,HB,Australia,Online,Cancelled,3,3293.97
103036,City Hotel,2024-07-28,2024-09-11,3,0,A,HB,India,Online,Confirmed,5,7688.49
103037,City Hotel,2024-10-20,2024-11-26,2,0,A,HB,UK,Offline,Confirmed,3,10787.33
103038,Resort Hotel,2024-08-18,2025-02-04,4,0,A,HB,Canada,Online,Confirmed,8,7982.55
103039,City Hotel,2024-08-28,2024-10-11,2,0,C,BB,Germany,Offline,Confirmed,8,3116.91
103040,City Hotel,2024-03-10,2024-07-05,1,0,B,BB,UAE,Direct,Cancelled,1,10319.64
103041,City Hotel,2024-04-13,2024-05-21,1,1,A,BB,Germany,Direct,Checked-Out,8,11114.31
103042,Resort Hotel,2024-07-22,2024-10-29,3,1,E,BB,USA,Online,Confirmed,4,6197.3
103043,City Hotel,2024-02-22,2024-06-25,3,0,B,SC,Germany,Corporate,Cancelled,6,5446.3
103044,City Hotel,2024-11-25,2024-12-01,2,0,B,HB,India,Online,Checked-Out,10,7661.83
103045,Resort Hotel,2024-02-23,2024-05-01,3,0,E,BB,India,Groups,Confirmed,8,11848.84
103046,Resort Hotel,2024-10-02,2025-03-30,2,2,A,BB,USA,Corporate,Confirmed,2,10455.91
103047,City Hotel,2024-11-30,2025-03-11,2,0,C,HB,Canada,Direct,Confirmed,8,10205.03
103048,City Hotel,2024-01-31,2024-07-12,2,2,A,HB,France,Groups,Confirmed,7,4334.86
103049,City Hotel,2024-05-14,2024-09-25,3,1,C,HB,Canada,Online,Checked-Out,4,11004.07
103050,City Hotel,2024-02-27,2024-03-11,1,0,E,BB,USA,Groups,Cancelled,5,7781.48
103051,City Hotel,2024-04-14,2024-05-14,2,0,B,BB,France,Corporate,Confirmed,6,11210.35
103052,City Hotel,2024-09-22,2024-12-31,2,0,A,BB,France,Online,Cancelled,3,8691.25
103053,City Hotel,2024-01-10,2024-01-12,2,0,A,FB,UK,Direct,Checked-Out,2,10424.59
103054,City Hotel,2024-09-09,2024-11-06,2,0,A,BB,Australia,Corporate,Confirmed,2,4072.49
103055,Resort Hotel,2024-10-21,2024-11-26,2,0,C,BB,Germany,Direct,Confirmed,4,9211.95
103056,Resort Hotel,2024-06-04,2024-08-15,3,0,A,HB,Canada,Online,Confirmed,7,4943.9
103057,City Hotel,2024-06-06,2024-11-26,2,0,A,BB,France,Online,Checked-Out,1,4104.57
103058,City Hotel,2024-02-06,2024-06-22,2,0,C,HB,UAE,Online,Checked-Out,1,7952.83
103059,City Hotel,2024-04-28,2024-09-01,3,0,A,BB,UK,Groups,Checked-Out,4,8226.04
103060,Resort Hotel,2024-03-07,2024-05-23,2,0,D,BB,USA,Online,Confirmed,9,7160.87
103061,City Hotel,2024-08-29,2024-10-18,3,1,A,FB,UAE,Groups,Confirmed,5,3345.89
103062,City Hotel,2024-10-25,2024-11-26,2,0,A,BB,USA,Online,Checked-Out,1,4825.12
103063,City Hotel,2024-07-31,2024-11-06,1,0,A,BB,UAE,Online,Checked-Out,3,4736.78
103064,City Hotel,2024-11-03,2024-12-16,1,0,E,BB,Canada,Online,Confirmed,6,5480.17
103065,City Hotel,2024-04-10,2024-08-13,3,0,B,FB,Canada,Offline,Confirmed,3,8466.62
103066,City Hotel,2024-02-25,2024-05-30,4,0,A,HB,France,Online,Confirmed,6,6660.88
103067,City Hotel,2024-11-27,2025-02-13,2,0,B,SC,Canada,Online,Confirmed,6,11699.66
103068,Resort Hotel,2024-11-19,2025-01-12,2,2,C,FB,UK,Offline,Checked-Out,5,2650.52
103069,City Hotel,2024-08-26,2024-10-12,1,0,A,HB,India,Corporate,Confirmed,10,4551.08
103070,Resort Hotel,2024-08-18,2024-09-01,2,0,C,BB,Canada,Offline,Cancelled,5,7947.37
103071,Resort Hotel,2024-12-27,2025-06-21,2,1,A,FB,Australia,Offline,Confirmed,9,10853.73
103072,City Hotel,2024-04-01,2024-05-26,1,0,A,BB,Australia,Offline,Confirmed,3,2822.12
103073,City Hotel,2024-10-05,2025-03-11,2,0,B,FB,Germany,Corporate,Confirmed,10,10894.31
103074,City Hotel,2024-04-18,2024-10-10,2,1,A,HB,France,Direct,Confirmed,7,7319.1
103075,City Hotel,2024-11-12,2025-01-14,3,0,E,HB,India,Direct,Checked-Out,4,9962.09
103076,Resort Hotel,2024-06-16,2024-07-05,2,0,A,BB,UAE,Online,Cancelled,2,11512.19
103077,Resort Hotel,2024-10-26,2025-01-25,2,1,C,HB,Germany,Corporate,Cancelled,10,4546.34
103078,City Hotel,2024-08-05,2024-12-20,2,1,A,BB,UAE,Online,Confirmed,3,8085.14
103079,City Hotel,2024-08-09,2024-11-18,1,2,D,BB,India,Offline,Confirmed,3,10894.85
103080,Resort Hotel,2024-06-09,2024-07-16,3,1,A,SC,Australia,Direct,Confirmed,3,10521.9
103081,Resort Hotel,2024-01-16,2024-05-02,2,0,E,BB,UK,Groups,Confirmed,3,7449.16
103082,Resort Hotel,2024-10-04,2025-01-04,1,1,A,BB,Canada,Online,Cancelled,10,11520.18
103083,City Hotel,2024-02-26,2024-04-18,2,1,C,HB,France,Corporate,Confirmed,6,9230.22
103084,City Hotel,2024-03-02,2024-03-30,3,2,B,HB,India,Direct,Confirmed,6,7479.09
103085,Resort Hotel,2024-12-28,2025-02-02,2,1,A,FB,UAE,Groups,Confirmed,9,3050.07
103086,Resort Hotel,2024-11-22,2025-03-18,1,0,A,HB,India,Online,Confirmed,8,7129.41
103087,City Hotel,2024-08-29,2024-11-01,1,0,D,BB,India,Online,Checked-Out,10,6508.06
103088,City Hotel,2024-03-30,2024-04-17,2,0,A,BB,Australia,Direct,Confirmed,7,5399.9
103089,City Hotel,2024-03-12,2024-06-09,2,0,C,BB,France,Direct,Confirmed,2,11457.47
103090,City Hotel,2024-11-21,2025-05-03,2,0,A,BB,UK,Online,Cancelled,10,11294.15
103091,City Hotel,2024-01-30,2024-04-17,3,2,E,HB,UK,Groups,Confirmed,2,5704.2
103092,Resort Hotel,2024-12-24,2025-06-09,3,0,B,BB,India,Online,Cancelled,1,6639.75
103093,City Hotel,2024-10-14,2025-01-12,2,0,A,BB,UK,Direct,Checked-Out,7,9642.28
103094,Resort Hotel,2024-03-26,2024-04-03,2,0,A,HB,Germany,Online,Confirmed,7,10433.04
103095,City Hotel,2024-08-21,2024-09-05,2,0,A,BB,UK,Online,Confirmed,1,3545.75
103096,Resort Hotel,2024-08-22,2024-08-29,2,0,A,BB,India,Groups,Confirmed,6,7162.55
103097,Resort Hotel,2024-11-08,2024-11-25,2,0,A,HB,Germany,Direct,Cancelled,7,11187.79
103098,City Hotel,2024-12-30,2025-03-26,1,1,D,BB,UAE,Offline,Checked-Out,1,8813.59
103099,City Hotel,2024-09-21,2025-01-17,2,0,D,HB,France,Offline,Confirmed,6,7658.18
103100,City Hotel,2024-10-13,2024-12-16,2,0,A,HB,USA,Offline,Confirmed,10,9321.42
103101,City Hotel,2024-11-22,2024-12-04,2,0,B,SC,Australia,Online,Cancelled,9,8783.6
103102,Resort Hotel,2024-09-25,2024-11-20,2,0,A,BB,UK,Offline,Checked-Out,1,11451.36
103103,Resort Hotel,2024-07-04,2024-12-25,2,0,A,BB,Canada,Online,Checked-Out,2,11170.05
103104,City Hotel,2024-05-10,2024-11-01,3,0,A,HB,Germany,Online,Checked-Out,2,6278.87
103105,City Hotel,2024-10-17,2025-01-26,2,0,C,BB,USA,Online,Confirmed,10,2804.18
103106,City Hotel,2024-10-03,2024-10-19,3,0,E,BB,France,Online,Cancelled,3,5660.43
103107,Resort Hotel,2024-11-15,2024-11-17,2,0,A,BB,USA,Groups,Confirmed,4,4427.45
103108,City Hotel,2024-12-16,2025-04-23,3,2,A,HB,UAE,Direct,Confirmed,7,3749.75
103109,City Hotel,2024-06-28,2024-09-28,2,1,A,FB,France,Offline,Confirmed,3,10935.47
103110,City Hotel,2024-10-16,2025-01-29,3,0,E,SC,India,Online,Checked-Out,7,9244.35
103111,City Hotel,2024-06-11,2024-11-13,2,0,A,FB,India,Groups,Confirmed,5,2809.5
103112,City Hotel,2024-09-27,2024-10-28,2,0,B,BB,Australia,Online,Checked-Out,5,11237.66
103113,Resort Hotel,2024-04-05,2024-09-21,1,0,D,HB,Australia,Groups,Confirmed,7,11078.59
103114,City Hotel,2024-09-18,2025-03-01,2,0,A,BB,France,Offline,Cancelled,7,11519.2
103115,City Hotel,2024-12-30,2025-02-15,2,0,B,SC,USA,Online,Confirmed,7,10383.82
103116,Resort Hotel,2024-12-18,2025-01-30,2,0,A,SC,Australia,Direct,Checked-Out,9,3249.33
103117,Resort Hotel,2024-10-14,2024-12-18,2,2,D,SC,UAE,Corporate,Cancelled,1,8416.55
103118,City Hotel,2024-03-23,2024-05-12,1,2,A,FB,UK,Online,Confirmed,1,3289.34
103119,City Hotel,2024-08-12,2024-08-13,2,0,E,BB,USA,Online,Confirmed,3,9277.27
103120,City Hotel,2024-08-10,2025-01-01,2,0,E,HB,Australia,Offline,Cancelled,6,4371.59
103121,City Hotel,2024-04-27,2024-08-27,1,0,C,SC,USA,Online,Confirmed,2,11390.22
103122,City Hotel,2024-07-10,2024-08-07,3,0,B,HB,Canada,Online,Confirmed,9,11374.63
103123,City Hotel,2024-03-19,2024-06-13,4,0,C,FB,UK,Online,Cancelled,1,8148.73
103124,City Hotel,2024-03-18,2024-06-08,3,2,A,SC,USA,Direct,Cancelled,5,9650.42
103125,Resort Hotel,2024-05-26,2024-06-17,3,1,A,HB,USA,Online,Confirmed,7,10652.46
103126,City Hotel,2024-04-16,2024-05-27,1,0,A,BB,Germany,Corporate,Confirmed,10,6196.89
103127,Resort Hotel,2024-09-27,2024-12-12,4,1,B,BB,France,Corporate,Cancelled,3,8002.31
103128,City Hotel,2024-08-31,2025-01-25,2,0,D,BB,India,Online,Checked-Out,2,4172.22
103129,Resort Hotel,2024-03-13,2024-06-10,2,0,E,BB,Australia,Online,Checked-Out,3,11862.21
103130,Resort Hotel,2024-12-22,2025-06-18,3,0,C,BB,Canada,Direct,Confirmed,7,11329.34
103131,Resort Hotel,2024-12-19,2025-02-16,2,0,C,HB,Australia,Groups,Checked-Out,1,7092.5
103132,Resort Hotel,2024-01-26,2024-04-04,2,1,D,BB,Australia,Direct,Confirmed,8,7756.68
103133,Resort Hotel,2024-07-28,2025-01-06,1,1,E,SC,France,Groups,Confirmed,3,6648.63
103134,City Hotel,2024-04-01,2024-09-15,2,0,B,BB,USA,Online,Confirmed,5,2515.8
103135,City Hotel,2024-05-04,2024-09-04,2,1,A,FB,UK,Direct,Checked-Out,10,4684.98
103136,City Hotel,2024-03-13,2024-05-26,2,2,B,BB,UK,Online,Checked-Out,5,3465.66
103137,Resort Hotel,2024-05-02,2024-05-09,1,0,B,HB,India,Direct,Checked-Out,6,5567.54
103138,Resort Hotel,2024-11-04,2025-02-13,2,0,B,HB,India,Direct,Cancelled,7,4744.24
103139,City Hotel,2024-07-02,2024-10-21,2,1,E,HB,India,Offline,Confirmed,1,9735.59
103140,City Hotel,2024-07-05,2025-01-01,2,2,E,BB,UK,Groups,Confirmed,6,7295.57
103141,City Hotel,2024-07-16,2024-09-06,3,0,A,BB,USA,Groups,Confirmed,2,10261.45
103142,Resort Hotel,2024-03-18,2024-04-11,2,0,A,BB,India,Online,Confirmed,10,8539.13
103143,City Hotel,2024-12-13,2025-01-08,3,0,A,BB,India,Online,Cancelled,3,8734.15
103144,City Hotel,2024-07-04,2024-11-06,1,1,A,BB,Canada,Online,Confirmed,5,10824.33
103145,City Hotel,2024-12-09,2025-03-09,2,2,A,BB,UK,Online,Cancelled,1,10548.32
103146,City Hotel,2024-09-09,2025-01-09,2,0,D,HB,Australia,Online,Cancelled,7,3101.32
103147,Resort Hotel,2024-01-13,2024-01-23,2,0,A,FB,USA,Direct,Checked-Out,1,7994.31
103148,Resort Hotel,2024-10-25,2024-11-11,1,1,B,SC,India,Offline,Confirmed,8,6424.35
103149,Resort Hotel,2024-03-16,2024-03-18,2,0,A,BB,UAE,Direct,Cancelled,6,8196.56
103150,City Hotel,2024-02-20,2024-06-11,2,1,B,BB,USA,Offline,Confirmed,1,10695.08
103151,City Hotel,2024-10-01,2024-10-28,2,0,D,HB,Germany,Groups,Confirmed,7,2614.45
103152,City Hotel,2024-05-28,2024-08-07,2,0,C,BB,Australia,Online,Confirmed,10,2604.2
103153,Resort Hotel,2024-08-06,2025-01-29,4,0,A,BB,Australia,Offline,Confirmed,3,3094.27
103154,City Hotel,2024-05-01,2024-08-27,2,0,D,HB,UAE,Online,Confirmed,7,10811.41
103155,City Hotel,2024-07-29,2024-08-07,3,2,A,HB,India,Direct,Cancelled,8,5858.08
103156,City Hotel,2024-10-06,2024-12-31,3,2,C,FB,UAE,Online,Checked-Out,10,6026.69
103157,Resort Hotel,2024-01-26,2024-02-18,2,1,A,SC,India,Online,Checked-Out,3,5781.33
103158,City Hotel,2024-06-21,2024-09-02,3,0,C,SC,Canada,Online,Confirmed,5,4694.14
103159,Resort Hotel,2024-06-04,2024-07-01,4,0,A,FB,UK,Online,Checked-Out,10,2869.19
103160,City Hotel,2024-08-25,2024-11-26,2,0,B,FB,Australia,Offline,Checked-Out,2,11111.88
103161,City Hotel,2024-03-22,2024-06-11,2,1,B,BB,UAE,Offline,Cancelled,2,4712.3
103162,City Hotel,2024-12-21,2025-03-15,2,0,A,FB,Canada,Direct,Confirmed,1,10992.43
103163,City Hotel,2024-09-29,2024-11-11,2,2,E,BB,Germany,Direct,Confirmed,3,11579.26
103164,City Hotel,2024-03-08,2024-03-15,2,2,A,HB,Germany,Online,Checked-Out,4,7978.19
103165,City Hotel,2024-02-13,2024-05-15,3,0,D,BB,Germany,Direct,Confirmed,3,6036.6
103166,City Hotel,2024-03-01,2024-05-23,3,1,A,BB,France,Online,Confirmed,8,9775.07
103167,Resort Hotel,2024-05-02,2024-07-25,1,2,C,BB,UK,Online,Confirmed,1,2741.14
103168,City Hotel,2024-12-14,2025-01-27,1,1,C,BB,UK,Online,Confirmed,5,11324.24
103169,Resort Hotel,2024-07-14,2024-12-28,3,0,A,BB,UAE,Direct,Checked-Out,7,6375.2
103170,City Hotel,2024-11-25,2025-01-04,1,1,A,BB,India,Direct,Checked-Out,9,5431.72
103171,Resort Hotel,2024-11-18,2025-04-02,2,0,B,FB,UK,Online,Confirmed,1,3705.88
103172,City Hotel,2024-04-20,2024-05-15,2,0,D,FB,India,Online,Confirmed,9,11574.12
103173,City Hotel,2024-09-14,2024-11-12,1,0,E,HB,Canada,Corporate,Confirmed,9,10204.78
103174,City Hotel,2024-03-29,2024-08-17,1,0,A,FB,India,Corporate,Confirmed,4,9377.43
103175,City Hotel,2024-07-16,2024-10-27,2,1,A,HB,France,Direct,Confirmed,10,11344.16
103176,City Hotel,2024-10-08,2025-01-02,1,0,C,SC,Canada,Online,Checked-Out,5,11618.4
103177,Resort Hotel,2024-07-18,2024-11-07,2,0,B,HB,UK,Online,Confirmed,6,5050.25
103178,Resort Hotel,2024-04-08,2024-07-03,2,0,E,HB,UK,Online,Confirmed,4,9971.99
103179,Resort Hotel,2024-01-27,2024-05-04,2,2,A,FB,France,Corporate,Confirmed,6,9786.32
103180,Resort Hotel,2024-03-29,2024-05-30,3,1,A,BB,France,Direct,Confirmed,5,7794.5
103181,City Hotel,2024-05-25,2024-06-02,2,0,C,BB,Canada,Corporate,Confirmed,3,3929.04
103182,City Hotel,2024-06-30,2024-10-21,2,2,A,HB,Canada,Online,Confirmed,3,11433.28
103183,City Hotel,2024-09-13,2025-03-05,2,0,C,BB,UK,Corporate,Confirmed,9,5496.13
103184,City Hotel,2024-07-07,2024-11-30,2,0,A,BB,UK,Direct,Checked-Out,5,7999.35
103185,City Hotel,2024-08-27,2024-10-26,4,0,B,BB,Canada,Online,Confirmed,3,2684.11
103186,City Hotel,2024-12-24,2025-02-22,2,1,C,FB,India,Online,Cancelled,8,6576.88
103187,City Hotel,2024-07-14,2024-10-28,2,1,A,SC,USA,Offline,Checked-Out,8,8360.49
103188,City Hotel,2024-10-23,2024-10-25,3,0,A,BB,Australia,Direct,Cancelled,3,6119.12
103189,Resort Hotel,2024-06-13,2024-09-12,2,0,E,BB,India,Online,Confirmed,7,7032.51
103190,Resort Hotel,2024-11-02,2024-11-16,1,0,E,BB,Germany,Corporate,Confirmed,9,4324.24
103191,City Hotel,2024-09-27,2024-11-14,2,0,E,HB,Germany,Online,Checked-Out,3,5827.11
103192,Resort Hotel,2024-01-08,2024-04-20,3,0,E,BB,USA,Direct,Cancelled,8,9371.96
103193,Resort Hotel,2024-02-07,2024-04-03,2,0,A,BB,Australia,Groups,Confirmed,1,11712.26
103194,City Hotel,2024-04-23,2024-05-05,3,0,A,BB,France,Online,Confirmed,3,6953.47
103195,City Hotel,2024-12-04,2025-01-28,2,0,A,BB,Germany,Online,Confirmed,4,9017.44
103196,City Hotel,2024-02-25,2024-07-30,2,0,D,BB,France,Online,Confirmed,3,11773.79
103197,Resort Hotel,2024-12-24,2025-04-13,4,1,C,HB,France,Direct,Cancelled,9,9860.52
103198,Resort Hotel,2024-05-17,2024-05-21,2,0,B,BB,India,Online,Confirmed,10,2596.24
103199,City Hotel,2024-04-11,2024-05-17,3,2,E,HB,France,Direct,Confirmed,5,11387.64
103200,City Hotel,2024-11-29,2025-05-26,3,0,B,BB,USA,Online,Confirmed,3,10732.38
103201,City Hotel,2024-06-25,2024-11-03,3,0,A,BB,India,Online,Confirmed,3,5075.57
103202,City Hotel,2024-06-17,2024-06-18,1,0,A,BB,UAE,Corporate,Confirmed,2,4224.74
103203,City Hotel,2024-12-04,2024-12-21,2,0,A,HB,UAE,Corporate,Cancelled,10,11042.63
103204,Resort Hotel,2024-10-12,2024-12-13,3,0,A,HB,USA,Corporate,Checked-Out,6,9042.56
103205,Resort Hotel,2024-09-17,2024-11-04,2,1,A,FB,UAE,Online,Checked-Out,9,4751.41
103206,Resort Hotel,2024-08-10,2024-10-11,2,0,C,BB,France,Corporate,Confirmed,7,9281.88
103207,Resort Hotel,2024-07-17,2024-09-24,2,0,A,BB,Germany,Online,Confirmed,2,8202.14
103208,Resort Hotel,2024-07-29,2024-12-23,2,0,C,BB,Australia,Online,Confirmed,9,5437.54
103209,City Hotel,2024-10-13,2025-01-24,2,1,B,BB,France,Online,Checked-Out,3,7789.34
103210,City Hotel,2024-06-28,2024-10-16,2,0,E,BB,USA,Offline,Checked-Out,7,7509.04
103211,City Hotel,2024-09-06,2025-02-15,2,1,C,BB,UK,Direct,Confirmed,10,7342.86
103212,Resort Hotel,2024-08-18,2025-02-11,1,0,E,BB,UAE,Direct,Confirmed,7,7414.98
103213,City Hotel,2024-01-23,2024-07-16,2,0,A,HB,UK,Offline,Cancelled,4,2503.85
103214,Resort Hotel,2024-02-17,2024-05-18,3,0,A,HB,UAE,Offline,Confirmed,4,5052.02
103215,City Hotel,2024-04-18,2024-08-10,3,1,B,BB,Germany,Online,Checked-Out,2,6593.24
103216,City Hotel,2024-10-22,2025-04-18,1,1,A,BB,UAE,Online,Checked-Out,2,3708.91
103217,City Hotel,2024-01-06,2024-04-04,2,0,B,HB,Canada,Online,Checked-Out,2,9617.06
103218,City Hotel,2024-02-07,2024-07-10,2,0,A,BB,Australia,Online,Confirmed,5,10545.43
103219,Resort Hotel,2024-06-17,2024-08-12,2,0,B,HB,USA,Offline,Confirmed,3,10268.84
103220,Resort Hotel,2024-12-21,2025-03-09,3,0,E,SC,Germany,Groups,Confirmed,10,6866.55
103221,City Hotel,2024-10-09,2024-10-23,3,0,A,FB,India,Online,Checked-Out,7,9061.67
103222,City Hotel,2024-07-21,2024-08-15,3,1,E,BB,France,Online,Confirmed,7,3230.42
103223,City Hotel,2024-11-20,2025-04-01,2,1,A,HB,Canada,Online,Confirmed,6,4394.27
103224,City Hotel,2024-11-08,2024-12-10,2,0,A,HB,India,Online,Confirmed,8,2945.92
103225,City Hotel,2024-09-29,2024-12-20,2,2,B,BB,UK,Direct,Confirmed,4,11671.68
103226,Resort Hotel,2024-08-31,2024-11-17,1,1,D,HB,France,Direct,Checked-Out,9,7955.97
103227,City Hotel,2024-11-22,2025-03-08,1,0,C,BB,India,Online,Checked-Out,10,4164.78
103228,City Hotel,2024-02-16,2024-03-07,1,0,C,FB,UAE,Online,Checked-Out,10,9221.68
103229,City Hotel,2024-09-05,2024-11-18,2,1,A,BB,UK,Offline,Checked-Out,5,7146.72
103230,City Hotel,2024-03-19,2024-03-29,2,0,A,BB,Australia,Online,Confirmed,4,6625.45
103231,City Hotel,2024-04-19,2024-08-20,2,0,A,HB,India,Online,Cancelled,3,11177.81
103232,City Hotel,2024-01-13,2024-02-16,2,1,A,BB,UAE,Direct,Confirmed,9,9227.96
103233,City Hotel,2024-12-30,2025-06-03,4,0,E,BB,France,Online,Confirmed,4,9061.26
103234,City Hotel,2024-03-30,2024-05-09,2,1,E,BB,India,Corporate,Confirmed,9,3424.43
103235,City Hotel,2024-12-07,2025-04-13,2,0,A,BB,Canada,Online,Checked-Out,1,3374.27
103236,City Hotel,2024-12-13,2025-01-15,1,0,C,HB,UAE,Groups,Confirmed,5,8812.12
103237,City Hotel,2024-10-06,2024-12-16,3,0,B,BB,Canada,Online,Cancelled,1,3986.66
103238,Resort Hotel,2024-08-08,2024-12-23,2,0,A,BB,France,Online,Cancelled,9,6805.91
103239,City Hotel,2024-03-13,2024-08-04,3,0,A,BB,India,Direct,Confirmed,7,7913.15
103240,City Hotel,2024-08-21,2025-01-01,2,0,B,BB,Germany,Offline,Confirmed,10,6186.86
103241,City Hotel,2024-09-16,2024-12-23,3,1,C,HB,Australia,Corporate,Checked-Out,9,3308.97
103242,City Hotel,2024-04-22,2024-08-24,2,0,A,BB,India,Online,Confirmed,5,9561.83
103243,City Hotel,2024-02-15,2024-07-15,2,0,E,FB,India,Online,Checked-Out,10,10907.8
103244,Resort Hotel,2024-09-30,2024-11-12,2,0,B,BB,Canada,Direct,Confirmed,9,4035.99
103245,Resort Hotel,2024-02-12,2024-06-05,2,0,A,BB,Canada,Corporate,Checked-Out,4,10613.98
103246,City Hotel,2024-07-26,2024-10-23,3,0,A,HB,Germany,Direct,Checked-Out,3,9992.61
103247,City Hotel,2024-12-14,2025-06-11,2,0,C,BB,Canada,Online,Confirmed,2,7856.67
103248,City Hotel,2024-04-12,2024-04-25,2,1,B,BB,UK,Corporate,Confirmed,4,8162.95
103249,Resort Hotel,2024-05-03,2024-09-08,4,0,C,BB,France,Online,Confirmed,3,8689.9
103250,City Hotel,2024-01-10,2024-06-10,2,1,A,BB,USA,Groups,Confirmed,9,7485.23
103251,City Hotel,2024-11-24,2025-04-12,4,0,A,BB,UK,Groups,Cancelled,8,10521.26
103252,City Hotel,2024-07-05,2024-08-26,2,0,A,HB,France,Corporate,Confirmed,1,7003.94
103253,City Hotel,2024-01-31,2024-02-17,3,0,A,BB,India,Offline,Checked-Out,2,7697.0
103254,City Hotel,2024-06-04,2024-11-16,1,1,C,BB,UK,Online,Checked-Out,3,2849.27
103255,City Hotel,2024-02-29,2024-03-13,2,0,A,SC,India,Direct,Cancelled,6,4210.66
103256,City Hotel,2024-09-05,2024-11-28,2,0,A,FB,UK,Online,Confirmed,5,11085.89
103257,Resort Hotel,2024-09-26,2025-01-01,2,0,A,BB,UK,Offline,Confirmed,5,3654.93
103258,City Hotel,2024-08-04,2024-11-18,2,1,B,BB,USA,Online,Checked-Out,6,11088.47
103259,City Hotel,2024-01-02,2024-04-07,2,1,C,BB,Germany,Direct,Checked-Out,8,8541.28
103260,Resort Hotel,2024-01-24,2024-02-01,4,0,D,BB,UK,Offline,Confirmed,1,11241.18
103261,City Hotel,2024-07-24,2024-09-18,4,0,D,BB,Canada,Corporate,Confirmed,5,10235.91
103262,City Hotel,2024-11-15,2025-02-27,4,1,B,BB,India,Online,Confirmed,6,10720.19
103263,City Hotel,2024-07-17,2024-10-08,4,1,A,BB,USA,Online,Checked-Out,10,7481.64
103264,City Hotel,2024-12-21,2025-02-03,3,0,C,BB,UK,Online,Cancelled,6,10340.33
103265,Resort Hotel,2024-04-23,2024-08-04,4,2,A,BB,Canada,Online,Confirmed,9,6875.01
103266,City Hotel,2024-10-06,2025-01-26,3,0,C,BB,Germany,Online,Cancelled,10,2919.64
103267,City Hotel,2024-06-03,2024-11-19,2,0,C,BB,India,Online,Confirmed,7,8687.9
103268,City Hotel,2024-06-13,2024-11-09,3,0,C,BB,USA,Online,Cancelled,4,9420.31
103269,City Hotel,2024-08-09,2024-09-20,3,0,A,HB,France,Online,Checked-Out,7,3464.71
103270,Resort Hotel,2024-03-31,2024-09-04,3,0,E,SC,Australia,Online,Checked-Out,7,10251.12
103271,City Hotel,2024-06-15,2024-11-07,2,0,C,SC,Germany,Corporate,Cancelled,6,3214.15
103272,City Hotel,2024-07-25,2024-08-24,1,0,C,BB,UAE,Direct,Confirmed,8,6695.33
103273,Resort Hotel,2024-10-08,2024-11-03,3,0,A,FB,Canada,Online,Checked-Out,8,7135.28
103274,City Hotel,2024-03-05,2024-07-08,4,0,A,BB,France,Online,Checked-Out,10,2849.19
103275,Resort Hotel,2024-01-04,2024-01-23,2,0,A,BB,France,Offline,Cancelled,6,3125.14
103276,Resort Hotel,2024-06-05,2024-07-28,2,1,A,HB,USA,Offline,Confirmed,2,6781.12
103277,Resort Hotel,2024-09-05,2024-11-29,2,0,B,HB,USA,Direct,Confirmed,5,5456.95
103278,City Hotel,2024-09-13,2024-09-30,2,0,D,BB,USA,Groups,Confirmed,1,10251.12
103279,City Hotel,2024-08-22,2025-02-12,2,0,A,BB,Canada,Online,Confirmed,10,6431.62
103280,Resort Hotel,2024-11-01,2025-02-13,2,1,B,BB,UAE,Online,Confirmed,10,3502.51
103281,City Hotel,2024-12-31,2025-04-15,4,0,A,HB,Canada,Online,Confirmed,10,3999.85
103282,City Hotel,2024-03-14,2024-06-26,2,0,A,SC,France,Online,Checked-Out,9,8897.99
103283,Resort Hotel,2024-07-05,2024-12-25,2,1,E,BB,Australia,Direct,Cancelled,4,11525.62
103284,Resort Hotel,2024-03-02,2024-08-26,3,0,C,SC,India,Online,Confirmed,1,10761.17
103285,City Hotel,2024-12-02,2025-04-28,2,0,B,BB,USA,Direct,Confirmed,3,3730.2
103286,City Hotel,2024-06-12,2024-10-14,1,0,A,SC,Germany,Direct,Checked-Out,10,2655.5
103287,City Hotel,2024-02-25,2024-05-16,2,0,A,FB,USA,Online,Confirmed,2,2751.17
103288,Resort Hotel,2024-04-20,2024-05-27,2,0,A,BB,Australia,Online,Checked-Out,9,7771.06
103289,Resort Hotel,2024-08-05,2024-12-04,3,2,A,BB,USA,Online,Cancelled,7,7116.03
103290,City Hotel,2024-08-27,2024-11-05,3,0,A,BB,Australia,Corporate,Confirmed,10,2627.27
103291,City Hotel,2024-01-21,2024-06-23,2,1,C,SC,USA,Offline,Checked-Out,10,3042.67
103292,Resort Hotel,2024-05-20,2024-09-27,2,0,A,BB,UAE,Direct,Confirmed,6,11997.67
103293,City Hotel,2024-09-21,2024-11-19,1,0,A,HB,France,Online,Confirmed,4,11666.94
103294,City Hotel,2024-05-18,2024-09-13,3,0,C,BB,Australia,Online,Checked-Out,4,3703.88
103295,Resort Hotel,2024-03-10,2024-07-21,3,0,E,SC,India,Groups,Checked-Out,7,4058.95
103296,City Hotel,2024-04-27,2024-06-03,2,0,E,BB,USA,Online,Checked-Out,8,11051.55
103297,City Hotel,2024-07-16,2024-08-16,2,1,D,BB,France,Online,Checked-Out,4,7320.67
103298,City Hotel,2024-07-23,2024-10-30,4,0,A,BB,UAE,Direct,Cancelled,7,11600.77
103299,City Hotel,2024-08-01,2024-11-03,3,0,A,BB,Germany,Online,Cancelled,3,7443.23
103300,Resort Hotel,2024-02-25,2024-08-19,2,0,D,BB,India,Groups,Checked-Out,9,7983.63
103301,City Hotel,2024-10-13,2024-10-19,3,0,D,HB,France,Direct,Cancelled,3,4591.29
103302,Resort Hotel,2024-10-19,2024-11-03,2,1,B,BB,UAE,Groups,Confirmed,3,10822.72
103303,City Hotel,2024-06-23,2024-11-13,2,0,A,BB,Australia,Corporate,Cancelled,10,10337.52
103304,City Hotel,2024-12-12,2024-12-28,2,0,A,BB,UK,Corporate,Confirmed,2,5705.52
103305,City Hotel,2024-05-07,2024-05-27,2,0,D,BB,Germany,Offline,Confirmed,3,8317.54
103306,City Hotel,2024-11-20,2025-02-05,2,0,A,BB,Germany,Direct,Confirmed,8,5743.7
103307,City Hotel,2024-10-18,2024-12-01,2,0,C,HB,UK,Online,Confirmed,2,6907.7
103308,City Hotel,2024-10-14,2025-04-02,2,0,E,BB,France,Online,Confirmed,1,10608.74
103309,City Hotel,2024-08-13,2024-09-28,2,1,C,BB,France,Online,Confirmed,5,6446.51
103310,City Hotel,2024-03-04,2024-06-07,2,1,A,HB,Canada,Online,Cancelled,8,10485.37
103311,Resort Hotel,2024-02-17,2024-07-28,1,1,A,BB,Australia,Online,Confirmed,6,11621.19
103312,Resort Hotel,2024-07-20,2024-09-22,3,1,A,HB,Germany,Online,Confirmed,2,6455.27
103313,Resort Hotel,2024-12-02,2025-05-08,2,0,C,BB,Canada,Online,Checked-Out,9,10836.55
103314,City Hotel,2024-02-29,2024-07-09,2,0,B,BB,France,Online,Checked-Out,4,5387.84
103315,City Hotel,2024-09-13,2024-09-22,4,1,A,HB,UK,Offline,Confirmed,3,2527.21
103316,Resort Hotel,2024-03-05,2024-08-05,2,1,A,BB,Canada,Corporate,Checked-Out,4,3302.67
103317,City Hotel,2024-08-26,2024-10-07,2,0,A,BB,France,Corporate,Cancelled,3,9502.46
103318,City Hotel,2024-10-15,2025-04-07,2,0,E,HB,Germany,Online,Confirmed,8,3451.73
103319,Resort Hotel,2024-02-07,2024-04-20,3,0,D,BB,France,Online,Checked-Out,1,11422.02
103320,Resort Hotel,2024-01-25,2024-04-18,3,0,A,BB,India,Online,Checked-Out,1,10732.51
103321,City Hotel,2024-02-28,2024-04-27,2,0,E,SC,UK,Online,Cancelled,9,7391.08
103322,City Hotel,2024-12-22,2025-01-12,2,1,C,HB,UAE,Online,Confirmed,7,8024.35
103323,Resort Hotel,2024-10-23,2025-03-22,1,0,C,BB,UK,Offline,Confirmed,9,9096.31
103324,City Hotel,2024-06-06,2024-11-10,4,0,C,HB,UAE,Corporate,Confirmed,3,9449.31
103325,Resort Hotel,2024-02-26,2024-04-29,2,0,C,BB,USA,Online,Confirmed,3,7166.46
103326,Resort Hotel,2024-02-17,2024-04-30,3,0,A,BB,France,Groups,Confirmed,2,5477.3
103327,Resort Hotel,2024-11-23,2025-01-23,2,0,B,FB,Australia,Corporate,Confirmed,2,11147.28
103328,City Hotel,2024-02-25,2024-04-29,2,2,D,BB,UAE,Corporate,Confirmed,9,2942.4
103329,City Hotel,2024-03-05,2024-05-13,4,1,A,BB,UK,Online,Confirmed,2,5882.8
103330,Resort Hotel,2024-09-24,2025-03-11,3,1,A,BB,France,Offline,Confirmed,4,8831.8
103331,City Hotel,2024-03-09,2024-07-16,2,0,A,SC,India,Online,Confirmed,4,10965.18
103332,Resort Hotel,2024-08-03,2024-11-17,2,0,A,BB,Canada,Online,Confirmed,9,3205.13
103333,City Hotel,2024-03-29,2024-06-02,2,2,A,BB,Germany,Direct,Checked-Out,3,8760.07
103334,City Hotel,2024-10-07,2025-02-06,2,0,B,BB,Germany,Online,Cancelled,10,7127.23
103335,Resort Hotel,2024-09-13,2024-11-14,2,1,A,BB,USA,Offline,Confirmed,2,9021.64
103336,Resort Hotel,2024-06-08,2024-09-19,2,1,A,BB,USA,Offline,Confirmed,3,5513.42
103337,Resort Hotel,2024-08-21,2024-10-20,2,0,E,SC,UAE,Online,Confirmed,9,9251.66
103338,Resort Hotel,2024-05-10,2024-06-25,2,0,C,BB,UAE,Online,Cancelled,5,4212.49
103339,City Hotel,2024-02-18,2024-02-23,2,0,A,BB,Australia,Direct,Confirmed,5,9866.3
103340,Resort Hotel,2024-05-26,2024-09-16,2,0,A,BB,UAE,Online,Confirmed,7,9618.82
103341,Resort Hotel,2024-11-11,2025-04-10,2,0,C,HB,UK,Online,Confirmed,1,11494.47
103342,City Hotel,2024-01-02,2024-03-12,3,1,C,BB,Australia,Direct,Confirmed,10,4145.63
103343,City Hotel,2024-11-24,2025-05-03,1,1,A,FB,UK,Online,Confirmed,5,9358.99
103344,City Hotel,2024-05-24,2024-06-04,2,0,E,SC,UK,Corporate,Checked-Out,9,5565.18
103345,City Hotel,2024-12-31,2025-05-18,2,0,C,BB,India,Online,Confirmed,6,5177.64
103346,Resort Hotel,2024-03-01,2024-08-15,2,0,D,SC,USA,Offline,Checked-Out,8,6315.16
103347,City Hotel,2024-09-29,2025-01-05,2,0,A,BB,USA,Online,Cancelled,10,5209.41
103348,City Hotel,2024-02-18,2024-03-20,2,0,A,BB,Germany,Direct,Confirmed,8,4857.84
103349,City Hotel,2024-11-27,2024-12-09,2,0,A,HB,USA,Corporate,Confirmed,1,9799.66
103350,City Hotel,2024-05-10,2024-08-26,3,0,A,HB,USA,Online,Confirmed,8,9145.28
103351,City Hotel,2024-02-12,2024-05-02,4,0,A,HB,India,Corporate,Cancelled,6,3538.91
103352,City Hotel,2024-02-26,2024-08-10,1,0,A,BB,Australia,Corporate,Confirmed,4,7821.72
103353,Resort Hotel,2024-02-19,2024-04-26,2,0,C,SC,UK,Direct,Confirmed,3,5644.53
103354,City Hotel,2024-06-26,2024-08-17,2,0,A,HB,Australia,Online,Confirmed,5,11724.83
103355,City Hotel,2024-10-19,2025-03-01,2,0,A,BB,Canada,Corporate,Confirmed,5,6537.91
103356,City Hotel,2024-02-15,2024-07-03,2,0,E,SC,Canada,Direct,Confirmed,7,2885.45
103357,Resort Hotel,2024-06-18,2024-07-13,2,1,A,SC,UAE,Direct,Checked-Out,9,5651.3
103358,City Hotel,2024-09-27,2024-11-01,2,1,B,BB,India,Offline,Checked-Out,1,5470.72
103359,Resort Hotel,2024-12-01,2025-05-13,3,0,B,HB,France,Online,Checked-Out,9,2553.53
103360,Resort Hotel,2024-05-18,2024-06-09,2,0,E,FB,Germany,Online,Confirmed,3,7133.93
103361,Resort Hotel,2024-09-03,2025-02-15,2,0,D,FB,Germany,Online,Confirmed,6,11105.06
103362,City Hotel,2024-05-27,2024-08-31,3,0,A,BB,Germany,Online,Confirmed,6,10121.98
103363,Resort Hotel,2024-08-17,2024-12-12,1,1,E,HB,Australia,Online,Checked-Out,4,9004.21
103364,City Hotel,2024-10-06,2024-10-26,2,0,A,SC,UK,Online,Checked-Out,2,5763.58
103365,Resort Hotel,2024-05-04,2024-08-18,2,0,C,BB,UK,Direct,Confirmed,5,4703.66
103366,City Hotel,2024-07-10,2024-07-14,2,0,A,HB,UK,Online,Cancelled,3,5754.86
103367,City Hotel,2024-03-20,2024-04-07,2,1,B,BB,Germany,Offline,Checked-Out,4,3669.06
103368,City Hotel,2024-04-03,2024-05-24,1,2,B,BB,UAE,Online,Cancelled,6,3445.14
103369,City Hotel,2024-08-13,2024-09-02,2,0,B,BB,Germany,Offline,Checked-Out,7,7958.06
103370,Resort Hotel,2024-03-05,2024-07-05,1,1,C,HB,Australia,Online,Confirmed,2,10232.94
103371,City Hotel,2024-03-28,2024-08-12,4,0,A,BB,Australia,Corporate,Confirmed,3,3444.21
103372,City Hotel,2024-03-28,2024-06-16,1,0,A,BB,Canada,Online,Cancelled,7,5684.28
103373,City Hotel,2024-07-19,2024-12-20,2,0,C,BB,Germany,Direct,Cancelled,5,3666.16
103374,Resort Hotel,2024-08-01,2024-11-11,4,0,A,BB,France,Groups,Checked-Out,4,5449.57
103375,Resort Hotel,2024-07-22,2024-08-16,2,0,A,BB,France,Direct,Checked-Out,4,10387.5
103376,Resort Hotel,2024-03-29,2024-09-14,2,2,C,HB,Canada,Offline,Confirmed,9,2831.04
103377,Resort Hotel,2024-03-01,2024-04-29,1,1,E,HB,Australia,Online,Confirmed,9,8648.53
103378,City Hotel,2024-09-27,2024-11-11,2,0,A,BB,Germany,Offline,Cancelled,10,3068.45
103379,City Hotel,2024-04-03,2024-05-14,1,0,B,BB,UK,Online,Confirmed,7,6552.19
103380,Resort Hotel,2024-11-02,2024-12-10,2,0,A,HB,UK,Direct,Confirmed,1,7003.5
103381,City Hotel,2024-01-27,2024-05-23,4,0,A,BB,France,Online,Cancelled,1,6314.35
103382,City Hotel,2024-08-01,2024-08-20,2,1,A,FB,France,Direct,Confirmed,3,8555.16
103383,City Hotel,2024-03-14,2024-03-28,2,0,B,BB,Germany,Direct,Checked-Out,3,11749.8
103384,City Hotel,2024-03-01,2024-07-06,2,0,C,BB,Germany,Direct,Confirmed,7,5039.35
103385,City Hotel,2024-07-04,2024-11-30,2,0,A,BB,UK,Offline,Confirmed,2,8292.81
103386,Resort Hotel,2024-01-31,2024-06-22,2,0,C,BB,Australia,Online,Confirmed,8,5872.3
103387,City Hotel,2024-08-06,2024-08-09,2,0,A,BB,USA,Groups,Cancelled,1,11995.26
103388,City Hotel,2024-01-12,2024-02-18,2,2,A,BB,Australia,Offline,Cancelled,8,11534.47
103389,City Hotel,2024-10-28,2025-02-22,2,1,B,BB,Canada,Online,Confirmed,9,3387.33
103390,Resort Hotel,2024-02-01,2024-07-24,4,0,A,BB,UK,Online,Confirmed,5,11749.16
103391,City Hotel,2024-06-08,2024-06-24,3,1,A,BB,Australia,Online,Confirmed,4,9513.58
103392,Resort Hotel,2024-08-24,2025-01-13,2,2,C,FB,UK,Online,Cancelled,6,11927.27
103393,Resort Hotel,2024-08-14,2024-08-23,3,0,C,HB,Germany,Offline,Confirmed,6,9824.03
103394,City Hotel,2024-06-29,2024-07-06,2,0,D,HB,UAE,Online,Confirmed,8,3724.87
103395,Resort Hotel,2024-11-12,2025-04-03,3,0,A,HB,UAE,Online,Confirmed,8,9629.45
103396,Resort Hotel,2024-02-15,2024-06-28,1,0,A,BB,USA,Online,Checked-Out,1,9402.96
103397,Resort Hotel,2024-12-06,2024-12-21,2,0,D,HB,USA,Online,Confirmed,9,4083.99
103398,Resort Hotel,2024-03-20,2024-09-16,3,0,A,BB,UAE,Online,Confirmed,10,9655.14
103399,City Hotel,2024-05-14,2024-07-25,2,0,C,BB,Canada,Online,Confirmed,1,8910.34
103400,City Hotel,2024-09-16,2025-02-25,3,0,D,BB,Germany,Groups,Confirmed,3,11947.22
103401,City Hotel,2024-11-03,2025-02-15,2,0,C,FB,India,Online,Cancelled,7,8378.03
103402,City Hotel,2024-09-03,2025-01-10,2,0,A,HB,Germany,Online,Confirmed,5,6438.79
103403,Resort Hotel,2024-06-07,2024-09-11,2,0,E,BB,France,Groups,Confirmed,6,11562.19
103404,City Hotel,2024-07-21,2024-11-20,3,0,C,BB,Australia,Direct,Checked-Out,8,8464.49
103405,Resort Hotel,2024-04-21,2024-08-14,2,0,B,BB,USA,Online,Checked-Out,4,5812.01
103406,Resort Hotel,2024-10-18,2025-03-15,2,0,C,BB,Canada,Online,Confirmed,4,2699.93
103407,Resort Hotel,2024-11-05,2025-01-24,3,2,A,SC,Germany,Online,Confirmed,8,9688.08
103408,Resort Hotel,2024-04-28,2024-05-05,3,0,A,BB,UK,Direct,Cancelled,3,3635.5
103409,City Hotel,2024-01-17,2024-05-31,3,0,D,BB,UK,Online,Cancelled,6,11274.86
103410,City Hotel,2024-11-26,2025-01-15,2,0,A,BB,Australia,Direct,Checked-Out,4,11633.22
103411,City Hotel,2024-08-14,2024-12-22,3,0,A,BB,UK,Direct,Checked-Out,6,4746.0
103412,City Hotel,2024-12-26,2025-02-11,3,0,A,BB,Canada,Online,Cancelled,4,3571.65
103413,City Hotel,2024-04-26,2024-05-10,3,0,A,FB,UAE,Direct,Confirmed,2,8155.54
103414,City Hotel,2024-02-12,2024-03-14,1,1,B,FB,Germany,Groups,Confirmed,10,4530.45
103415,Resort Hotel,2024-04-24,2024-06-13,2,0,E,SC,India,Offline,Checked-Out,3,7647.48
103416,City Hotel,2024-10-09,2024-11-19,2,0,A,HB,Canada,Corporate,Cancelled,8,6434.94
103417,City Hotel,2024-02-06,2024-02-20,2,1,C,HB,France,Direct,Cancelled,1,10024.24
103418,Resort Hotel,2024-10-28,2025-03-10,2,0,C,SC,UK,Online,Cancelled,10,11998.68
103419,City Hotel,2024-04-22,2024-04-27,1,0,B,SC,Germany,Online,Confirmed,6,6839.64
103420,City Hotel,2024-02-04,2024-07-10,2,0,A,FB,India,Corporate,Cancelled,9,9007.67
103421,Resort Hotel,2024-05-11,2024-05-16,2,1,B,FB,USA,Direct,Confirmed,1,5747.15
103422,City Hotel,2024-12-01,2025-03-24,2,1,E,HB,UAE,Corporate,Confirmed,4,10693.76
103423,Resort Hotel,2024-12-01,2025-03-29,2,0,A,BB,Canada,Groups,Confirmed,7,2851.05
103424,City Hotel,2024-08-15,2024-11-19,3,0,B,BB,UAE,Direct,Cancelled,6,7188.46
103425,Resort Hotel,2024-05-26,2024-07-01,2,1,E,HB,Canada,Direct,Confirmed,6,4179.37
103426,City Hotel,2024-05-01,2024-07-19,2,0,C,BB,Canada,Online,Cancelled,9,4180.01
103427,City Hotel,2024-03-21,2024-04-09,1,1,C,FB,UAE,Online,Checked-Out,8,7563.46
103428,City Hotel,2024-06-21,2024-07-13,2,0,E,FB,Canada,Online,Cancelled,5,5424.09
103429,Resort Hotel,2024-06-02,2024-11-11,3,2,A,HB,USA,Direct,Confirmed,2,6860.55
103430,City Hotel,2024-05-29,2024-07-24,2,1,C,BB,Australia,Online,Confirmed,3,5403.77
103431,City Hotel,2024-02-27,2024-03-15,2,0,A,BB,UAE,Online,Confirmed,10,6823.16
103432,Resort Hotel,2024-03-03,2024-03-20,2,0,A,BB,France,Offline,Checked-Out,3,5216.24
103433,Resort Hotel,2024-06-04,2024-10-28,3,0,B,BB,Germany,Groups,Cancelled,4,10133.74
103434,City Hotel,2024-12-21,2025-06-12,2,0,A,HB,Germany,Offline,Confirmed,2,7799.37
103435,Resort Hotel,2024-11-17,2025-02-03,2,0,A,BB,UK,Online,Confirmed,8,4033.62
103436,City Hotel,2024-06-16,2024-08-11,2,0,A,BB,India,Online,Checked-Out,8,2580.35
103437,City Hotel,2024-06-14,2024-09-02,1,0,A,BB,France,Online,Confirmed,8,2666.2
103438,City Hotel,2024-03-25,2024-05-14,1,0,A,HB,India,Online,Confirmed,10,6506.06
103439,Resort Hotel,2024-05-16,2024-07-13,2,1,D,BB,Canada,Direct,Confirmed,5,5484.13
103440,Resort Hotel,2024-07-07,2024-07-25,1,0,A,FB,Canada,Online,Confirmed,10,4990.06
103441,City Hotel,2024-01-02,2024-05-16,1,1,B,BB,Canada,Online,Confirmed,6,8417.79
103442,City Hotel,2024-04-15,2024-06-30,2,0,C,BB,France,Online,Cancelled,6,10225.38
103443,City Hotel,2024-12-29,2025-01-08,1,0,A,HB,Germany,Direct,Confirmed,7,3102.11
103444,Resort Hotel,2024-03-12,2024-05-20,2,0,E,SC,Germany,Corporate,Confirmed,1,3544.75
103445,Resort Hotel,2024-05-05,2024-07-29,1,0,D,BB,France,Groups,Confirmed,10,6003.09
103446,City Hotel,2024-06-18,2024-10-27,2,0,A,HB,India,Groups,Cancelled,3,6694.12
103447,Resort Hotel,2024-07-23,2024-10-14,3,0,E,FB,Australia,Online,Confirmed,3,6254.69
103448,Resort Hotel,2024-11-08,2025-02-25,2,2,C,HB,USA,Offline,Confirmed,7,8567.05
103449,City Hotel,2024-12-02,2025-01-15,2,0,A,BB,USA,Direct,Confirmed,6,3328.55
103450,City Hotel,2024-07-13,2024-12-02,1,1,C,HB,Canada,Corporate,Checked-Out,9,7199.92
103451,City Hotel,2024-06-06,2024-10-16,2,0,C,SC,UK,Offline,Checked-Out,9,10211.57
103452,Resort Hotel,2024-05-20,2024-06-07,2,0,B,HB,UK,Online,Checked-Out,9,11320.36
103453,Resort Hotel,2024-10-01,2025-01-02,1,0,C,FB,Australia,Groups,Cancelled,4,7823.57
103454,City Hotel,2024-01-07,2024-07-05,2,1,A,BB,India,Direct,Cancelled,3,3815.03
103455,Resort Hotel,2024-02-23,2024-04-01,3,0,E,BB,Australia,Online,Cancelled,4,9410.99
103456,City Hotel,2024-04-13,2024-09-08,2,1,D,HB,Germany,Online,Checked-Out,3,10065.15
103457,City Hotel,2024-12-07,2025-05-28,1,0,C,BB,India,Corporate,Checked-Out,7,4364.76
103458,Resort Hotel,2024-12-03,2025-01-23,3,0,A,FB,France,Direct,Confirmed,3,8936.3
103459,Resort Hotel,2024-03-01,2024-03-20,1,0,B,SC,Canada,Corporate,Cancelled,1,11339.89
103460,City Hotel,2024-03-27,2024-07-25,3,0,C,FB,USA,Online,Confirmed,8,9329.0
103461,City Hotel,2024-09-14,2024-11-21,2,0,D,SC,UK,Online,Cancelled,6,6447.9
103462,City Hotel,2024-06-26,2024-08-31,2,0,E,BB,UAE,Corporate,Cancelled,5,6706.25
103463,City Hotel,2024-08-29,2025-01-17,2,0,E,FB,India,Online,Checked-Out,8,3255.79
103464,City Hotel,2024-07-21,2024-12-26,4,0,A,BB,India,Online,Checked-Out,8,7498.09
103465,City Hotel,2024-01-31,2024-05-08,3,0,D,BB,France,Online,Confirmed,3,10125.5
103466,Resort Hotel,2024-10-15,2025-03-22,2,0,A,HB,Canada,Online,Checked-Out,3,11795.72
103467,City Hotel,2024-03-20,2024-09-15,2,0,A,BB,Canada,Online,Checked-Out,10,6293.39
103468,Resort Hotel,2024-01-11,2024-04-08,2,0,A,SC,Germany,Online,Checked-Out,7,6635.99
103469,Resort Hotel,2024-09-10,2025-03-05,2,1,D,BB,Canada,Offline,Cancelled,3,3020.26
103470,City Hotel,2024-10-13,2024-11-15,3,1,E,SC,Germany,Corporate,Cancelled,9,9863.65
103471,City Hotel,2024-06-24,2024-10-07,1,0,A,BB,Canada,Corporate,Confirmed,8,9308.25
103472,Resort Hotel,2024-05-05,2024-07-18,2,0,A,FB,UAE,Online,Confirmed,8,6327.79
103473,City Hotel,2024-02-16,2024-05-08,4,0,E,HB,Canada,Direct,Confirmed,9,9238.12
103474,Resort Hotel,2024-07-24,2024-08-12,3,1,B,HB,USA,Direct,Confirmed,8,8418.74
103475,Resort Hotel,2024-04-16,2024-06-26,1,1,B,BB,Australia,Online,Checked-Out,4,9805.43
103476,Resort Hotel,2024-10-01,2024-11-27,2,0,B,HB,Australia,Online,Cancelled,7,5484.36
103477,Resort Hotel,2024-12-02,2025-04-28,4,1,C,BB,UK,Corporate,Checked-Out,6,8682.78
103478,City Hotel,2024-05-02,2024-07-20,2,0,E,HB,Germany,Online,Confirmed,1,8443.4
103479,City Hotel,2024-05-13,2024-10-29,2,0,A,HB,Germany,Online,Confirmed,5,3359.66
103480,City Hotel,2024-04-16,2024-05-28,2,1,A,BB,UAE,Online,Confirmed,2,5169.05
103481,City Hotel,2024-10-31,2025-04-29,3,1,A,BB,Germany,Corporate,Confirmed,9,10671.91
103482,City Hotel,2024-11-24,2025-03-20,2,1,A,BB,Australia,Corporate,Checked-Out,3,3983.26
103483,City Hotel,2024-02-19,2024-02-23,2,0,B,SC,India,Offline,Cancelled,7,6105.86
103484,Resort Hotel,2024-12-02,2024-12-06,2,0,E,BB,Canada,Online,Confirmed,2,4639.74
103485,City Hotel,2024-04-04,2024-04-09,3,1,C,FB,Canada,Groups,Cancelled,7,3831.76
103486,City Hotel,2024-09-24,2024-11-04,3,0,E,HB,Germany,Corporate,Checked-Out,4,3795.91
103487,City Hotel,2024-01-23,2024-05-10,3,0,E,SC,Australia,Online,Confirmed,6,5805.58
103488,City Hotel,2024-02-23,2024-05-20,2,0,B,BB,France,Offline,Checked-Out,9,10133.0
103489,City Hotel,2024-09-10,2024-12-23,3,1,B,BB,Australia,Direct,Cancelled,8,11680.0
103490,City Hotel,2024-08-22,2024-12-17,3,1,B,HB,USA,Online,Checked-Out,9,7932.45
103491,City Hotel,2024-02-28,2024-06-08,3,0,A,HB,Germany,Online,Confirmed,5,8534.63
103492,City Hotel,2024-06-12,2024-08-26,4,1,B,BB,UAE,Online,Confirmed,5,9898.07
103493,Resort Hotel,2024-09-15,2024-11-29,2,0,B,BB,UK,Direct,Cancelled,4,8787.11
103494,Resort Hotel,2024-11-09,2024-11-22,2,0,B,BB,UAE,Groups,Confirmed,9,10559.06
103495,Resort Hotel,2024-08-03,2024-12-23,3,0,B,BB,India,Online,Checked-Out,10,10898.49
103496,City Hotel,2024-07-01,2024-07-26,3,0,A,HB,Canada,Online,Cancelled,8,8463.23
103497,Resort Hotel,2024-02-26,2024-06-20,2,1,B,HB,France,Online,Confirmed,6,7564.1
103498,Resort Hotel,2024-05-24,2024-11-12,1,2,A,BB,Australia,Direct,Confirmed,10,6214.99
103499,City Hotel,2024-03-30,2024-06-20,2,0,A,BB,USA,Offline,Checked-Out,6,6885.02
103500,Resort Hotel,2024-11-06,2024-11-16,2,1,C,BB,India,Direct,Checked-Out,6,5781.85
103501,City Hotel,2024-02-14,2024-04-04,2,0,A,HB,France,Direct,Checked-Out,6,6556.18
103502,Resort Hotel,2024-09-13,2025-03-04,3,0,D,HB,India,Corporate,Confirmed,7,11047.24
103503,Resort Hotel,2024-01-21,2024-06-11,2,1,A,BB,USA,Online,Checked-Out,6,11737.53
103504,City Hotel,2024-01-21,2024-02-05,2,0,B,BB,USA,Offline,Confirmed,8,5934.57
103505,Resort Hotel,2024-02-21,2024-03-08,2,1,B,BB,Germany,Direct,Confirmed,7,4595.61
103506,City Hotel,2024-12-03,2024-12-05,2,0,A,SC,UK,Corporate,Confirmed,2,3242.81
103507,Resort Hotel,2024-06-19,2024-11-24,1,1,A,HB,Germany,Offline,Checked-Out,10,10450.84
103508,City Hotel,2024-03-07,2024-04-06,2,0,C,BB,Australia,Direct,Cancelled,4,10771.33
103509,Resort Hotel,2024-04-22,2024-07-13,1,0,A,BB,Canada,Direct,Confirmed,7,6779.49
103510,City Hotel,2024-10-26,2024-11-26,2,0,A,SC,India,Corporate,Cancelled,2,7652.97
103511,City Hotel,2024-06-08,2024-08-24,1,0,B,HB,Germany,Online,Cancelled,4,9528.3
103512,City Hotel,2024-09-22,2025-02-17,2,0,A,BB,USA,Online,Cancelled,2,6070.6
103513,Resort Hotel,2024-11-15,2025-05-11,2,0,C,BB,USA,Groups,Checked-Out,2,4414.16
103514,Resort Hotel,2024-08-19,2024-12-11,2,1,D,HB,USA,Online,Cancelled,7,3589.49
103515,Resort Hotel,2024-11-20,2024-12-25,3,1,A,BB,Germany,Direct,Confirmed,2,4734.79
103516,Resort Hotel,2024-03-08,2024-03-31,2,2,A,BB,Canada,Online,Checked-Out,4,8630.67
103517,City Hotel,2024-01-28,2024-05-13,3,1,A,SC,Australia,Online,Confirmed,7,5803.01
103518,City Hotel,2024-04-25,2024-07-31,2,1,B,SC,Australia,Corporate,Checked-Out,6,10743.18
103519,City Hotel,2024-02-20,2024-06-14,3,0,A,SC,France,Direct,Confirmed,4,3331.67
103520,City Hotel,2024-06-29,2024-10-07,2,1,A,BB,Germany,Online,Cancelled,9,6455.51
103521,City Hotel,2024-09-16,2024-11-10,2,1,A,BB,Germany,Groups,Checked-Out,5,4941.14
103522,City Hotel,2024-03-19,2024-03-27,2,0,A,BB,UAE,Corporate,Confirmed,2,10933.12
103523,City Hotel,2024-09-29,2025-03-16,2,0,B,FB,Germany,Online,Confirmed,7,10159.03
103524,City Hotel,2024-04-17,2024-06-15,2,0,A,HB,Germany,Online,Checked-Out,10,11850.93
103525,City Hotel,2024-03-14,2024-07-20,2,1,A,FB,USA,Offline,Confirmed,2,3633.09
103526,City Hotel,2024-06-23,2024-07-25,3,0,A,SC,Canada,Online,Confirmed,8,9931.31
103527,Resort Hotel,2024-07-02,2024-10-03,2,2,A,HB,UK,Direct,Cancelled,7,3695.69
103528,Resort Hotel,2024-01-23,2024-01-30,1,0,A,BB,Germany,Online,Confirmed,9,3972.72
103529,Resort Hotel,2024-09-30,2024-10-02,2,0,A,BB,UAE,Online,Confirmed,6,2872.32
103530,City Hotel,2024-05-08,2024-08-01,3,2,A,BB,Germany,Offline,Checked-Out,7,6914.72
103531,City Hotel,2024-10-17,2025-02-28,2,0,C,BB,UK,Offline,Cancelled,10,3695.88
103532,Resort Hotel,2024-11-15,2025-03-01,2,0,A,BB,UAE,Online,Checked-Out,9,5809.33
103533,City Hotel,2024-07-04,2024-08-09,2,0,C,HB,Germany,Offline,Checked-Out,7,5123.89
103534,City Hotel,2024-02-28,2024-08-06,2,1,A,BB,Canada,Online,Confirmed,9,11775.37
103535,City Hotel,2024-01-01,2024-02-15,3,0,C,HB,UK,Online,Checked-Out,8,8753.5
103536,City Hotel,2024-05-10,2024-06-21,3,0,A,FB,USA,Corporate,Checked-Out,5,6399.33
103537,City Hotel,2024-03-07,2024-04-29,1,0,E,BB,France,Direct,Confirmed,7,10845.31
103538,City Hotel,2024-10-19,2025-02-06,2,0,C,BB,Germany,Offline,Checked-Out,7,3106.52
103539,Resort Hotel,2024-10-11,2024-10-20,2,0,A,BB,France,Direct,Confirmed,1,5675.45
103540,City Hotel,2024-03-29,2024-06-24,1,1,A,BB,Germany,Online,Checked-Out,4,7388.63
103541,City Hotel,2024-04-09,2024-08-01,2,1,B,HB,India,Groups,Checked-Out,5,3011.82
103542,Resort Hotel,2024-07-07,2024-09-20,2,1,E,HB,Canada,Online,Confirmed,6,3885.66
103543,City Hotel,2024-12-11,2025-06-06,2,0,A,HB,Australia,Direct,Confirmed,7,11002.95
103544,City Hotel,2024-08-28,2025-01-05,3,0,B,BB,India,Direct,Confirmed,5,4206.45
103545,Resort Hotel,2024-09-26,2024-10-07,2,2,A,BB,USA,Offline,Confirmed,2,11255.74
103546,City Hotel,2024-08-06,2024-09-25,4,0,A,HB,France,Direct,Confirmed,5,3412.67
103547,City Hotel,2024-06-24,2024-12-04,3,0,A,BB,France,Offline,Checked-Out,5,10938.04
103548,City Hotel,2024-12-06,2025-04-07,3,2,A,BB,UK,Online,Cancelled,7,6810.26
103549,City Hotel,2024-08-20,2025-01-10,1,0,A,FB,Canada,Online,Checked-Out,3,7946.02
103550,City Hotel,2024-05-30,2024-08-13,3,1,A,BB,UK,Groups,Confirmed,1,5175.41
103551,Resort Hotel,2024-10-03,2024-11-03,3,0,C,FB,Germany,Direct,Confirmed,6,5096.73
103552,City Hotel,2024-08-16,2024-11-16,2,0,C,BB,UK,Online,Confirmed,7,7175.27
103553,City Hotel,2024-06-19,2024-11-22,2,1,A,BB,UK,Offline,Confirmed,10,5880.17
103554,City Hotel,2024-08-10,2025-01-10,2,0,D,BB,France,Corporate,Confirmed,8,3238.12
103555,City Hotel,2024-07-31,2024-10-31,4,0,A,FB,India,Direct,Cancelled,7,5859.99
103556,City Hotel,2024-10-08,2025-03-10,3,0,A,FB,France,Corporate,Checked-Out,7,4919.71
103557,City Hotel,2024-02-10,2024-04-25,3,0,C,BB,Canada,Corporate,Cancelled,7,10571.58
103558,City Hotel,2024-05-01,2024-08-01,3,0,C,SC,UK,Direct,Confirmed,1,10466.02
103559,City Hotel,2024-08-14,2024-12-21,2,0,D,BB,Germany,Online,Checked-Out,9,3844.05
103560,City Hotel,2024-10-20,2024-12-01,2,0,A,BB,India,Offline,Confirmed,9,9435.66
103561,City Hotel,2024-03-28,2024-07-16,2,0,A,BB,UAE,Direct,Confirmed,7,6782.97
103562,Resort Hotel,2024-09-23,2025-03-04,2,0,B,BB,UK,Online,Checked-Out,9,10750.81
103563,City Hotel,2024-01-29,2024-02-16,2,0,A,BB,UK,Direct,Confirmed,4,5102.9
103564,City Hotel,2024-09-03,2024-11-19,3,0,A,BB,Australia,Online,Confirmed,7,3337.11
103565,City Hotel,2024-11-11,2025-03-24,4,0,B,SC,UAE,Corporate,Confirmed,2,10104.72
103566,Resort Hotel,2024-08-31,2024-09-20,2,1,A,HB,Germany,Online,Confirmed,6,10749.4
103567,City Hotel,2024-03-01,2024-07-06,2,0,A,FB,Germany,Online,Confirmed,2,10484.86
103568,Resort Hotel,2024-05-26,2024-08-09,2,0,A,HB,UK,Groups,Cancelled,10,5628.35
103569,Resort Hotel,2024-06-22,2024-08-23,2,0,A,HB,UK,Corporate,Checked-Out,3,2793.22
103570,Resort Hotel,2024-10-04,2024-11-05,2,0,A,BB,France,Online,Cancelled,1,3826.35
103571,City Hotel,2024-11-29,2025-05-26,2,0,B,HB,USA,Online,Confirmed,7,11234.0
103572,City Hotel,2024-05-21,2024-11-03,3,1,A,SC,Germany,Offline,Checked-Out,2,5958.66
103573,Resort Hotel,2024-02-13,2024-03-12,3,0,D,HB,Canada,Groups,Checked-Out,3,10861.98
103574,Resort Hotel,2024-05-23,2024-08-05,3,0,A,BB,UAE,Direct,Confirmed,1,11817.72
103575,Resort Hotel,2024-12-18,2025-03-09,2,1,D,BB,Germany,Direct,Cancelled,3,6259.28
103576,City Hotel,2024-11-28,2024-12-20,2,0,A,SC,Canada,Online,Confirmed,4,9876.24
103577,City Hotel,2024-02-24,2024-08-13,2,0,A,BB,Canada,Direct,Cancelled,7,4106.59
103578,City Hotel,2024-11-02,2025-04-15,3,0,A,FB,UAE,Online,Checked-Out,6,6145.61
103579,Resort Hotel,2024-12-23,2025-03-29,3,2,A,BB,Australia,Offline,Checked-Out,1,9199.23
103580,City Hotel,2024-06-09,2024-10-09,2,0,B,BB,France,Online,Confirmed,4,4467.55
103581,City Hotel,2024-10-11,2025-02-11,3,0,A,HB,UAE,Direct,Confirmed,9,5538.06
103582,Resort Hotel,2024-11-20,2025-01-11,2,0,B,BB,India,Online,Confirmed,3,7856.36
103583,City Hotel,2024-07-16,2024-12-27,2,1,A,BB,Australia,Online,Confirmed,6,9066.51
103584,Resort Hotel,2024-06-07,2024-11-10,3,0,C,BB,Australia,Online,Confirmed,2,5890.35
103585,City Hotel,2024-03-20,2024-06-06,3,2,B,HB,India,Online,Checked-Out,5,6079.64
103586,City Hotel,2024-01-31,2024-07-13,2,0,A,BB,UAE,Online,Confirmed,9,3543.75
103587,City Hotel,2024-04-21,2024-06-30,2,0,D,BB,India,Groups,Confirmed,2,11848.59
103588,Resort Hotel,2024-02-15,2024-07-01,2,0,C,FB,Germany,Corporate,Confirmed,3,8316.24
103589,City Hotel,2024-12-18,2025-01-08,2,0,E,BB,USA,Corporate,Checked-Out,2,7538.11
103590,City Hotel,2024-07-23,2024-09-25,3,0,A,BB,UAE,Offline,Checked-Out,2,4507.86
103591,Resort Hotel,2024-02-21,2024-05-07,2,1,D,HB,USA,Online,Checked-Out,6,7136.29
103592,City Hotel,2024-05-17,2024-07-17,1,0,D,BB,Canada,Offline,Confirmed,6,6749.46
103593,City Hotel,2024-03-14,2024-06-17,2,0,B,BB,France,Groups,Confirmed,5,4956.31
103594,City Hotel,2024-02-10,2024-03-21,4,0,B,SC,Canada,Online,Confirmed,2,6739.61
103595,City Hotel,2024-03-17,2024-03-21,3,0,E,HB,India,Groups,Cancelled,1,4433.54
103596,City Hotel,2024-07-05,2024-08-05,3,0,E,BB,India,Online,Confirmed,3,9247.14
103597,City Hotel,2024-02-21,2024-07-25,1,0,B,HB,UK,Online,Checked-Out,3,11133.46
103598,City Hotel,2024-03-27,2024-08-27,3,0,A,BB,France,Online,Checked-Out,9,2524.6
103599,City Hotel,2024-04-18,2024-06-26,2,0,D,BB,Australia,Groups,Confirmed,4,7784.44
103600,Resort Hotel,2024-08-12,2024-10-21,2,0,A,SC,Australia,Direct,Confirmed,9,9457.03
103601,City Hotel,2024-09-04,2024-09-09,4,0,A,BB,France,Corporate,Cancelled,1,11118.36
103602,City Hotel,2024-03-09,2024-07-02,1,0,E,FB,Germany,Online,Confirmed,3,5905.0
103603,City Hotel,2024-04-29,2024-07-29,2,0,D,BB,Germany,Online,Confirmed,1,11117.94
103604,City Hotel,2024-03-07,2024-03-15,1,0,E,BB,France,Offline,Cancelled,6,10342.75
103605,City Hotel,2024-03-01,2024-03-10,2,0,B,BB,USA,Online,Checked-Out,1,7489.54
103606,City Hotel,2024-11-22,2024-12-07,2,2,A,BB,France,Online,Checked-Out,2,4940.96
103607,Resort Hotel,2024-07-09,2024-10-22,3,0,E,HB,USA,Online,Confirmed,9,8701.76
103608,City Hotel,2024-07-07,2024-07-14,2,0,A,HB,Germany,Online,Checked-Out,1,4975.31
103609,Resort Hotel,2024-05-30,2024-08-10,2,0,C,HB,Canada,Direct,Cancelled,4,5814.04
103610,Resort Hotel,2024-10-12,2025-02-04,3,0,B,HB,France,Corporate,Confirmed,6,6936.4
103611,City Hotel,2024-04-05,2024-04-20,4,1,A,HB,USA,Direct,Cancelled,2,7230.77
103612,City Hotel,2024-11-07,2025-04-21,2,0,A,FB,UK,Online,Checked-Out,1,4296.9
103613,City Hotel,2024-11-04,2025-01-26,2,1,A,BB,UK,Online,Confirmed,4,9091.12
103614,Resort Hotel,2024-09-19,2024-10-28,1,0,B,FB,France,Online,Confirmed,3,11923.2
103615,City Hotel,2024-04-06,2024-08-18,1,0,A,BB,India,Offline,Cancelled,7,4816.77
103616,City Hotel,2024-04-22,2024-06-18,2,1,A,HB,France,Online,Confirmed,7,7768.13
103617,City Hotel,2024-05-04,2024-08-04,1,0,B,FB,Germany,Online,Checked-Out,10,6819.8
103618,Resort Hotel,2024-05-11,2024-07-31,2,1,C,BB,Germany,Online,Cancelled,7,5423.9
103619,Resort Hotel,2024-04-30,2024-09-24,1,0,A,BB,UAE,Direct,Checked-Out,9,6487.91
103620,City Hotel,2024-07-15,2024-11-19,2,1,C,SC,UK,Corporate,Confirmed,9,9460.86
103621,Resort Hotel,2024-10-20,2025-03-28,2,0,A,BB,USA,Online,Checked-Out,4,6440.03
103622,City Hotel,2024-05-01,2024-07-15,1,0,A,FB,UK,Direct,Confirmed,9,7314.24
103623,City Hotel,2024-10-08,2024-12-26,2,1,A,BB,USA,Online,Confirmed,7,7033.77
103624,Resort Hotel,2024-09-16,2024-09-26,2,0,C,HB,Canada,Corporate,Checked-Out,6,7774.69
103625,City Hotel,2024-02-08,2024-05-25,2,0,A,FB,France,Offline,Cancelled,9,5266.32
103626,City Hotel,2024-02-23,2024-05-20,2,1,A,BB,India,Online,Confirmed,4,7342.17
103627,City Hotel,2024-06-09,2024-08-15,3,0,A,BB,Germany,Offline,Confirmed,1,3780.99
103628,Resort Hotel,2024-10-15,2024-12-16,1,0,E,BB,France,Corporate,Confirmed,6,9543.15
103629,Resort Hotel,2024-07-18,2024-11-26,1,2,E,BB,UK,Online,Checked-Out,1,3553.78
103630,City Hotel,2024-10-02,2025-02-25,1,0,A,BB,Australia,Corporate,Checked-Out,10,9957.11
103631,Resort Hotel,2024-01-16,2024-06-17,2,0,A,FB,Australia,Direct,Confirmed,9,10342.64
103632,City Hotel,2024-06-21,2024-10-06,3,0,E,SC,France,Groups,Confirmed,5,2681.09
103633,City Hotel,2024-09-04,2025-01-30,1,0,A,HB,India,Online,Confirmed,2,10392.97
103634,City Hotel,2024-08-05,2024-11-06,2,0,A,FB,USA,Direct,Cancelled,8,8657.61
103635,City Hotel,2024-03-27,2024-06-21,2,0,A,HB,Canada,Groups,Confirmed,10,3420.64
103636,City Hotel,2024-03-22,2024-09-16,4,1,E,HB,India,Online,Confirmed,6,11980.24
103637,Resort Hotel,2024-03-02,2024-07-01,3,0,C,HB,UK,Online,Cancelled,3,8346.93
103638,City Hotel,2024-10-13,2024-12-31,2,2,A,BB,India,Corporate,Checked-Out,2,6308.15
103639,City Hotel,2024-02-11,2024-02-21,2,1,A,BB,UAE,Corporate,Cancelled,10,10909.54
103640,City Hotel,2024-01-12,2024-06-09,4,1,E,BB,Germany,Offline,Checked-Out,4,2895.42
103641,City Hotel,2024-11-16,2024-12-15,4,0,A,FB,Australia,Direct,Checked-Out,1,9314.76
103642,Resort Hotel,2024-08-21,2024-11-25,2,0,B,BB,UAE,Online,Cancelled,1,3865.4
103643,City Hotel,2024-11-24,2024-12-04,2,0,A,BB,India,Direct,Confirmed,5,7748.75
103644,City Hotel,2024-05-10,2024-05-23,2,0,C,BB,France,Online,Cancelled,10,3411.45
103645,Resort Hotel,2024-04-24,2024-06-10,2,0,A,SC,USA,Online,Confirmed,9,8951.88
103646,City Hotel,2024-08-05,2025-01-03,2,1,C,HB,Germany,Direct,Confirmed,5,6916.82
103647,City Hotel,2024-05-16,2024-07-05,2,0,A,BB,Germany,Online,Checked-Out,6,2563.66
103648,City Hotel,2024-04-15,2024-08-25,3,0,A,HB,Germany,Online,Checked-Out,10,3178.28
103649,City Hotel,2024-06-27,2024-10-21,2,0,B,SC,UAE,Online,Confirmed,9,9178.87
103650,Resort Hotel,2024-01-16,2024-05-08,3,1,D,BB,UK,Direct,Confirmed,3,6294.85
103651,Resort Hotel,2024-08-29,2024-11-22,2,2,A,BB,UK,Online,Confirmed,4,8885.45
103652,City Hotel,2024-11-29,2025-01-21,3,0,A,HB,France,Direct,Confirmed,2,6203.51
103653,Resort Hotel,2024-08-13,2024-12-21,2,0,B,BB,UAE,Online,Confirmed,4,5936.04
103654,City Hotel,2024-08-29,2024-11-05,2,1,C,SC,USA,Online,Cancelled,8,10621.68
103655,City Hotel,2024-05-20,2024-08-07,2,0,C,HB,India,Online,Checked-Out,2,10620.67
103656,City Hotel,2024-07-17,2024-09-12,2,0,A,HB,France,Online,Checked-Out,4,11237.94
103657,City Hotel,2024-04-21,2024-07-27,3,0,A,HB,UK,Direct,Confirmed,8,10318.7
103658,City Hotel,2024-05-06,2024-09-18,1,0,B,SC,France,Online,Confirmed,7,3710.61
103659,City Hotel,2024-01-21,2024-06-16,2,0,A,BB,USA,Direct,Cancelled,9,3131.68
103660,Resort Hotel,2024-05-26,2024-11-14,2,1,E,BB,UAE,Online,Confirmed,2,3054.97
103661,City Hotel,2024-03-29,2024-05-31,3,0,B,BB,France,Online,Checked-Out,4,11811.96
103662,City Hotel,2024-10-29,2025-01-02,2,0,B,HB,Canada,Online,Confirmed,9,7260.94
103663,City Hotel,2024-07-21,2024-08-29,2,0,A,HB,Australia,Corporate,Cancelled,6,3594.11
103664,City Hotel,2024-03-25,2024-07-12,2,0,A,HB,Australia,Direct,Confirmed,9,7670.81
103665,City Hotel,2024-06-15,2024-07-11,2,1,B,HB,Germany,Offline,Confirmed,9,9247.82
103666,City Hotel,2024-03-12,2024-08-31,3,1,A,BB,India,Online,Cancelled,7,3397.66
103667,Resort Hotel,2024-10-24,2024-11-05,2,0,D,BB,Canada,Corporate,Cancelled,7,5790.84
103668,City Hotel,2024-01-09,2024-06-07,2,1,A,BB,UK,Online,Checked-Out,8,4284.33
103669,City Hotel,2024-10-07,2024-12-23,2,0,A,HB,Canada,Online,Confirmed,2,11766.59
103670,City Hotel,2024-09-14,2025-02-03,2,0,A,FB,UK,Online,Confirmed,10,5523.17
103671,City Hotel,2024-10-01,2024-12-26,2,1,C,HB,Australia,Online,Confirmed,7,9059.8
103672,City Hotel,2024-08-25,2024-09-24,2,0,A,BB,UAE,Corporate,Confirmed,6,11225.12
103673,Resort Hotel,2024-01-20,2024-07-10,2,0,A,BB,USA,Online,Cancelled,7,10700.29
103674,City Hotel,2024-08-20,2025-02-02,2,0,B,FB,USA,Direct,Confirmed,6,6242.75
103675,City Hotel,2024-08-08,2025-01-25,2,1,A,BB,USA,Online,Confirmed,3,5453.66
103676,City Hotel,2024-11-21,2025-01-12,2,0,C,BB,UK,Online,Confirmed,5,10187.86
103677,City Hotel,2024-01-17,2024-03-20,1,0,C,BB,Germany,Offline,Checked-Out,3,4449.0
103678,City Hotel,2024-03-29,2024-07-27,3,1,E,HB,Canada,Direct,Checked-Out,6,9314.55
103679,Resort Hotel,2024-07-14,2024-10-27,3,1,B,BB,India,Direct,Checked-Out,3,10435.22
103680,City Hotel,2024-12-15,2025-05-26,2,1,B,BB,USA,Online,Confirmed,2,10567.59
103681,Resort Hotel,2024-03-24,2024-05-02,2,0,A,HB,UK,Online,Confirmed,4,2584.72
103682,City Hotel,2024-03-27,2024-05-07,1,0,A,BB,Germany,Online,Confirmed,9,7248.77
103683,Resort Hotel,2024-11-02,2025-03-03,4,0,A,BB,USA,Offline,Confirmed,1,5897.11
103684,City Hotel,2024-12-03,2025-03-21,3,1,C,HB,Canada,Online,Checked-Out,8,11799.17
103685,Resort Hotel,2024-06-02,2024-11-14,2,1,A,FB,USA,Direct,Confirmed,5,7668.72
103686,City Hotel,2024-08-15,2024-10-19,2,2,B,BB,India,Offline,Checked-Out,2,6560.71
103687,Resort Hotel,2024-09-20,2025-01-16,2,0,A,BB,Australia,Groups,Cancelled,9,4821.45
103688,City Hotel,2024-08-10,2024-10-28,2,0,B,BB,India,Groups,Confirmed,2,10533.49
103689,City Hotel,2024-04-30,2024-10-07,3,0,A,BB,France,Corporate,Confirmed,3,5534.02
103690,City Hotel,2024-06-21,2024-06-29,2,0,B,FB,Australia,Online,Checked-Out,1,10354.16
103691,Resort Hotel,2024-01-04,2024-04-10,3,0,E,BB,Australia,Offline,Confirmed,1,10970.28
103692,City Hotel,2024-12-07,2024-12-25,2,2,C,BB,Canada,Offline,Confirmed,2,3052.66
103693,Resort Hotel,2024-05-07,2024-10-27,1,0,A,BB,Australia,Direct,Confirmed,2,7344.87
103694,City Hotel,2024-04-19,2024-07-24,2,0,B,BB,USA,Online,Cancelled,6,6493.55
103695,City Hotel,2024-12-20,2025-01-22,2,0,B,BB,France,Online,Confirmed,8,6234.52
103696,City Hotel,2024-02-06,2024-02-11,3,0,C,SC,Canada,Online,Confirmed,4,6028.94
103697,Resort Hotel,2024-03-11,2024-07-16,2,1,D,HB,UK,Online,Confirmed,3,7553.87
103698,Resort Hotel,2024-10-15,2024-12-28,2,0,A,BB,Canada,Corporate,Confirmed,2,3736.91
103699,Resort Hotel,2024-01-31,2024-06-05,2,0,D,FB,India,Direct,Confirmed,1,10777.24
103700,City Hotel,2024-09-24,2025-03-07,2,0,A,BB,Australia,Corporate,Confirmed,8,7800.84
103701,City Hotel,2024-01-11,2024-06-10,2,0,C,BB,Australia,Online,Confirmed,7,5797.55
103702,Resort Hotel,2024-12-09,2025-05-26,4,0,A,SC,Germany,Direct,Confirmed,2,4808.77
103703,City Hotel,2024-11-23,2024-11-28,2,0,A,BB,USA,Groups,Confirmed,7,8357.35
103704,Resort Hotel,2024-02-01,2024-03-06,2,0,D,SC,Canada,Direct,Confirmed,6,9973.95
103705,Resort Hotel,2024-02-26,2024-03-21,3,0,A,HB,USA,Corporate,Confirmed,8,6688.17
103706,Resort Hotel,2024-06-14,2024-11-06,1,0,E,SC,France,Direct,Checked-Out,6,11852.98
103707,Resort Hotel,2024-07-06,2024-10-09,2,0,A,HB,India,Direct,Cancelled,4,7587.9
103708,City Hotel,2024-12-07,2025-02-16,2,0,B,BB,Australia,Offline,Checked-Out,8,11799.66
103709,City Hotel,2024-01-19,2024-04-20,2,0,C,FB,Australia,Online,Cancelled,1,11644.71
103710,Resort Hotel,2024-04-25,2024-08-28,4,2,A,BB,France,Online,Confirmed,10,8197.57
103711,City Hotel,2024-07-02,2024-07-24,2,0,A,HB,Canada,Online,Confirmed,1,8022.69
103712,Resort Hotel,2024-09-26,2024-10-11,2,0,A,BB,USA,Corporate,Cancelled,4,3503.89
103713,Resort Hotel,2024-02-02,2024-05-13,2,1,E,HB,India,Offline,Checked-Out,1,11328.15
103714,City Hotel,2024-01-10,2024-01-25,2,0,C,HB,USA,Online,Confirmed,5,10130.49
103715,Resort Hotel,2024-03-20,2024-08-20,2,0,A,FB,India,Online,Confirmed,9,7254.4
103716,City Hotel,2024-07-10,2024-09-01,2,0,A,FB,Canada,Direct,Checked-Out,9,5410.88
103717,City Hotel,2024-11-15,2025-04-13,3,1,A,FB,USA,Groups,Confirmed,9,10466.19
103718,City Hotel,2024-07-08,2024-10-18,2,1,B,BB,Germany,Online,Confirmed,6,5269.42
103719,City Hotel,2024-03-08,2024-06-29,2,2,E,FB,Australia,Online,Confirmed,1,7647.65
103720,City Hotel,2024-12-13,2025-01-14,2,0,C,HB,Canada,Online,Confirmed,10,4388.85
103721,City Hotel,2024-05-04,2024-05-25,2,1,A,FB,Canada,Groups,Cancelled,5,10142.88
103722,Resort Hotel,2024-12-01,2025-05-22,2,0,B,SC,France,Direct,Checked-Out,10,9651.68
103723,Resort Hotel,2024-02-28,2024-05-21,1,0,E,BB,UAE,Direct,Checked-Out,2,5271.86
103724,City Hotel,2024-04-06,2024-04-20,2,1,B,BB,UAE,Online,Confirmed,1,3614.88
103725,City Hotel,2024-10-01,2024-10-16,1,0,E,FB,India,Direct,Cancelled,5,4182.16
103726,Resort Hotel,2024-05-28,2024-10-23,2,0,A,BB,France,Online,Confirmed,5,8355.37
103727,City Hotel,2024-10-04,2024-11-07,2,0,C,BB,India,Direct,Checked-Out,1,3925.38
103728,City Hotel,2024-09-21,2025-03-04,1,1,B,FB,Canada,Direct,Confirmed,7,5541.19
103729,City Hotel,2024-01-09,2024-04-01,3,0,C,BB,India,Direct,Checked-Out,3,10472.39
103730,City Hotel,2024-10-09,2024-10-18,2,0,B,SC,Australia,Offline,Cancelled,6,3276.84
103731,City Hotel,2024-09-29,2025-03-06,3,0,A,SC,India,Online,Checked-Out,2,8021.22
103732,Resort Hotel,2024-10-27,2025-01-12,1,0,A,BB,USA,Online,Checked-Out,9,6298.35
103733,City Hotel,2024-01-08,2024-06-19,3,2,E,HB,UK,Corporate,Confirmed,2,3643.0
103734,City Hotel,2024-07-26,2024-12-14,1,0,A,BB,USA,Corporate,Confirmed,2,7339.63
103735,City Hotel,2024-05-04,2024-10-25,2,0,E,HB,UK,Online,Confirmed,1,7408.13
103736,City Hotel,2024-05-02,2024-05-11,3,0,C,BB,Australia,Online,Confirmed,1,6091.82
103737,Resort Hotel,2024-02-02,2024-03-09,2,0,A,FB,Australia,Direct,Checked-Out,4,3025.56
103738,Resort Hotel,2024-01-01,2024-04-27,1,0,E,BB,USA,Online,Confirmed,7,4465.24
103739,Resort Hotel,2024-07-22,2024-07-25,3,0,C,HB,UK,Groups,Confirmed,4,6344.84
103740,City Hotel,2024-01-06,2024-01-25,2,2,A,HB,UAE,Direct,Confirmed,5,5133.63
103741,Resort Hotel,2024-10-23,2025-03-28,2,0,A,BB,UAE,Offline,Confirmed,6,4025.04
103742,Resort Hotel,2024-01-05,2024-01-28,1,0,D,FB,Canada,Offline,Checked-Out,5,7126.18
103743,Resort Hotel,2024-03-20,2024-07-02,2,0,C,SC,UAE,Direct,Cancelled,5,6277.2
103744,City Hotel,2024-09-30,2025-02-12,2,0,C,HB,Australia,Online,Confirmed,4,8816.93
103745,City Hotel,2024-06-25,2024-10-08,3,0,C,HB,India,Direct,Confirmed,9,7824.1
103746,City Hotel,2024-12-03,2025-04-24,2,0,A,BB,India,Offline,Checked-Out,5,4112.58
103747,Resort Hotel,2024-11-16,2025-01-01,3,2,D,HB,UK,Direct,Confirmed,9,9032.78
103748,City Hotel,2024-12-04,2025-04-26,2,0,A,BB,UAE,Online,Checked-Out,4,6921.12
103749,City Hotel,2024-05-15,2024-05-30,3,0,A,BB,UK,Direct,Checked-Out,9,3577.84
103750,Resort Hotel,2024-01-25,2024-03-16,2,0,A,HB,France,Online,Cancelled,5,2675.29
103751,Resort Hotel,2024-11-20,2025-03-10,3,0,A,HB,India,Online,Checked-Out,8,8451.02
103752,Resort Hotel,2024-07-01,2024-07-09,2,0,B,BB,USA,Online,Confirmed,1,8377.14
103753,City Hotel,2024-06-16,2024-08-24,3,0,A,BB,France,Online,Checked-Out,4,10294.47
103754,Resort Hotel,2024-12-03,2025-05-31,2,0,A,HB,Canada,Offline,Confirmed,4,9743.12
103755,City Hotel,2024-06-26,2024-08-28,1,0,A,BB,UAE,Online,Confirmed,2,10836.28
103756,City Hotel,2024-04-04,2024-06-11,2,1,C,BB,UK,Online,Confirmed,3,5277.98
103757,City Hotel,2024-02-02,2024-06-25,2,0,B,BB,Canada,Corporate,Confirmed,8,6425.14
103758,City Hotel,2024-04-20,2024-09-19,2,0,B,BB,Australia,Offline,Confirmed,8,3088.28
103759,City Hotel,2024-05-25,2024-05-31,2,2,C,SC,USA,Online,Checked-Out,1,6407.81
103760,Resort Hotel,2024-08-18,2024-12-15,2,0,B,FB,Germany,Direct,Cancelled,2,4587.77
103761,City Hotel,2024-09-28,2024-11-24,2,1,A,BB,Germany,Online,Checked-Out,4,10150.51
103762,Resort Hotel,2024-12-01,2025-01-01,2,0,E,BB,Canada,Online,Confirmed,6,8734.53
103763,City Hotel,2024-02-07,2024-02-13,1,0,A,SC,Canada,Online,Confirmed,3,9926.06
103764,City Hotel,2024-05-14,2024-10-18,3,0,A,FB,UAE,Direct,Checked-Out,7,8128.59
103765,City Hotel,2024-11-29,2025-02-04,3,0,B,BB,Australia,Corporate,Checked-Out,3,8180.4
103766,City Hotel,2024-08-22,2024-12-31,2,0,C,FB,Germany,Online,Cancelled,8,4734.64
103767,City Hotel,2024-11-14,2025-04-19,2,1,D,BB,Australia,Online,Checked-Out,6,8863.31
103768,City Hotel,2024-12-10,2025-02-22,2,0,A,BB,USA,Online,Confirmed,8,3867.72
103769,City Hotel,2024-06-08,2024-09-30,3,0,C,BB,Australia,Offline,Confirmed,7,5120.5
103770,City Hotel,2024-02-07,2024-05-14,2,1,C,SC,Canada,Direct,Checked-Out,5,4209.5
103771,City Hotel,2024-05-29,2024-11-21,2,1,A,HB,UK,Corporate,Checked-Out,5,11520.41
103772,Resort Hotel,2024-11-03,2025-01-22,1,0,A,BB,USA,Direct,Confirmed,3,11031.83
103773,City Hotel,2024-01-29,2024-05-31,3,0,C,HB,France,Online,Confirmed,4,10810.94
103774,Resort Hotel,2024-05-23,2024-10-08,2,0,A,BB,France,Online,Cancelled,8,11621.65
103775,Resort Hotel,2024-03-16,2024-04-18,2,1,A,BB,Germany,Online,Checked-Out,5,8319.64
103776,Resort Hotel,2024-05-24,2024-10-11,1,1,A,BB,UAE,Online,Confirmed,9,10999.63
103777,Resort Hotel,2024-08-16,2024-09-29,2,0,A,HB,Canada,Groups,Checked-Out,3,5272.65
103778,City Hotel,2024-03-04,2024-03-17,2,0,A,BB,UK,Offline,Confirmed,10,6155.2
103779,Resort Hotel,2024-12-12,2025-05-13,2,1,A,BB,Canada,Direct,Confirmed,3,6936.18
103780,Resort Hotel,2024-12-10,2025-05-31,4,0,A,BB,France,Online,Confirmed,8,3349.35
103781,City Hotel,2024-09-25,2024-11-21,2,0,E,HB,India,Online,Checked-Out,8,10334.59
103782,City Hotel,2024-11-23,2025-02-27,4,0,A,BB,Canada,Online,Confirmed,7,3632.17
103783,City Hotel,2024-07-02,2024-11-23,2,0,B,BB,India,Online,Confirmed,6,10096.71
103784,Resort Hotel,2024-09-17,2025-01-04,2,0,E,BB,Germany,Online,Confirmed,7,11261.44
103785,Resort Hotel,2024-09-24,2025-01-22,3,0,D,BB,Canada,Groups,Confirmed,7,7894.39
103786,City Hotel,2024-06-17,2024-09-25,2,0,A,HB,Germany,Corporate,Confirmed,6,4076.06
103787,City Hotel,2024-09-15,2025-02-11,2,1,A,SC,Germany,Online,Confirmed,9,6648.71
103788,City Hotel,2024-08-14,2024-12-03,3,0,B,BB,UAE,Online,Confirmed,5,3819.11
103789,City Hotel,2024-02-02,2024-03-24,2,0,E,HB,France,Online,Cancelled,5,3630.86
103790,Resort Hotel,2024-08-01,2024-08-22,2,0,A,BB,UK,Online,Confirmed,6,9682.75
103791,City Hotel,2024-02-19,2024-04-19,3,0,A,BB,Australia,Groups,Checked-Out,10,6233.85
103792,City Hotel,2024-07-28,2025-01-23,2,2,D,BB,Australia,Corporate,Confirmed,4,2501.23
103793,City Hotel,2024-01-29,2024-02-19,2,1,A,HB,Germany,Online,Checked-Out,10,2960.41
103794,Resort Hotel,2024-02-08,2024-05-25,3,0,C,FB,USA,Online,Confirmed,10,10268.66
103795,City Hotel,2024-12-12,2025-04-17,2,0,C,HB,Germany,Online,Checked-Out,9,8387.13
103796,Resort Hotel,2024-04-09,2024-08-21,1,0,A,BB,UAE,Direct,Confirmed,2,10522.88
103797,City Hotel,2024-06-21,2024-09-02,3,0,A,HB,Canada,Direct,Confirmed,3,5099.88
103798,City Hotel,2024-01-17,2024-04-02,1,0,B,FB,Australia,Online,Confirmed,9,5486.05
103799,City Hotel,2024-02-25,2024-05-13,3,0,C,BB,Australia,Direct,Confirmed,1,8360.28
103800,City Hotel,2024-08-13,2024-12-25,3,2,D,SC,Australia,Online,Cancelled,5,8818.96
103801,City Hotel,2024-02-15,2024-04-20,2,0,C,BB,UAE,Direct,Cancelled,3,2751.91
103802,Resort Hotel,2024-03-07,2024-06-01,1,0,A,FB,UAE,Online,Checked-Out,3,11118.54
103803,Resort Hotel,2024-07-15,2024-08-18,2,0,C,BB,France,Online,Cancelled,1,10092.05
103804,Resort Hotel,2024-05-21,2024-07-16,2,0,B,HB,UK,Online,Confirmed,8,3752.7
103805,City Hotel,2024-11-18,2025-02-01,3,0,B,HB,Germany,Online,Checked-Out,3,2598.06
103806,Resort Hotel,2024-01-23,2024-01-26,2,0,A,BB,India,Online,Cancelled,4,9807.07
103807,City Hotel,2024-04-03,2024-09-20,1,1,C,SC,Germany,Offline,Confirmed,5,11077.35
103808,City Hotel,2024-08-29,2024-09-04,2,0,C,BB,Germany,Online,Checked-Out,5,5560.0
103809,City Hotel,2024-08-24,2024-08-30,3,0,B,BB,UK,Online,Checked-Out,2,5547.62
103810,City Hotel,2024-02-23,2024-07-20,2,0,D,FB,USA,Direct,Confirmed,7,7388.88
103811,Resort Hotel,2024-05-17,2024-10-13,3,1,A,BB,UAE,Online,Confirmed,6,8908.29
103812,City Hotel,2024-11-28,2024-11-30,2,0,A,BB,Germany,Online,Confirmed,7,8652.86
103813,City Hotel,2024-09-28,2024-12-27,3,0,B,HB,Germany,Offline,Cancelled,10,9650.01
103814,City Hotel,2024-02-10,2024-04-06,2,1,E,HB,Australia,Online,Cancelled,10,3582.85
103815,City Hotel,2024-04-07,2024-07-12,2,0,A,SC,UAE,Groups,Cancelled,3,7438.24
103816,City Hotel,2024-07-01,2024-07-11,3,1,A,HB,France,Offline,Cancelled,8,7310.13
103817,City Hotel,2024-05-07,2024-08-02,2,0,E,FB,UK,Offline,Confirmed,6,11523.61
103818,Resort Hotel,2024-08-16,2024-10-25,2,0,D,SC,France,Online,Confirmed,7,11223.39
103819,Resort Hotel,2024-11-12,2025-04-12,3,0,D,HB,Australia,Direct,Checked-Out,9,9628.06
103820,City Hotel,2024-03-26,2024-07-17,2,0,A,BB,Germany,Direct,Checked-Out,8,10830.69
103821,City Hotel,2024-09-12,2024-10-12,2,0,D,HB,Germany,Online,Confirmed,8,9583.41
103822,City Hotel,2024-07-27,2024-12-02,2,0,B,BB,India,Direct,Confirmed,3,9344.58
103823,Resort Hotel,2024-08-02,2024-10-19,3,0,B,BB,France,Offline,Confirmed,1,4549.24
103824,City Hotel,2024-04-09,2024-09-21,2,1,A,HB,Australia,Groups,Confirmed,1,8363.9
103825,City Hotel,2024-02-18,2024-04-13,2,0,C,SC,UK,Online,Confirmed,10,11202.59
103826,City Hotel,2024-07-19,2024-09-06,2,0,A,BB,Canada,Online,Confirmed,2,9626.37
103827,City Hotel,2024-09-14,2024-10-18,2,0,A,BB,Canada,Online,Confirmed,8,8244.87
103828,City Hotel,2024-06-26,2024-10-09,3,0,B,BB,Canada,Online,Cancelled,10,4952.67
103829,Resort Hotel,2024-09-01,2025-02-20,2,0,A,BB,Germany,Online,Checked-Out,6,8947.09
103830,City Hotel,2024-05-02,2024-05-24,2,1,A,BB,India,Corporate,Checked-Out,6,5797.07
103831,City Hotel,2024-12-07,2025-01-07,1,0,A,HB,India,Corporate,Cancelled,1,3119.72
103832,Resort Hotel,2024-06-19,2024-11-01,2,0,C,BB,Canada,Offline,Cancelled,2,4773.84
103833,Resort Hotel,2024-11-28,2025-03-13,4,0,A,BB,USA,Online,Confirmed,5,6197.71
103834,City Hotel,2024-05-15,2024-10-11,2,0,C,FB,UK,Direct,Confirmed,3,11968.34
103835,City Hotel,2024-02-28,2024-03-15,2,1,C,HB,Canada,Corporate,Cancelled,2,9721.11
103836,City Hotel,2024-07-11,2024-07-31,2,0,C,BB,India,Offline,Confirmed,9,5155.88
103837,Resort Hotel,2024-09-24,2024-11-06,3,0,B,BB,UK,Offline,Confirmed,10,9742.7
103838,City Hotel,2024-09-16,2025-03-07,2,0,C,BB,Canada,Online,Cancelled,7,5897.59
103839,Resort Hotel,2024-04-04,2024-05-21,2,0,A,SC,Germany,Offline,Confirmed,1,8275.17
103840,Resort Hotel,2024-05-04,2024-08-26,3,0,A,BB,Canada,Online,Checked-Out,1,9764.47
103841,City Hotel,2024-02-10,2024-02-29,3,1,C,SC,UAE,Offline,Checked-Out,3,9537.93
103842,City Hotel,2024-09-10,2024-10-28,3,1,E,FB,USA,Corporate,Confirmed,10,3830.32
103843,City Hotel,2024-01-07,2024-05-25,2,0,A,HB,Australia,Online,Confirmed,6,10342.62
103844,City Hotel,2024-08-03,2025-01-07,3,1,B,BB,UAE,Groups,Confirmed,2,11267.91
103845,City Hotel,2024-03-09,2024-04-23,2,0,E,FB,UAE,Online,Checked-Out,8,4717.5
103846,Resort Hotel,2024-03-09,2024-08-20,2,0,D,BB,UK,Offline,Confirmed,4,5629.45
103847,Resort Hotel,2024-03-21,2024-09-13,2,0,A,BB,UAE,Direct,Confirmed,8,11412.88
103848,City Hotel,2024-01-30,2024-04-26,2,0,B,BB,Australia,Direct,Confirmed,7,11844.92
103849,Resort Hotel,2024-03-13,2024-03-28,3,0,A,HB,USA,Online,Confirmed,2,6808.25
103850,City Hotel,2024-09-18,2025-01-06,1,1,C,BB,Australia,Online,Checked-Out,9,2828.11
103851,City Hotel,2024-03-29,2024-09-17,3,0,A,SC,UK,Groups,Confirmed,5,11362.47
103852,City Hotel,2024-07-26,2024-10-30,3,1,C,BB,Australia,Online,Checked-Out,6,2741.23
103853,City Hotel,2024-07-31,2025-01-15,2,1,E,FB,UK,Offline,Cancelled,2,5636.99
103854,Resort Hotel,2024-11-17,2025-02-27,3,0,E,BB,France,Corporate,Confirmed,3,3352.05
103855,Resort Hotel,2024-09-22,2024-12-17,2,1,D,BB,UAE,Direct,Cancelled,10,7361.57
103856,City Hotel,2024-10-19,2025-03-10,2,0,A,BB,USA,Corporate,Checked-Out,8,2856.94
103857,City Hotel,2024-07-25,2024-10-14,3,0,A,SC,UK,Online,Checked-Out,5,4641.39
103858,City Hotel,2024-11-28,2025-01-18,2,0,B,BB,France,Online,Cancelled,10,6859.02
103859,City Hotel,2024-03-17,2024-07-07,2,0,B,HB,France,Direct,Cancelled,1,3204.61
103860,Resort Hotel,2024-10-14,2024-10-29,2,0,A,BB,USA,Offline,Confirmed,9,7064.02
103861,Resort Hotel,2024-02-16,2024-04-21,3,0,A,FB,Germany,Corporate,Checked-Out,1,5018.58
103862,City Hotel,2024-04-19,2024-07-16,2,1,E,BB,USA,Online,Confirmed,9,5035.68
103863,City Hotel,2024-07-18,2024-10-02,2,0,D,BB,UK,Groups,Confirmed,10,11401.83
103864,City Hotel,2024-07-28,2024-08-07,2,0,A,HB,Germany,Direct,Confirmed,6,9057.18
103865,City Hotel,2024-06-02,2024-07-14,3,0,A,BB,UAE,Direct,Confirmed,7,11330.06
103866,City Hotel,2024-01-10,2024-04-14,1,0,B,BB,USA,Corporate,Cancelled,1,7969.05
103867,City Hotel,2024-12-18,2024-12-29,2,0,D,BB,USA,Direct,Confirmed,10,11118.14
103868,Resort Hotel,2024-06-05,2024-10-01,2,1,B,HB,UAE,Corporate,Checked-Out,1,10455.57
103869,Resort Hotel,2024-09-17,2025-02-08,2,0,E,BB,USA,Direct,Checked-Out,5,11979.51
103870,City Hotel,2024-03-17,2024-07-20,2,0,C,BB,UAE,Online,Confirmed,2,7279.48
103871,City Hotel,2024-09-13,2024-11-30,2,1,E,HB,USA,Direct,Confirmed,10,9113.2
103872,City Hotel,2024-05-10,2024-10-04,1,1,C,BB,Germany,Online,Confirmed,5,4026.36
103873,City Hotel,2024-03-07,2024-08-13,1,0,D,HB,UK,Direct,Checked-Out,5,11425.17
103874,Resort Hotel,2024-08-15,2024-11-13,2,0,D,HB,France,Online,Confirmed,6,6288.1
103875,City Hotel,2024-06-11,2024-06-19,2,1,A,SC,USA,Online,Confirmed,9,11208.02
103876,City Hotel,2024-01-15,2024-06-15,2,2,A,BB,UAE,Offline,Checked-Out,6,3456.77
103877,City Hotel,2024-08-19,2025-01-02,2,0,D,HB,France,Online,Cancelled,10,7394.92
103878,Resort Hotel,2024-07-13,2024-11-01,2,0,A,BB,France,Direct,Confirmed,1,2513.3
103879,City Hotel,2024-12-14,2025-06-08,2,0,A,BB,France,Direct,Checked-Out,5,6452.17
103880,City Hotel,2024-01-30,2024-07-06,2,0,D,BB,USA,Online,Checked-Out,2,3290.25
103881,City Hotel,2024-12-24,2025-02-20,1,2,D,BB,USA,Direct,Confirmed,8,6767.21
103882,Resort Hotel,2024-12-03,2025-02-27,1,0,A,BB,Australia,Offline,Confirmed,7,7780.05
103883,Resort Hotel,2024-11-26,2025-01-20,2,2,B,HB,USA,Online,Confirmed,6,10596.58
103884,City Hotel,2024-11-11,2025-03-13,4,0,B,BB,Canada,Online,Checked-Out,2,5306.61
103885,Resort Hotel,2024-10-22,2025-02-07,2,2,A,BB,USA,Online,Confirmed,3,7884.68
103886,Resort Hotel,2024-11-25,2025-01-12,3,0,E,BB,India,Online,Confirmed,9,3131.34
103887,Resort Hotel,2024-08-07,2024-12-17,2,1,C,BB,UK,Offline,Cancelled,9,11178.3
103888,City Hotel,2024-05-26,2024-11-07,2,2,E,BB,India,Corporate,Cancelled,7,6791.44
103889,City Hotel,2024-09-15,2025-01-29,3,0,A,BB,Australia,Online,Checked-Out,2,4899.61
103890,City Hotel,2024-10-18,2025-02-24,1,0,A,BB,Canada,Online,Checked-Out,7,6900.69
103891,Resort Hotel,2024-10-25,2024-12-11,2,0,D,HB,Germany,Online,Checked-Out,1,7074.31
103892,City Hotel,2024-05-22,2024-05-27,4,0,A,BB,Canada,Corporate,Confirmed,9,9561.32
103893,Resort Hotel,2024-08-22,2025-02-16,2,1,A,HB,India,Online,Checked-Out,9,11758.45
103894,City Hotel,2024-04-24,2024-05-18,1,0,E,SC,India,Corporate,Confirmed,6,4268.36
103895,Resort Hotel,2024-12-30,2025-06-23,1,1,D,BB,India,Direct,Confirmed,10,3017.69
103896,Resort Hotel,2024-03-30,2024-04-17,3,0,B,BB,UK,Online,Cancelled,1,8729.22
103897,City Hotel,2024-07-26,2024-10-18,3,0,B,BB,France,Direct,Checked-Out,8,10903.5
103898,Resort Hotel,2024-06-12,2024-11-15,2,0,A,BB,Germany,Online,Cancelled,6,7867.9
103899,City Hotel,2024-03-24,2024-03-29,2,0,E,HB,Germany,Online,Confirmed,9,3258.76
103900,Resort Hotel,2024-03-17,2024-04-16,3,0,D,BB,Canada,Online,Confirmed,9,6506.86
103901,City Hotel,2024-06-09,2024-06-10,2,1,A,BB,UK,Online,Confirmed,7,8719.96
103902,City Hotel,2024-01-05,2024-03-31,2,1,A,BB,Australia,Offline,Checked-Out,4,5616.45
103903,Resort Hotel,2024-03-18,2024-06-08,2,0,D,BB,Canada,Corporate,Confirmed,1,10526.62
103904,City Hotel,2024-03-31,2024-09-21,2,0,A,BB,India,Groups,Confirmed,3,4634.59
103905,Resort Hotel,2024-03-27,2024-06-04,2,0,E,BB,France,Direct,Checked-Out,6,5962.7
103906,City Hotel,2024-09-26,2024-10-27,3,0,E,BB,Canada,Online,Confirmed,1,11206.11
103907,City Hotel,2024-04-13,2024-07-13,3,0,D,HB,Canada,Online,Confirmed,4,7948.72
103908,City Hotel,2024-12-04,2025-03-07,2,0,C,BB,USA,Offline,Cancelled,8,2559.23
103909,City Hotel,2024-06-23,2024-10-28,2,1,B,FB,Canada,Online,Confirmed,8,4818.2
103910,City Hotel,2024-02-23,2024-07-28,2,0,A,BB,UK,Online,Confirmed,6,9656.5
103911,City Hotel,2024-07-29,2024-08-14,2,0,C,BB,Australia,Online,Cancelled,6,2994.46
103912,City Hotel,2024-04-04,2024-05-28,2,2,A,BB,France,Online,Confirmed,3,11934.03
103913,City Hotel,2024-08-10,2024-12-28,2,0,B,HB,Australia,Online,Checked-Out,7,11030.11
103914,Resort Hotel,2024-01-09,2024-01-29,1,1,A,BB,UK,Online,Checked-Out,8,4626.35
103915,Resort Hotel,2024-02-22,2024-05-14,2,0,A,BB,UK,Online,Checked-Out,2,11007.3
103916,City Hotel,2024-03-17,2024-08-26,2,0,A,BB,USA,Online,Confirmed,5,9145.0
103917,Resort Hotel,2024-07-24,2024-12-22,2,0,D,SC,Australia,Direct,Confirmed,6,6540.83
103918,City Hotel,2024-11-11,2025-02-28,2,0,A,FB,France,Direct,Confirmed,1,4363.12
103919,Resort Hotel,2024-10-28,2025-04-01,2,0,A,BB,Australia,Direct,Confirmed,5,4402.01
103920,Resort Hotel,2024-11-05,2025-02-26,3,0,A,BB,Canada,Online,Confirmed,3,8143.71
103921,Resort Hotel,2024-11-25,2024-12-12,3,0,A,BB,Australia,Direct,Confirmed,3,6452.58
103922,City Hotel,2024-04-21,2024-10-14,2,0,D,BB,UAE,Online,Confirmed,6,8154.46
103923,Resort Hotel,2024-12-16,2025-05-14,1,0,B,HB,India,Offline,Checked-Out,1,5637.43
103924,City Hotel,2024-06-13,2024-12-08,2,1,A,HB,Australia,Direct,Confirmed,5,4685.71
103925,Resort Hotel,2024-10-05,2025-03-22,2,1,A,BB,France,Online,Checked-Out,5,10447.28
103926,City Hotel,2024-01-27,2024-06-01,1,0,E,FB,Canada,Online,Confirmed,5,11240.41
103927,City Hotel,2024-03-10,2024-03-13,4,2,B,BB,France,Corporate,Checked-Out,3,9199.94
103928,Resort Hotel,2024-08-05,2024-08-22,2,0,A,BB,UAE,Online,Cancelled,6,4035.09
103929,Resort Hotel,2024-12-30,2025-02-18,2,0,A,BB,UAE,Online,Confirmed,1,3376.95
103930,City Hotel,2024-07-07,2024-11-06,2,0,A,BB,India,Online,Confirmed,10,7621.3
103931,Resort Hotel,2024-11-28,2025-02-26,1,1,A,BB,USA,Online,Cancelled,1,7728.35
103932,City Hotel,2024-11-01,2025-01-27,1,1,D,HB,France,Online,Confirmed,2,8572.8
103933,City Hotel,2024-05-03,2024-05-09,2,0,A,BB,Australia,Online,Confirmed,4,11108.67
103934,City Hotel,2024-01-19,2024-06-23,2,0,D,BB,Australia,Offline,Confirmed,10,8644.54
103935,City Hotel,2024-09-13,2024-11-07,2,0,B,FB,India,Online,Confirmed,9,11203.39
103936,City Hotel,2024-10-22,2025-04-13,4,0,A,SC,UK,Corporate,Cancelled,10,3618.13
103937,City Hotel,2024-01-22,2024-06-17,2,0,D,HB,UK,Direct,Confirmed,8,9237.85
103938,City Hotel,2024-02-09,2024-05-21,1,0,A,HB,Canada,Online,Checked-Out,10,11310.69
103939,City Hotel,2024-02-07,2024-03-07,2,0,C,HB,India,Groups,Confirmed,2,6896.65
103940,City Hotel,2024-02-17,2024-07-17,2,0,D,HB,UK,Corporate,Checked-Out,1,11691.44
103941,Resort Hotel,2024-07-01,2024-10-20,2,1,E,BB,France,Online,Confirmed,4,7748.88
103942,Resort Hotel,2024-03-15,2024-08-22,1,0,A,BB,India,Direct,Cancelled,5,11458.25
103943,City Hotel,2024-07-27,2024-08-06,2,0,A,BB,Australia,Offline,Confirmed,2,9610.92
103944,City Hotel,2024-07-01,2024-09-30,1,0,B,BB,Canada,Groups,Checked-Out,10,6848.73
103945,City Hotel,2024-04-16,2024-10-10,2,2,A,BB,Canada,Corporate,Confirmed,6,2825.77
103946,City Hotel,2024-07-06,2024-08-04,2,0,B,HB,UAE,Corporate,Checked-Out,8,8745.22
103947,Resort Hotel,2024-09-20,2024-11-04,1,0,A,BB,France,Online,Confirmed,5,4915.65
103948,City Hotel,2024-03-26,2024-05-16,2,0,B,BB,Germany,Groups,Confirmed,4,5242.22
103949,City Hotel,2024-11-19,2025-02-28,2,0,A,BB,USA,Online,Confirmed,7,2687.95
103950,City Hotel,2024-11-26,2025-04-03,2,0,D,BB,Australia,Online,Checked-Out,5,7797.7
103951,City Hotel,2024-05-16,2024-05-27,2,0,C,FB,Australia,Groups,Confirmed,8,5248.3
103952,Resort Hotel,2024-12-11,2025-03-03,2,0,A,HB,USA,Online,Cancelled,7,11832.69
103953,Resort Hotel,2024-12-01,2025-04-08,4,0,D,FB,USA,Direct,Confirmed,5,9615.57
103954,City Hotel,2024-04-04,2024-04-10,1,0,A,BB,India,Online,Confirmed,8,5896.13
103955,City Hotel,2024-11-21,2025-01-27,4,0,A,BB,Germany,Offline,Checked-Out,1,5297.26
103956,Resort Hotel,2024-09-01,2024-11-02,1,2,A,HB,UAE,Online,Confirmed,8,9292.25
103957,Resort Hotel,2024-03-30,2024-08-10,2,1,D,BB,USA,Direct,Confirmed,3,4914.97
103958,City Hotel,2024-02-28,2024-07-14,2,0,A,BB,France,Online,Confirmed,1,6756.06
103959,City Hotel,2024-01-28,2024-02-25,1,0,A,BB,Australia,Online,Confirmed,9,4023.66
103960,City Hotel,2024-03-12,2024-04-19,1,1,E,SC,USA,Offline,Confirmed,6,4914.03
103961,City Hotel,2024-09-26,2024-11-08,2,1,A,FB,Germany,Online,Confirmed,8,3434.66
103962,City Hotel,2024-01-24,2024-05-20,4,1,E,BB,France,Online,Confirmed,10,6557.9
103963,City Hotel,2024-04-21,2024-09-17,2,0,A,BB,France,Online,Confirmed,4,11304.44
103964,City Hotel,2024-10-26,2024-12-11,2,0,D,HB,India,Online,Confirmed,2,3458.17
103965,City Hotel,2024-02-25,2024-08-09,3,2,C,BB,UAE,Direct,Confirmed,6,6654.64
103966,Resort Hotel,2024-08-10,2024-09-28,3,2,D,BB,India,Online,Confirmed,2,5334.06
103967,City Hotel,2024-04-29,2024-06-07,2,0,E,BB,UK,Online,Confirmed,1,5948.16
103968,City Hotel,2024-06-27,2024-09-06,2,2,D,BB,Germany,Online,Cancelled,7,9829.12
103969,City Hotel,2024-10-14,2025-02-18,1,1,A,BB,Canada,Groups,Confirmed,7,6632.91
103970,City Hotel,2024-10-07,2025-03-14,2,0,D,BB,France,Direct,Checked-Out,6,8678.74
103971,Resort Hotel,2024-07-07,2024-12-03,2,0,C,SC,Germany,Direct,Confirmed,2,11735.88
103972,City Hotel,2024-03-06,2024-03-07,1,0,A,BB,USA,Online,Confirmed,5,8356.38
103973,City Hotel,2024-10-24,2025-04-02,1,0,E,BB,Canada,Direct,Confirmed,1,5705.19
103974,Resort Hotel,2024-09-05,2025-01-19,3,2,B,HB,Australia,Groups,Confirmed,2,6277.73
103975,City Hotel,2024-03-16,2024-05-24,3,0,A,BB,USA,Direct,Confirmed,5,9111.14
103976,Resort Hotel,2024-05-16,2024-06-15,1,1,A,SC,Australia,Online,Checked-Out,5,9096.17
103977,City Hotel,2024-06-12,2024-10-05,2,1,B,BB,UAE,Groups,Confirmed,7,5996.98
103978,City Hotel,2024-08-20,2024-08-28,1,0,B,SC,UK,Direct,Confirmed,5,9382.44
103979,City Hotel,2024-09-11,2025-01-02,2,0,B,BB,UAE,Online,Confirmed,6,7730.47
103980,City Hotel,2024-10-20,2024-11-08,2,0,A,FB,UAE,Direct,Checked-Out,2,11813.99
103981,Resort Hotel,2024-06-18,2024-08-16,3,0,B,HB,France,Online,Confirmed,5,11126.87
103982,Resort Hotel,2024-11-12,2025-04-19,1,0,E,SC,Australia,Online,Confirmed,8,10326.6
103983,City Hotel,2024-06-22,2024-09-09,2,0,A,HB,UAE,Offline,Confirmed,1,2826.18
103984,City Hotel,2024-12-10,2025-01-15,1,0,B,HB,France,Online,Cancelled,10,6114.13
103985,Resort Hotel,2024-01-18,2024-03-13,4,0,A,HB,Australia,Corporate,Cancelled,7,7946.27
103986,Resort Hotel,2024-03-10,2024-04-23,3,0,A,HB,UK,Groups,Confirmed,8,7455.35
103987,City Hotel,2024-12-03,2025-05-07,3,0,B,FB,USA,Direct,Checked-Out,5,9753.87
103988,City Hotel,2024-04-25,2024-07-11,2,2,A,BB,France,Corporate,Cancelled,4,11136.3
103989,City Hotel,2024-03-20,2024-06-06,2,0,C,BB,Canada,Groups,Checked-Out,1,9977.86
103990,Resort Hotel,2024-01-15,2024-04-25,2,1,C,BB,UAE,Direct,Cancelled,9,4591.91
103991,City Hotel,2024-06-24,2024-12-17,2,2,A,BB,Australia,Online,Confirmed,2,7113.32
103992,City Hotel,2024-09-25,2024-10-25,3,1,A,FB,Germany,Groups,Confirmed,5,6239.31
103993,Resort Hotel,2024-04-28,2024-06-06,2,0,E,BB,France,Online,Cancelled,7,9778.91
103994,City Hotel,2024-10-25,2024-11-07,2,1,A,BB,Australia,Online,Confirmed,8,11003.68
103995,City Hotel,2024-07-06,2024-11-05,2,0,B,HB,UAE,Online,Cancelled,10,5224.86
103996,City Hotel,2024-02-26,2024-07-19,2,0,E,FB,Australia,Corporate,Checked-Out,4,7144.64
103997,City Hotel,2024-07-17,2025-01-05,2,1,E,HB,USA,Offline,Confirmed,10,9453.22
103998,City Hotel,2024-01-17,2024-05-08,2,0,B,BB,France,Online,Checked-Out,1,2974.55
103999,City Hotel,2024-10-14,2025-03-18,1,2,A,SC,France,Online,Confirmed,7,11649.18
104000,City Hotel,2024-02-24,2024-04-09,2,0,A,BB,India,Online,Confirmed,10,10099.66
104001,City Hotel,2024-09-25,2025-01-22,3,0,A,HB,Australia,Direct,Cancelled,9,7656.28
104002,Resort Hotel,2024-10-29,2024-12-03,2,0,C,BB,UAE,Online,Confirmed,1,9897.18
104003,Resort Hotel,2024-03-27,2024-08-30,2,1,A,BB,UAE,Direct,Checked-Out,1,10445.4
104004,City Hotel,2024-11-13,2024-11-20,1,0,D,FB,France,Direct,Confirmed,7,7191.44
104005,City Hotel,2024-01-29,2024-05-18,2,0,B,HB,Australia,Corporate,Checked-Out,9,6680.68
104006,City Hotel,2024-01-22,2024-05-15,3,0,A,BB,UK,Direct,Confirmed,5,10458.18
104007,City Hotel,2024-11-16,2025-01-06,2,0,A,HB,UK,Online,Confirmed,4,10666.88
104008,City Hotel,2024-10-11,2024-11-26,2,0,B,BB,Germany,Corporate,Confirmed,6,3674.46
104009,Resort Hotel,2024-02-17,2024-03-08,4,0,A,BB,France,Online,Confirmed,9,11124.5
104010,City Hotel,2024-01-05,2024-04-10,3,0,C,HB,Germany,Online,Cancelled,2,5129.54
104011,City Hotel,2024-09-06,2024-10-14,2,0,E,HB,USA,Online,Confirmed,5,8838.09
104012,City Hotel,2024-06-11,2024-09-23,2,0,E,FB,Australia,Online,Checked-Out,4,9238.45
104013,Resort Hotel,2024-07-20,2024-08-21,2,1,C,BB,USA,Online,Confirmed,3,5157.37
104014,City Hotel,2024-04-10,2024-09-11,3,0,D,HB,India,Online,Confirmed,5,5389.67
104015,City Hotel,2024-03-11,2024-05-08,2,0,B,BB,India,Online,Confirmed,7,9209.86
104016,City Hotel,2024-06-11,2024-11-25,2,0,B,BB,UAE,Online,Cancelled,3,4163.22
104017,Resort Hotel,2024-06-21,2024-11-16,1,0,C,BB,France,Online,Checked-Out,3,10654.93
104018,Resort Hotel,2024-05-20,2024-08-10,2,0,A,SC,France,Online,Confirmed,6,4617.51
104019,City Hotel,2024-05-17,2024-07-06,3,0,A,BB,UAE,Direct,Confirmed,5,5836.14
104020,City Hotel,2024-03-06,2024-04-27,3,0,C,BB,Germany,Corporate,Cancelled,3,5033.26
104021,City Hotel,2024-07-16,2024-10-10,1,0,E,HB,UAE,Online,Confirmed,1,4830.33
104022,City Hotel,2024-11-23,2025-03-18,2,0,B,BB,Germany,Direct,Confirmed,10,11799.23
104023,Resort Hotel,2024-08-15,2025-01-12,2,0,B,FB,France,Direct,Cancelled,2,4906.58
104024,Resort Hotel,2024-10-07,2024-11-29,3,0,B,BB,Canada,Offline,Confirmed,3,7994.13
104025,Resort Hotel,2024-06-20,2024-08-25,3,1,B,HB,UAE,Online,Confirmed,4,9581.12
104026,Resort Hotel,2024-11-11,2025-03-08,4,0,A,BB,France,Online,Checked-Out,5,2898.76
104027,City Hotel,2024-02-09,2024-03-23,4,0,E,BB,India,Direct,Confirmed,10,10874.93
104028,City Hotel,2024-01-07,2024-03-29,2,1,B,FB,India,Direct,Confirmed,9,3952.45
104029,Resort Hotel,2024-06-22,2024-11-20,3,0,A,HB,India,Online,Confirmed,4,8086.62
104030,City Hotel,2024-05-30,2024-08-02,2,1,C,BB,France,Groups,Confirmed,9,8590.72
104031,Resort Hotel,2024-07-29,2024-12-13,2,0,A,BB,UAE,Groups,Cancelled,5,8480.88
104032,City Hotel,2024-10-28,2025-02-18,2,1,C,BB,Germany,Direct,Cancelled,3,9467.74
104033,City Hotel,2024-03-26,2024-08-08,1,0,B,BB,UK,Online,Confirmed,7,11346.76
104034,Resort Hotel,2024-09-09,2025-02-25,3,0,C,BB,UK,Corporate,Cancelled,8,11305.44
104035,City Hotel,2024-01-21,2024-03-15,2,0,A,BB,Germany,Direct,Confirmed,9,7991.74
104036,Resort Hotel,2024-09-13,2024-11-17,3,1,A,BB,Germany,Groups,Cancelled,9,6014.23
104037,Resort Hotel,2024-02-02,2024-02-04,2,0,A,BB,UAE,Corporate,Cancelled,6,5554.29
104038,Resort Hotel,2024-09-16,2025-01-26,2,1,C,BB,Canada,Online,Confirmed,9,10923.53
104039,Resort Hotel,2024-08-21,2024-11-07,2,0,A,BB,Germany,Online,Confirmed,3,10604.72
104040,City Hotel,2024-01-03,2024-02-04,2,0,A,HB,India,Corporate,Checked-Out,2,5310.31
104041,Resort Hotel,2024-12-12,2025-03-22,2,0,E,HB,USA,Offline,Cancelled,5,3947.32
104042,City Hotel,2024-11-03,2025-03-13,2,0,A,BB,Canada,Offline,Checked-Out,7,10680.85
104043,City Hotel,2024-08-14,2024-11-26,3,0,D,BB,France,Groups,Confirmed,7,8279.32
104044,City Hotel,2024-10-10,2025-03-01,2,1,D,BB,India,Direct,Confirmed,6,5474.82
104045,City Hotel,2024-03-10,2024-08-05,1,2,D,HB,UK,Online,Confirmed,3,8301.16
104046,City Hotel,2024-11-08,2025-02-05,3,0,E,HB,France,Direct,Confirmed,6,3128.87
104047,City Hotel,2024-12-29,2025-02-16,1,2,B,BB,Germany,Online,Cancelled,1,4306.3
104048,City Hotel,2024-09-10,2025-01-24,2,0,C,SC,UAE,Groups,Checked-Out,3,7684.99
104049,Resort Hotel,2024-05-23,2024-11-13,2,0,B,BB,Australia,Corporate,Confirmed,2,7622.1
104050,City Hotel,2024-01-24,2024-06-21,1,1,A,HB,Canada,Groups,Confirmed,4,4843.35
104051,Resort Hotel,2024-08-21,2024-11-16,2,1,A,BB,Canada,Online,Confirmed,8,11829.84
104052,Resort Hotel,2024-11-28,2025-05-07,2,0,A,BB,UK,Online,Confirmed,3,6418.15
104053,Resort Hotel,2024-06-23,2024-07-01,2,0,A,BB,Germany,Direct,Confirmed,6,9231.11
104054,City Hotel,2024-11-27,2025-03-08,2,1,C,HB,Australia,Online,Checked-Out,10,4955.34
104055,Resort Hotel,2024-11-20,2024-12-06,2,0,E,BB,Germany,Direct,Checked-Out,1,6532.54
104056,City Hotel,2024-12-22,2025-01-31,2,0,D,HB,Germany,Direct,Confirmed,4,10396.61
104057,Resort Hotel,2024-06-07,2024-09-21,4,0,A,HB,France,Corporate,Cancelled,5,10561.68
104058,City Hotel,2024-12-13,2025-01-09,1,2,A,BB,UK,Online,Confirmed,5,3784.96
104059,Resort Hotel,2024-12-13,2025-03-27,2,1,C,HB,UK,Offline,Confirmed,1,5869.36
104060,Resort Hotel,2024-10-12,2025-01-25,3,1,A,BB,Germany,Direct,Confirmed,9,4429.93
104061,City Hotel,2024-01-18,2024-06-12,3,0,D,BB,UAE,Groups,Confirmed,5,10957.55
104062,City Hotel,2024-02-13,2024-03-19,3,0,C,HB,India,Online,Checked-Out,9,9661.68
104063,Resort Hotel,2024-06-03,2024-09-24,4,0,B,HB,UAE,Online,Cancelled,7,7851.46
104064,City Hotel,2024-12-20,2025-02-10,2,2,A,BB,UAE,Offline,Confirmed,5,8675.8
104065,Resort Hotel,2024-08-18,2025-01-08,2,0,A,BB,USA,Online,Checked-Out,9,11184.47
104066,City Hotel,2024-11-11,2025-01-03,1,0,A,BB,Australia,Online,Confirmed,5,5381.12
104067,City Hotel,2024-08-12,2024-11-11,2,1,B,BB,India,Groups,Cancelled,10,2629.91
104068,Resort Hotel,2024-08-04,2024-10-24,2,0,E,SC,France,Online,Cancelled,9,2750.38
104069,Resort Hotel,2024-02-25,2024-06-08,2,2,A,BB,UAE,Online,Confirmed,5,2943.53
104070,Resort Hotel,2024-01-31,2024-04-06,3,0,A,SC,Australia,Online,Confirmed,1,3720.57
104071,City Hotel,2024-12-22,2025-04-14,1,0,B,SC,USA,Online,Checked-Out,7,7923.31
104072,Resort Hotel,2024-02-28,2024-03-30,2,0,A,BB,India,Direct,Confirmed,5,11820.32
104073,City Hotel,2024-12-18,2025-02-17,2,1,D,BB,UAE,Online,Confirmed,5,6489.21
104074,City Hotel,2024-08-22,2024-12-01,2,1,A,HB,Australia,Corporate,Cancelled,6,9267.96
104075,Resort Hotel,2024-04-16,2024-07-30,3,0,E,BB,Canada,Online,Cancelled,6,10025.68
104076,City Hotel,2024-07-09,2024-10-15,4,0,E,BB,UK,Offline,Checked-Out,7,10113.27
104077,City Hotel,2024-01-18,2024-02-21,3,1,D,BB,India,Online,Checked-Out,8,6711.31
104078,City Hotel,2024-08-13,2024-10-11,2,0,A,BB,UAE,Corporate,Cancelled,1,7724.49
104079,Resort Hotel,2024-06-15,2024-06-18,3,0,A,BB,Germany,Groups,Confirmed,10,5623.16
104080,City Hotel,2024-03-11,2024-03-28,1,0,D,BB,France,Corporate,Checked-Out,3,9034.68
104081,Resort Hotel,2024-12-27,2025-03-15,3,1,D,HB,India,Online,Confirmed,6,6137.24
104082,City Hotel,2024-02-23,2024-04-09,1,0,C,SC,Australia,Online,Confirmed,1,5455.1
104083,City Hotel,2024-09-01,2025-02-14,2,0,A,BB,India,Online,Confirmed,5,8459.38
104084,Resort Hotel,2024-12-15,2025-01-19,4,2,A,BB,Australia,Direct,Confirmed,5,5741.93
104085,City Hotel,2024-03-16,2024-07-23,2,0,E,BB,UAE,Online,Confirmed,10,6375.99
104086,City Hotel,2024-02-04,2024-05-26,3,0,A,BB,USA,Offline,Confirmed,9,9253.3
104087,City Hotel,2024-09-23,2025-02-27,2,0,A,HB,Germany,Groups,Confirmed,2,10606.68
104088,City Hotel,2024-11-12,2025-03-24,3,2,A,HB,UAE,Online,Confirmed,7,6630.62
104089,Resort Hotel,2024-10-26,2024-12-26,4,0,C,BB,Canada,Online,Confirmed,9,7460.9
104090,City Hotel,2024-04-30,2024-08-05,2,0,A,HB,USA,Groups,Confirmed,8,9590.63
104091,Resort Hotel,2024-11-19,2025-04-13,2,0,B,HB,Canada,Online,Checked-Out,1,4637.01
104092,City Hotel,2024-01-25,2024-06-29,2,0,A,BB,UAE,Direct,Checked-Out,1,6442.55
104093,City Hotel,2024-06-08,2024-12-03,3,2,A,HB,France,Corporate,Confirmed,2,10208.84
104094,Resort Hotel,2024-03-24,2024-06-22,2,0,C,BB,UAE,Online,Cancelled,1,10997.59
104095,City Hotel,2024-04-23,2024-09-06,2,0,A,HB,France,Groups,Checked-Out,8,8626.59
104096,City Hotel,2024-08-10,2025-01-19,2,0,A,BB,Australia,Corporate,Confirmed,7,6237.26
104097,City Hotel,2024-06-14,2024-08-12,2,0,B,BB,Germany,Online,Checked-Out,6,8256.27
104098,City Hotel,2024-07-09,2024-07-27,1,1,A,HB,USA,Online,Checked-Out,2,4199.0
104099,City Hotel,2024-06-23,2024-09-26,2,0,A,HB,Germany,Groups,Confirmed,9,2778.31
104100,City Hotel,2024-01-01,2024-06-04,3,0,E,HB,UAE,Corporate,Confirmed,1,3208.84
104101,City Hotel,2024-08-16,2024-09-01,2,1,E,BB,USA,Online,Checked-Out,1,3527.64
104102,City Hotel,2024-03-26,2024-04-05,2,0,A,HB,Australia,Online,Confirmed,2,4643.77
104103,City Hotel,2024-03-02,2024-06-14,2,0,A,BB,Australia,Online,Confirmed,7,6886.39
104104,City Hotel,2024-11-15,2025-01-30,2,2,A,HB,Australia,Groups,Confirmed,10,4706.93
104105,City Hotel,2024-07-24,2024-12-21,3,0,D,HB,UK,Direct,Confirmed,1,8057.8
104106,Resort Hotel,2024-04-14,2024-04-30,2,0,B,BB,Germany,Online,Checked-Out,3,11983.85
104107,Resort Hotel,2024-11-13,2024-11-25,1,1,A,BB,UAE,Groups,Confirmed,10,7232.72
104108,City Hotel,2024-10-17,2024-12-31,1,2,D,FB,Canada,Direct,Confirmed,8,9690.13
104109,Resort Hotel,2024-09-06,2025-03-04,3,0,B,HB,France,Direct,Checked-Out,7,5277.81
104110,City Hotel,2024-01-13,2024-05-21,4,0,A,SC,USA,Groups,Checked-Out,8,11647.36
104111,City Hotel,2024-06-11,2024-07-08,2,1,A,BB,UK,Online,Checked-Out,6,4866.5
104112,City Hotel,2024-02-12,2024-02-24,1,0,A,HB,France,Groups,Confirmed,8,8167.99
104113,City Hotel,2024-04-20,2024-05-20,2,0,E,HB,USA,Online,Checked-Out,5,11841.64
104114,City Hotel,2024-07-23,2024-08-01,3,1,C,HB,UK,Online,Confirmed,9,10178.33
104115,City Hotel,2024-09-12,2024-11-04,2,0,A,HB,France,Online,Checked-Out,10,11924.32
104116,City Hotel,2024-11-02,2024-12-26,4,0,B,BB,France,Groups,Confirmed,1,6107.51
104117,Resort Hotel,2024-05-23,2024-11-04,3,0,B,BB,UK,Direct,Checked-Out,7,3237.5
104118,City Hotel,2024-05-25,2024-11-11,3,0,A,BB,France,Online,Cancelled,6,4813.16
104119,City Hotel,2024-10-27,2024-12-15,2,0,A,BB,USA,Online,Confirmed,8,11597.33
104120,Resort Hotel,2024-06-12,2024-06-16,2,0,B,BB,Canada,Online,Confirmed,2,6020.49
104121,City Hotel,2024-06-17,2024-09-04,3,1,A,BB,USA,Direct,Checked-Out,1,3685.35
104122,City Hotel,2024-10-24,2025-04-21,2,1,A,BB,France,Direct,Checked-Out,1,8134.5
104123,Resort Hotel,2024-08-20,2024-11-19,2,0,A,BB,India,Offline,Confirmed,2,7254.02
104124,Resort Hotel,2024-09-27,2024-12-15,2,0,A,HB,Australia,Offline,Confirmed,5,3093.46
104125,Resort Hotel,2024-02-29,2024-08-06,2,1,B,BB,UK,Direct,Checked-Out,7,6802.98
104126,Resort Hotel,2024-10-22,2025-02-02,2,0,A,BB,India,Direct,Confirmed,9,8512.25
104127,Resort Hotel,2024-08-22,2024-12-11,2,0,B,HB,USA,Online,Confirmed,4,4710.54
104128,Resort Hotel,2024-06-13,2024-08-10,1,1,A,BB,France,Groups,Cancelled,9,3682.19
104129,City Hotel,2024-07-12,2024-10-02,2,0,C,HB,Germany,Online,Confirmed,3,10715.57
104130,City Hotel,2024-08-21,2024-12-31,2,0,A,BB,Canada,Online,Confirmed,6,8441.76
104131,City Hotel,2024-07-01,2024-07-23,2,2,B,FB,Germany,Direct,Confirmed,9,3974.94
104132,City Hotel,2024-11-28,2025-04-08,2,0,B,BB,Australia,Groups,Checked-Out,1,8476.53
104133,Resort Hotel,2024-08-19,2024-11-06,3,0,C,BB,India,Direct,Confirmed,4,9484.93
104134,City Hotel,2024-12-26,2025-04-04,3,0,C,BB,UAE,Offline,Confirmed,5,8176.52
104135,City Hotel,2024-04-16,2024-10-08,3,0,A,BB,India,Online,Confirmed,6,3603.49
104136,City Hotel,2024-08-10,2024-09-17,3,1,E,HB,UAE,Direct,Confirmed,8,3685.08
104137,Resort Hotel,2024-03-20,2024-08-28,2,1,D,HB,India,Online,Confirmed,2,2928.88
104138,City Hotel,2024-08-21,2025-02-13,1,0,B,HB,USA,Corporate,Confirmed,6,4723.04
104139,Resort Hotel,2024-07-02,2024-10-27,2,0,D,BB,Australia,Online,Confirmed,7,3066.67
104140,City Hotel,2024-07-03,2024-07-29,2,2,A,FB,Canada,Online,Confirmed,6,10150.38
104141,City Hotel,2024-05-13,2024-09-26,2,0,A,BB,Australia,Online,Confirmed,4,2646.35
104142,City Hotel,2024-08-07,2024-09-26,2,0,C,BB,USA,Online,Cancelled,6,8019.66
104143,City Hotel,2024-10-14,2024-11-21,3,0,E,BB,Australia,Online,Checked-Out,4,10193.42
104144,Resort Hotel,2024-12-29,2025-05-16,2,0,A,HB,Canada,Online,Cancelled,9,11001.2
104145,Resort Hotel,2024-07-20,2024-08-31,2,0,B,FB,France,Online,Checked-Out,1,6389.82
104146,City Hotel,2024-05-25,2024-07-01,4,0,D,BB,USA,Online,Checked-Out,9,8398.78
104147,City Hotel,2024-11-19,2025-04-22,3,1,E,FB,UAE,Online,Confirmed,4,11536.09
104148,City Hotel,2024-05-06,2024-09-23,1,0,A,HB,UAE,Online,Confirmed,3,8880.3
104149,Resort Hotel,2024-05-14,2024-07-02,3,0,A,BB,France,Online,Cancelled,5,11060.38
104150,Resort Hotel,2024-04-23,2024-09-12,2,0,A,HB,France,Online,Confirmed,3,9000.77
104151,City Hotel,2024-09-20,2024-11-05,3,0,B,BB,India,Direct,Cancelled,1,3145.97
104152,City Hotel,2024-03-04,2024-08-14,2,0,E,FB,Germany,Offline,Cancelled,8,4370.39
104153,Resort Hotel,2024-05-14,2024-06-12,2,0,B,HB,Canada,Direct,Checked-Out,9,11434.28
104154,City Hotel,2024-02-10,2024-02-22,3,0,E,BB,India,Online,Checked-Out,6,10520.55
104155,City Hotel,2024-10-22,2025-02-15,2,0,C,FB,USA,Corporate,Confirmed,2,6515.86
104156,City Hotel,2024-01-03,2024-03-25,2,0,B,BB,UK,Online,Confirmed,6,4030.69
104157,City Hotel,2024-07-12,2024-08-25,2,2,A,FB,USA,Corporate,Confirmed,6,3993.12
104158,Resort Hotel,2024-04-19,2024-04-21,2,0,A,BB,Canada,Online,Confirmed,6,11096.19
104159,Resort Hotel,2024-08-08,2024-08-25,4,0,A,HB,Germany,Direct,Cancelled,10,4078.97
104160,City Hotel,2024-01-04,2024-05-21,2,0,A,HB,USA,Direct,Confirmed,9,6169.66
104161,City Hotel,2024-08-31,2024-09-18,1,0,A,HB,Germany,Groups,Checked-Out,4,11057.64
104162,City Hotel,2024-06-14,2024-07-06,2,1,A,BB,UK,Online,Confirmed,2,2817.61
104163,City Hotel,2024-01-26,2024-04-18,2,0,A,FB,UAE,Groups,Confirmed,8,8492.04
104164,City Hotel,2024-01-17,2024-03-15,1,1,B,BB,UK,Direct,Checked-Out,6,5830.66
104165,City Hotel,2024-08-03,2024-09-25,2,0,A,BB,Australia,Groups,Cancelled,10,3523.94
104166,City Hotel,2024-04-01,2024-04-02,4,1,C,BB,France,Direct,Confirmed,1,7891.48
104167,City Hotel,2024-01-31,2024-04-01,2,0,B,HB,Canada,Direct,Cancelled,6,7106.56
104168,City Hotel,2024-07-23,2024-12-29,2,0,C,BB,USA,Corporate,Confirmed,2,3442.41
104169,City Hotel,2024-07-25,2024-08-25,2,0,C,BB,France,Offline,Checked-Out,4,5038.51
104170,City Hotel,2024-04-16,2024-06-21,1,0,C,FB,India,Online,Confirmed,2,9533.38
104171,City Hotel,2024-05-25,2024-10-19,1,0,E,FB,Canada,Direct,Confirmed,4,9680.58
104172,Resort Hotel,2024-04-10,2024-06-02,3,0,A,BB,India,Direct,Confirmed,7,8187.49
104173,City Hotel,2024-11-13,2025-02-16,4,0,A,BB,India,Online,Checked-Out,8,3549.63
104174,City Hotel,2024-08-28,2025-01-25,2,0,A,BB,Australia,Offline,Confirmed,3,10604.37
104175,Resort Hotel,2024-09-03,2024-09-26,2,0,B,FB,India,Online,Checked-Out,1,4140.69
104176,Resort Hotel,2024-06-11,2024-11-01,4,0,A,FB,India,Online,Cancelled,10,9348.91
104177,City Hotel,2024-06-21,2024-11-22,2,0,B,FB,UAE,Corporate,Confirmed,1,2904.55
104178,Resort Hotel,2024-02-04,2024-06-14,2,0,A,HB,USA,Direct,Confirmed,10,5652.38
104179,City Hotel,2024-10-10,2025-01-05,3,0,B,BB,UAE,Online,Checked-Out,7,7044.44
104180,City Hotel,2024-12-24,2025-05-21,3,0,B,BB,France,Direct,Cancelled,1,2765.66
104181,City Hotel,2024-12-23,2025-04-27,2,1,A,BB,France,Corporate,Confirmed,3,4129.76
104182,Resort Hotel,2024-01-21,2024-05-09,2,0,B,BB,Germany,Online,Confirmed,5,5529.65
104183,Resort Hotel,2024-11-03,2024-12-13,1,0,D,SC,India,Direct,Cancelled,5,11833.82
104184,City Hotel,2024-06-11,2024-10-10,2,0,C,BB,UK,Offline,Confirmed,4,9905.02
104185,City Hotel,2024-04-06,2024-05-15,3,0,A,SC,Germany,Online,Cancelled,8,10486.62
104186,City Hotel,2024-11-02,2025-03-02,2,0,D,FB,Germany,Direct,Cancelled,3,8841.41
104187,City Hotel,2024-12-04,2024-12-22,2,0,A,FB,USA,Online,Confirmed,8,5277.75
104188,City Hotel,2024-02-24,2024-08-11,2,0,A,HB,Germany,Offline,Checked-Out,6,9239.76
104189,Resort Hotel,2024-11-28,2025-05-02,2,0,A,BB,UK,Corporate,Checked-Out,4,8900.54
104190,Resort Hotel,2024-05-06,2024-09-26,1,0,E,BB,France,Online,Confirmed,10,8294.54
104191,Resort Hotel,2024-07-11,2024-08-17,3,0,A,HB,Germany,Online,Confirmed,3,5334.05
104192,Resort Hotel,2024-08-30,2024-09-04,2,0,A,BB,UAE,Direct,Cancelled,10,5000.54
104193,City Hotel,2024-12-14,2025-02-25,2,0,E,BB,USA,Direct,Confirmed,10,5694.84
104194,Resort Hotel,2024-03-28,2024-08-10,2,0,B,HB,Canada,Offline,Checked-Out,2,5467.77
104195,City Hotel,2024-12-01,2025-01-11,3,1,C,FB,India,Online,Confirmed,6,3239.41
104196,City Hotel,2024-08-02,2024-08-12,2,1,A,FB,UAE,Online,Checked-Out,1,10121.64
104197,City Hotel,2024-04-01,2024-09-02,2,0,A,BB,UK,Online,Cancelled,10,6007.94
104198,City Hotel,2024-10-29,2025-01-05,2,0,E,SC,India,Online,Confirmed,8,9213.05
104199,City Hotel,2024-08-22,2024-09-15,2,0,B,HB,Australia,Online,Confirmed,5,5159.28
104200,City Hotel,2024-07-02,2024-09-18,3,0,D,HB,Germany,Groups,Confirmed,7,8219.15
104201,Resort Hotel,2024-02-07,2024-07-25,2,2,E,BB,France,Online,Checked-Out,7,2829.4
104202,City Hotel,2024-05-18,2024-10-10,3,0,C,HB,USA,Direct,Checked-Out,10,3507.36
104203,City Hotel,2024-07-13,2024-10-30,3,1,A,HB,Canada,Online,Cancelled,6,5963.03
104204,Resort Hotel,2024-01-15,2024-02-08,4,0,A,HB,UK,Direct,Confirmed,5,5053.0
104205,City Hotel,2024-09-13,2025-02-15,2,1,A,BB,France,Groups,Confirmed,2,5857.33
104206,City Hotel,2024-05-14,2024-05-21,2,0,A,FB,UK,Direct,Confirmed,3,11341.58
104207,City Hotel,2024-01-01,2024-03-14,2,0,E,SC,USA,Online,Confirmed,3,3202.06
104208,City Hotel,2024-02-18,2024-06-04,1,0,B,FB,UAE,Online,Confirmed,5,6895.94
104209,City Hotel,2024-04-05,2024-07-13,3,1,E,BB,USA,Offline,Confirmed,2,4383.44
104210,City Hotel,2024-07-19,2024-11-18,3,0,D,BB,Germany,Groups,Checked-Out,1,5880.47
104211,City Hotel,2024-01-26,2024-02-07,2,1,E,BB,UK,Online,Confirmed,4,8931.83
104212,City Hotel,2024-12-08,2025-03-03,2,0,E,HB,Australia,Corporate,Cancelled,10,11742.92
104213,City Hotel,2024-08-22,2024-08-25,1,0,C,FB,Australia,Direct,Confirmed,3,9099.91
104214,City Hotel,2024-12-14,2025-03-03,2,2,D,BB,Germany,Corporate,Checked-Out,3,10906.02
104215,City Hotel,2024-08-31,2024-11-24,3,1,C,SC,UK,Groups,Cancelled,10,3898.96
104216,Resort Hotel,2024-12-23,2025-01-02,2,1,C,HB,UK,Online,Checked-Out,6,4223.22
104217,City Hotel,2024-11-22,2024-12-25,1,0,C,BB,India,Corporate,Confirmed,9,10829.3
104218,City Hotel,2024-12-16,2025-01-31,2,2,C,BB,Germany,Online,Checked-Out,10,8271.46
104219,Resort Hotel,2024-02-20,2024-04-19,4,1,A,BB,UK,Direct,Confirmed,10,10025.13
104220,City Hotel,2024-03-21,2024-05-12,2,0,A,HB,UK,Online,Confirmed,2,4617.17
104221,City Hotel,2024-02-05,2024-02-11,3,2,A,BB,UAE,Corporate,Checked-Out,5,5811.65
104222,City Hotel,2024-03-07,2024-07-15,3,0,A,HB,UAE,Online,Checked-Out,2,3269.83
104223,Resort Hotel,2024-05-08,2024-06-06,2,0,B,HB,USA,Direct,Confirmed,6,11008.06
104224,Resort Hotel,2024-06-03,2024-09-30,1,0,D,BB,Canada,Corporate,Cancelled,1,11585.38
104225,City Hotel,2024-09-01,2025-02-16,2,0,C,BB,India,Online,Confirmed,1,10645.91
104226,Resort Hotel,2024-04-20,2024-07-26,2,0,A,HB,Australia,Online,Cancelled,9,6653.21
104227,City Hotel,2024-06-16,2024-08-23,3,0,D,BB,UAE,Direct,Cancelled,10,5740.78
104228,City Hotel,2024-05-21,2024-10-25,2,0,E,SC,Australia,Online,Confirmed,5,6894.71
104229,City Hotel,2024-12-21,2025-02-19,1,0,D,BB,USA,Corporate,Checked-Out,9,8557.37
104230,City Hotel,2024-07-15,2024-11-16,2,0,C,BB,Canada,Offline,Confirmed,8,6599.32
104231,Resort Hotel,2024-04-18,2024-07-11,2,0,A,HB,Canada,Online,Checked-Out,9,6505.39
104232,City Hotel,2024-03-19,2024-04-29,2,0,A,HB,Germany,Corporate,Checked-Out,9,6594.87
104233,City Hotel,2024-06-09,2024-09-30,2,0,B,BB,Australia,Direct,Confirmed,8,9573.48
104234,Resort Hotel,2024-01-19,2024-03-24,2,1,A,BB,Germany,Online,Cancelled,3,9974.51
104235,City Hotel,2024-05-06,2024-07-24,2,1,A,HB,UK,Online,Confirmed,7,10770.11
104236,City Hotel,2024-07-23,2024-09-24,2,0,E,BB,France,Groups,Confirmed,4,4808.38
104237,City Hotel,2024-01-29,2024-07-23,2,0,C,BB,Canada,Online,Checked-Out,8,3996.3
104238,Resort Hotel,2024-07-25,2024-12-20,2,0,A,HB,Canada,Online,Confirmed,7,5778.72
104239,Resort Hotel,2024-10-06,2025-02-01,3,0,A,HB,USA,Corporate,Confirmed,9,6494.26
104240,City Hotel,2024-05-30,2024-07-06,1,2,A,FB,Canada,Direct,Checked-Out,8,9167.74
104241,Resort Hotel,2024-08-27,2024-10-30,1,0,A,BB,Germany,Offline,Confirmed,3,9700.34
104242,City Hotel,2024-09-22,2024-12-17,2,0,C,BB,Canada,Groups,Cancelled,5,11849.45
104243,Resort Hotel,2024-06-30,2024-11-10,1,0,A,HB,UK,Online,Cancelled,3,6093.11
104244,City Hotel,2024-04-14,2024-05-18,2,2,D,HB,UK,Corporate,Checked-Out,9,6323.94
104245,City Hotel,2024-08-23,2024-10-01,4,0,D,HB,USA,Groups,Checked-Out,1,7649.76
104246,Resort Hotel,2024-06-21,2024-08-27,2,0,B,BB,Canada,Direct,Confirmed,7,10293.19
104247,City Hotel,2024-06-06,2024-08-07,2,0,C,BB,UAE,Corporate,Cancelled,9,8778.87
104248,City Hotel,2024-06-20,2024-09-16,2,0,A,HB,UAE,Online,Checked-Out,3,7940.26
104249,City Hotel,2024-11-06,2025-04-07,2,1,B,BB,Australia,Online,Checked-Out,7,8657.16
104250,Resort Hotel,2024-06-05,2024-10-14,2,0,C,BB,UK,Corporate,Confirmed,7,6912.28
104251,City Hotel,2024-09-14,2025-01-01,2,0,C,BB,India,Groups,Cancelled,2,9711.01
104252,City Hotel,2024-06-12,2024-09-09,4,0,A,FB,Australia,Online,Cancelled,5,3215.31
104253,City Hotel,2024-05-26,2024-08-01,2,0,A,SC,France,Online,Checked-Out,10,7335.73
104254,City Hotel,2024-06-02,2024-08-20,2,0,A,BB,USA,Groups,Confirmed,7,10162.49
104255,City Hotel,2024-02-07,2024-08-03,3,0,B,BB,USA,Online,Confirmed,2,5373.93
104256,Resort Hotel,2024-05-10,2024-06-08,3,0,C,BB,USA,Direct,Confirmed,10,10512.45
104257,Resort Hotel,2024-12-23,2025-03-07,4,0,B,BB,UK,Online,Cancelled,10,9936.91
104258,City Hotel,2024-09-11,2024-10-13,2,0,C,BB,UK,Online,Cancelled,2,8016.36
104259,City Hotel,2024-07-26,2024-10-21,2,1,A,BB,USA,Online,Checked-Out,6,4895.41
104260,City Hotel,2024-04-04,2024-05-13,3,1,D,HB,UAE,Online,Confirmed,2,10680.21
104261,City Hotel,2024-12-13,2025-04-29,2,1,B,BB,USA,Direct,Confirmed,10,2784.7
104262,Resort Hotel,2024-11-22,2025-03-03,2,0,A,FB,India,Online,Confirmed,1,8128.88
104263,City Hotel,2024-06-19,2024-11-08,3,0,B,HB,UAE,Direct,Confirmed,3,9934.36
104264,City Hotel,2024-09-06,2024-11-13,2,0,B,BB,Germany,Online,Confirmed,1,7111.33
104265,Resort Hotel,2024-07-08,2024-12-03,3,0,A,BB,Australia,Online,Checked-Out,6,3477.13
104266,City Hotel,2024-07-17,2024-08-14,4,1,C,FB,Australia,Groups,Confirmed,4,10422.83
104267,City Hotel,2024-08-08,2024-08-22,3,1,E,FB,India,Online,Cancelled,2,11136.34
104268,City Hotel,2024-01-24,2024-07-14,1,1,A,BB,USA,Online,Confirmed,7,7851.44
104269,Resort Hotel,2024-08-31,2024-11-16,2,0,B,BB,Canada,Online,Confirmed,7,9977.97
104270,Resort Hotel,2024-11-19,2025-03-15,3,1,A,FB,UK,Online,Confirmed,8,8301.79
104271,City Hotel,2024-05-07,2024-10-21,4,2,E,BB,UK,Corporate,Cancelled,7,7946.19
104272,Resort Hotel,2024-04-02,2024-04-30,2,0,A,BB,USA,Direct,Confirmed,1,3742.33
104273,City Hotel,2024-10-26,2025-01-23,2,0,A,SC,Germany,Direct,Confirmed,3,6649.53
104274,City Hotel,2024-05-12,2024-06-13,3,0,B,FB,France,Direct,Confirmed,1,8948.54
104275,City Hotel,2024-02-24,2024-07-10,2,0,A,HB,France,Online,Cancelled,2,6817.59
104276,City Hotel,2024-06-06,2024-11-09,2,1,A,BB,India,Online,Cancelled,1,8368.76
104277,City Hotel,2024-01-29,2024-05-03,2,0,A,BB,Australia,Corporate,Confirmed,9,11000.68
104278,City Hotel,2024-07-29,2024-08-15,2,0,A,HB,Germany,Direct,Checked-Out,7,5979.11
104279,City Hotel,2024-06-02,2024-09-27,3,0,A,HB,France,Direct,Confirmed,9,10370.62
104280,City Hotel,2024-10-19,2025-01-04,2,0,D,BB,Germany,Online,Checked-Out,8,2775.93
104281,City Hotel,2024-08-09,2024-10-03,2,0,E,SC,UK,Online,Confirmed,10,10600.29
104282,Resort Hotel,2024-04-24,2024-05-04,1,2,B,BB,UK,Offline,Cancelled,2,3513.43
104283,City Hotel,2024-06-06,2024-08-25,2,0,B,BB,Canada,Online,Confirmed,1,5553.69
104284,City Hotel,2024-09-15,2025-01-27,2,1,C,BB,UAE,Direct,Cancelled,5,7377.72
104285,City Hotel,2024-09-07,2025-03-02,3,1,A,HB,Germany,Online,Confirmed,7,8675.33
104286,City Hotel,2024-05-01,2024-08-25,2,0,A,HB,UAE,Groups,Confirmed,2,11554.56
104287,Resort Hotel,2024-10-25,2025-04-12,2,2,C,HB,USA,Groups,Confirmed,4,5416.79
104288,City Hotel,2024-09-19,2024-12-07,2,0,A,BB,France,Direct,Confirmed,7,3310.81
104289,City Hotel,2024-02-18,2024-04-18,2,0,B,FB,France,Direct,Cancelled,9,6858.94
104290,Resort Hotel,2024-11-24,2025-01-05,2,0,B,BB,UK,Offline,Checked-Out,6,5780.05
104291,City Hotel,2024-10-23,2025-02-16,2,0,B,BB,Canada,Direct,Confirmed,7,8201.13
104292,City Hotel,2024-12-27,2025-04-15,2,0,D,HB,UAE,Offline,Confirmed,8,11266.43
104293,City Hotel,2024-03-17,2024-05-27,2,1,C,BB,Canada,Online,Confirmed,8,8611.9
104294,Resort Hotel,2024-05-06,2024-10-09,1,0,E,BB,Australia,Online,Confirmed,9,7991.14
104295,City Hotel,2024-07-15,2024-10-25,3,0,C,BB,India,Groups,Confirmed,10,4837.8
104296,City Hotel,2024-08-08,2024-08-21,3,0,A,BB,France,Corporate,Confirmed,2,5015.26
104297,City Hotel,2024-03-31,2024-04-15,2,0,C,BB,UK,Direct,Confirmed,7,6642.72
104298,City Hotel,2024-01-08,2024-02-13,2,0,C,BB,Canada,Groups,Checked-Out,2,10967.28
104299,City Hotel,2024-02-01,2024-02-16,3,0,B,BB,UK,Offline,Checked-Out,7,8005.1
104300,City Hotel,2024-11-15,2025-03-12,2,0,B,BB,Germany,Online,Checked-Out,9,7199.15
104301,City Hotel,2024-09-25,2024-12-09,3,0,A,HB,Germany,Direct,Checked-Out,4,7654.2
104302,Resort Hotel,2024-07-09,2024-09-03,1,0,E,BB,Australia,Direct,Cancelled,5,10420.93
104303,Resort Hotel,2024-12-14,2025-03-19,2,1,D,HB,Germany,Corporate,Confirmed,5,8940.0
104304,City Hotel,2024-06-11,2024-10-21,3,0,B,HB,UAE,Online,Cancelled,2,11310.54
104305,Resort Hotel,2024-03-01,2024-04-22,2,0,A,FB,India,Online,Cancelled,3,8026.54
104306,City Hotel,2024-09-20,2025-02-05,2,1,D,FB,Canada,Online,Confirmed,10,4362.27
104307,City Hotel,2024-10-11,2025-04-02,3,0,A,BB,France,Online,Cancelled,1,2677.9
104308,City Hotel,2024-04-04,2024-06-27,3,0,A,BB,India,Online,Cancelled,3,5512.58
104309,Resort Hotel,2024-02-10,2024-03-10,2,0,C,HB,Canada,Online,Confirmed,5,3095.99
104310,Resort Hotel,2024-05-28,2024-07-20,2,1,C,HB,India,Corporate,Confirmed,9,6367.12
104311,City Hotel,2024-07-22,2024-12-26,2,1,A,BB,Germany,Online,Cancelled,1,4284.96
104312,Resort Hotel,2024-09-23,2025-02-21,3,1,C,BB,Australia,Direct,Confirmed,6,6346.68
104313,City Hotel,2024-01-02,2024-06-28,4,0,C,HB,UK,Direct,Confirmed,2,6292.43
104314,Resort Hotel,2024-06-26,2024-07-17,3,1,B,HB,USA,Direct,Checked-Out,6,5124.56
104315,Resort Hotel,2024-07-12,2024-11-01,3,0,A,HB,UK,Online,Confirmed,10,8701.78
104316,City Hotel,2024-12-01,2025-05-21,1,0,A,BB,UK,Online,Checked-Out,6,6617.62
104317,Resort Hotel,2024-07-14,2024-11-29,3,0,A,BB,UK,Direct,Cancelled,1,10987.83
104318,City Hotel,2024-12-08,2025-02-22,3,0,A,BB,UK,Direct,Confirmed,5,3222.76
104319,City Hotel,2024-09-05,2024-10-05,3,0,A,BB,India,Online,Checked-Out,10,6400.92
104320,City Hotel,2024-07-30,2024-12-02,2,0,A,SC,Germany,Online,Confirmed,2,9871.52
104321,City Hotel,2024-06-01,2024-07-22,3,0,A,BB,Germany,Corporate,Checked-Out,1,7198.09
104322,Resort Hotel,2024-06-06,2024-11-14,1,0,A,BB,UK,Direct,Cancelled,9,11677.77
104323,Resort Hotel,2024-12-27,2025-05-22,2,1,A,BB,USA,Groups,Checked-Out,6,4160.82
104324,City Hotel,2024-05-18,2024-08-04,2,0,A,HB,France,Offline,Checked-Out,1,5502.23
104325,Resort Hotel,2024-08-08,2024-08-30,2,0,C,BB,UK,Online,Confirmed,10,3603.46
104326,Resort Hotel,2024-09-29,2024-12-02,2,0,B,HB,UK,Corporate,Checked-Out,9,4843.93
104327,City Hotel,2024-06-02,2024-06-23,3,0,A,FB,USA,Online,Cancelled,9,8889.06
104328,Resort Hotel,2024-09-05,2025-01-12,2,0,A,BB,India,Online,Confirmed,7,7125.99
104329,City Hotel,2024-10-05,2025-01-20,1,1,C,BB,UK,Offline,Checked-Out,9,4039.64
104330,Resort Hotel,2024-10-30,2025-02-23,2,0,A,HB,USA,Online,Checked-Out,1,7009.6
104331,City Hotel,2024-10-02,2025-02-03,3,0,E,FB,India,Online,Confirmed,3,10550.31
104332,City Hotel,2024-01-02,2024-05-24,2,0,C,BB,India,Groups,Checked-Out,8,6678.35
104333,City Hotel,2024-03-28,2024-05-03,1,1,A,BB,Australia,Online,Cancelled,3,2625.54
104334,City Hotel,2024-10-13,2024-11-29,2,0,B,HB,Canada,Online,Confirmed,8,3021.75
104335,City Hotel,2024-05-09,2024-06-10,2,0,C,BB,Canada,Online,Confirmed,3,6662.14
104336,City Hotel,2024-03-18,2024-09-08,3,0,A,BB,Australia,Direct,Checked-Out,4,8135.83
104337,City Hotel,2024-09-16,2024-11-09,3,1,A,FB,Australia,Online,Confirmed,4,10922.06
104338,Resort Hotel,2024-08-28,2025-02-05,3,1,B,BB,UK,Corporate,Cancelled,5,11828.63
104339,City Hotel,2024-05-20,2024-11-03,2,0,E,HB,Canada,Groups,Checked-Out,10,11813.57
104340,City Hotel,2024-08-15,2024-09-07,2,1,A,BB,India,Direct,Checked-Out,10,7799.99
104341,City Hotel,2024-06-11,2024-11-29,2,0,A,BB,UK,Online,Confirmed,4,2839.44
104342,City Hotel,2024-08-23,2024-08-25,2,1,A,HB,UAE,Offline,Confirmed,7,4528.08
104343,Resort Hotel,2024-05-07,2024-10-20,1,1,B,BB,UAE,Direct,Confirmed,4,6626.15
104344,Resort Hotel,2024-07-18,2024-12-22,2,0,C,HB,UK,Direct,Cancelled,1,10856.92
104345,City Hotel,2024-01-31,2024-05-20,1,0,A,BB,Germany,Online,Checked-Out,5,2704.81
104346,City Hotel,2024-05-17,2024-09-18,4,2,C,BB,France,Online,Confirmed,8,7338.72
104347,Resort Hotel,2024-01-21,2024-03-28,3,0,A,BB,France,Online,Confirmed,6,8707.92
104348,City Hotel,2024-08-21,2024-10-31,2,2,C,FB,Germany,Direct,Checked-Out,4,5238.18
104349,Resort Hotel,2024-07-20,2024-12-31,2,0,A,BB,Canada,Online,Checked-Out,4,5498.94
104350,City Hotel,2024-10-05,2024-11-03,4,0,C,BB,UK,Online,Confirmed,1,6190.06
104351,Resort Hotel,2024-05-10,2024-09-06,2,0,D,BB,USA,Online,Confirmed,10,5108.65
104352,City Hotel,2024-05-27,2024-11-08,3,1,C,HB,India,Online,Checked-Out,1,6653.29
104353,City Hotel,2024-01-29,2024-05-21,2,0,A,BB,Germany,Online,Confirmed,3,4001.88
104354,Resort Hotel,2024-12-26,2025-02-09,3,0,C,FB,Australia,Online,Cancelled,4,4393.65
104355,City Hotel,2024-11-03,2024-11-19,3,0,B,SC,Germany,Offline,Cancelled,4,2852.79
104356,City Hotel,2024-06-10,2024-07-11,1,2,E,BB,Germany,Direct,Cancelled,2,6407.49
104357,City Hotel,2024-12-22,2025-06-02,2,0,A,BB,Canada,Direct,Confirmed,9,9219.71
104358,City Hotel,2024-12-05,2025-01-24,2,0,C,FB,Canada,Online,Confirmed,8,7308.45
104359,City Hotel,2024-03-01,2024-07-01,3,0,A,BB,Germany,Online,Cancelled,3,7541.25
104360,City Hotel,2024-05-04,2024-10-22,1,1,A,FB,France,Online,Checked-Out,2,6774.49
104361,City Hotel,2024-03-11,2024-03-26,2,0,A,BB,UK,Online,Checked-Out,1,8056.04
104362,City Hotel,2024-11-21,2025-05-16,2,0,A,BB,Germany,Groups,Cancelled,10,4681.93
104363,Resort Hotel,2024-12-29,2025-02-16,3,0,A,SC,Germany,Online,Confirmed,9,4471.4
104364,City Hotel,2024-08-30,2025-02-18,3,0,A,BB,UAE,Corporate,Confirmed,5,11448.66
104365,City Hotel,2024-09-05,2024-09-15,2,0,A,BB,Germany,Online,Confirmed,8,6778.89
104366,Resort Hotel,2024-08-08,2024-08-28,2,0,C,HB,USA,Offline,Checked-Out,4,10358.17
104367,City Hotel,2024-01-21,2024-03-31,1,1,B,SC,USA,Direct,Confirmed,2,11209.9
104368,City Hotel,2024-03-22,2024-03-30,2,0,D,BB,India,Offline,Confirmed,5,8341.39
104369,City Hotel,2024-12-09,2025-05-31,2,0,B,SC,UK,Online,Cancelled,8,5338.54
104370,City Hotel,2024-01-10,2024-02-13,2,0,D,HB,Germany,Online,Cancelled,6,8958.13
104371,City Hotel,2024-01-12,2024-07-09,4,1,B,SC,India,Groups,Cancelled,8,6593.68
104372,City Hotel,2024-09-19,2024-09-23,2,0,A,HB,Canada,Online,Cancelled,3,11744.15
104373,City Hotel,2024-05-24,2024-09-09,3,0,B,HB,Australia,Offline,Confirmed,5,10207.25
104374,City Hotel,2024-07-10,2024-12-24,2,0,C,FB,India,Online,Confirmed,2,10241.98
104375,City Hotel,2024-09-06,2024-09-30,1,0,B,BB,Australia,Online,Checked-Out,3,8092.55
104376,City Hotel,2024-04-23,2024-06-17,2,1,D,SC,Australia,Online,Checked-Out,7,2579.95
104377,City Hotel,2024-01-26,2024-02-21,2,0,C,BB,UK,Direct,Confirmed,1,10402.3
104378,Resort Hotel,2024-09-27,2024-10-22,2,0,A,BB,USA,Direct,Confirmed,8,2741.03
104379,City Hotel,2024-02-02,2024-03-09,3,1,D,HB,UAE,Online,Confirmed,5,3662.4
104380,City Hotel,2024-03-02,2024-05-12,2,0,C,BB,UK,Corporate,Cancelled,2,10467.36
104381,City Hotel,2024-08-16,2024-08-28,2,0,A,HB,India,Online,Cancelled,3,4578.55
104382,City Hotel,2024-10-29,2025-03-07,3,0,B,HB,Australia,Groups,Confirmed,4,10490.7
104383,City Hotel,2024-04-04,2024-07-29,2,0,C,BB,UK,Online,Confirmed,2,4745.33
104384,City Hotel,2024-02-04,2024-07-31,2,0,B,BB,USA,Online,Cancelled,10,9821.73
104385,Resort Hotel,2024-07-11,2024-12-11,1,0,E,BB,India,Online,Checked-Out,5,7650.68
104386,City Hotel,2024-03-16,2024-07-27,3,2,A,FB,UK,Groups,Confirmed,7,8874.44
104387,Resort Hotel,2024-09-05,2024-11-27,3,0,C,FB,Canada,Direct,Cancelled,9,10461.77
104388,City Hotel,2024-03-23,2024-03-29,1,0,D,BB,Canada,Online,Confirmed,1,11848.27
104389,City Hotel,2024-01-25,2024-02-20,2,0,C,SC,Germany,Direct,Confirmed,10,3314.07
104390,City Hotel,2024-02-26,2024-06-18,3,0,A,BB,Germany,Groups,Checked-Out,6,9011.14
104391,City Hotel,2024-02-01,2024-05-14,3,1,A,BB,UAE,Online,Cancelled,6,11607.89
104392,City Hotel,2024-11-14,2025-03-14,2,0,B,BB,UK,Online,Confirmed,1,6051.06
104393,City Hotel,2024-01-12,2024-06-27,3,2,A,BB,UK,Direct,Cancelled,2,5670.58
104394,City Hotel,2024-11-14,2024-11-23,2,0,D,HB,Australia,Direct,Checked-Out,8,8959.78
104395,Resort Hotel,2024-11-28,2025-01-12,2,0,A,BB,Canada,Online,Checked-Out,6,6318.54
104396,Resort Hotel,2024-04-01,2024-04-15,1,0,B,FB,Australia,Direct,Checked-Out,1,4537.37
104397,City Hotel,2024-01-01,2024-04-22,2,0,A,HB,USA,Direct,Confirmed,10,4033.94
104398,City Hotel,2024-11-21,2025-01-15,2,0,B,BB,India,Corporate,Checked-Out,10,4329.99
104399,City Hotel,2024-05-15,2024-09-29,3,1,C,HB,UK,Groups,Confirmed,6,9190.95
104400,City Hotel,2024-07-14,2024-07-29,2,0,A,BB,India,Online,Confirmed,10,11227.6
104401,City Hotel,2024-05-12,2024-06-18,2,1,C,HB,Germany,Direct,Confirmed,7,10157.13
104402,City Hotel,2024-03-26,2024-09-20,1,0,A,BB,India,Online,Cancelled,2,6757.92
104403,City Hotel,2024-10-21,2025-02-25,3,0,B,BB,France,Offline,Confirmed,4,7521.71
104404,City Hotel,2024-10-05,2025-01-30,3,0,B,BB,Canada,Online,Confirmed,7,8391.65
104405,Resort Hotel,2024-11-19,2025-02-11,2,0,A,FB,USA,Groups,Cancelled,6,8009.49
104406,Resort Hotel,2024-06-28,2024-09-08,2,1,A,HB,Canada,Online,Cancelled,8,11700.49
104407,Resort Hotel,2024-01-04,2024-04-09,1,0,C,SC,USA,Online,Cancelled,6,10923.58
104408,City Hotel,2024-05-05,2024-08-24,2,1,A,BB,UAE,Online,Cancelled,2,2913.63
104409,City Hotel,2024-06-23,2024-11-19,1,0,A,SC,India,Groups,Checked-Out,1,10439.78
104410,City Hotel,2024-09-07,2024-12-21,2,1,C,BB,UAE,Groups,Checked-Out,5,3583.58
104411,City Hotel,2024-01-21,2024-06-16,3,0,A,HB,UAE,Groups,Confirmed,10,9056.99
104412,City Hotel,2024-04-14,2024-06-11,2,0,C,BB,USA,Corporate,Checked-Out,10,5213.68
104413,Resort Hotel,2024-03-06,2024-06-09,2,0,B,BB,India,Online,Confirmed,9,9847.14
104414,City Hotel,2024-09-19,2025-01-15,2,0,A,FB,India,Online,Cancelled,2,2581.76
104415,City Hotel,2024-02-18,2024-02-24,2,0,A,HB,Germany,Online,Checked-Out,7,6131.58
104416,City Hotel,2024-01-16,2024-01-20,2,0,B,FB,Canada,Corporate,Cancelled,9,2704.46
104417,City Hotel,2024-05-24,2024-07-06,1,0,A,BB,UAE,Direct,Checked-Out,4,11558.54
104418,City Hotel,2024-12-05,2025-03-08,3,0,A,HB,India,Direct,Checked-Out,4,2645.97
104419,City Hotel,2024-09-06,2024-10-18,2,2,C,BB,USA,Online,Checked-Out,10,3975.25
104420,City Hotel,2024-12-08,2024-12-11,2,0,B,BB,UAE,Corporate,Confirmed,5,7623.09
104421,City Hotel,2024-12-19,2025-04-27,1,1,A,FB,France,Groups,Checked-Out,6,8638.44
104422,Resort Hotel,2024-03-15,2024-03-30,4,0,B,BB,UK,Direct,Confirmed,7,9425.42
104423,City Hotel,2024-10-16,2024-12-02,2,0,B,SC,USA,Offline,Confirmed,9,4845.57
104424,Resort Hotel,2024-10-08,2025-01-01,3,0,B,BB,France,Online,Checked-Out,6,5359.45
104425,City Hotel,2024-03-06,2024-08-27,2,0,B,SC,USA,Online,Checked-Out,3,4779.08
104426,City Hotel,2024-05-04,2024-07-01,2,1,E,HB,France,Groups,Confirmed,2,4818.69
104427,City Hotel,2024-11-14,2024-12-23,3,2,A,BB,USA,Online,Checked-Out,6,9927.03
104428,City Hotel,2024-03-27,2024-08-05,1,0,A,BB,UK,Online,Checked-Out,9,11505.99
104429,City Hotel,2024-02-10,2024-07-17,2,2,A,FB,UAE,Online,Checked-Out,3,8160.13
104430,Resort Hotel,2024-07-04,2024-08-08,2,0,A,FB,Germany,Direct,Confirmed,4,3995.59
104431,Resort Hotel,2024-12-19,2025-05-25,3,2,A,BB,Germany,Direct,Checked-Out,3,3121.61
104432,City Hotel,2024-11-30,2025-05-27,2,0,A,HB,UK,Online,Cancelled,7,4772.18
104433,City Hotel,2024-09-22,2024-11-13,2,2,B,BB,USA,Groups,Confirmed,4,4189.05
104434,Resort Hotel,2024-09-27,2025-01-23,2,1,A,HB,Canada,Offline,Checked-Out,6,7995.95
104435,City Hotel,2024-02-11,2024-02-25,2,0,C,SC,France,Online,Confirmed,6,9130.34
104436,City Hotel,2024-04-02,2024-09-12,2,0,A,BB,India,Direct,Confirmed,9,2543.61
104437,City Hotel,2024-07-03,2024-12-06,2,0,E,HB,USA,Offline,Confirmed,5,6676.39
104438,Resort Hotel,2024-08-02,2024-09-01,2,0,B,BB,UK,Online,Confirmed,7,8418.3
104439,Resort Hotel,2024-01-17,2024-04-16,2,1,C,BB,Australia,Online,Cancelled,1,4332.32
104440,City Hotel,2024-09-21,2025-02-03,2,1,D,FB,Germany,Online,Checked-Out,8,11059.22
104441,Resort Hotel,2024-04-23,2024-10-07,2,1,D,BB,Germany,Offline,Checked-Out,2,7715.62
104442,Resort Hotel,2024-10-18,2025-01-21,2,0,B,BB,UAE,Online,Confirmed,4,5781.28
104443,City Hotel,2024-10-18,2024-12-26,4,0,A,HB,USA,Corporate,Confirmed,10,2677.42
104444,City Hotel,2024-02-17,2024-07-29,3,0,B,HB,France,Direct,Confirmed,7,7100.92
104445,City Hotel,2024-11-02,2025-03-09,2,1,A,BB,Canada,Online,Confirmed,6,5691.49
104446,Resort Hotel,2024-04-06,2024-05-28,3,0,A,BB,Canada,Online,Checked-Out,4,11710.69
104447,City Hotel,2024-04-04,2024-08-24,3,0,A,BB,UK,Online,Confirmed,8,6098.17
104448,Resort Hotel,2024-11-21,2025-01-23,2,0,A,BB,UK,Online,Confirmed,7,11249.57
104449,City Hotel,2024-03-14,2024-04-19,2,0,A,HB,France,Online,Checked-Out,6,9017.52
104450,Resort Hotel,2024-12-01,2025-03-02,1,0,A,BB,France,Online,Cancelled,5,3202.65
104451,City Hotel,2024-03-08,2024-08-07,3,0,A,HB,Canada,Corporate,Confirmed,5,11360.84
104452,City Hotel,2024-09-02,2025-02-17,2,2,A,BB,USA,Online,Checked-Out,7,4100.26
104453,Resort Hotel,2024-03-17,2024-08-21,1,0,A,BB,Canada,Direct,Confirmed,6,6756.22
104454,Resort Hotel,2024-07-26,2024-09-17,2,1,C,BB,USA,Online,Checked-Out,4,11268.54
104455,Resort Hotel,2024-09-10,2024-12-28,3,0,A,HB,Australia,Direct,Confirmed,7,10370.84
104456,City Hotel,2024-08-08,2025-01-05,2,1,E,BB,Germany,Corporate,Checked-Out,5,7132.03
104457,Resort Hotel,2024-09-18,2024-11-29,3,0,A,SC,UAE,Online,Confirmed,7,4465.75
104458,City Hotel,2024-11-26,2024-12-11,3,1,D,BB,Germany,Online,Confirmed,7,7337.98
104459,City Hotel,2024-12-09,2025-04-01,2,1,A,BB,France,Corporate,Cancelled,2,7702.53
104460,City Hotel,2024-09-15,2024-11-23,2,0,E,BB,India,Direct,Confirmed,4,11970.9
104461,City Hotel,2024-11-03,2025-02-27,2,1,A,BB,India,Online,Confirmed,10,10328.3
104462,City Hotel,2024-03-14,2024-03-18,3,0,C,FB,India,Corporate,Confirmed,4,10682.51
104463,Resort Hotel,2024-05-04,2024-07-18,3,0,A,FB,UK,Online,Confirmed,7,11868.78
104464,City Hotel,2024-07-06,2024-11-29,3,0,B,BB,USA,Online,Cancelled,8,7471.53
104465,Resort Hotel,2024-09-10,2024-10-22,2,1,A,HB,France,Online,Cancelled,1,8059.65
104466,City Hotel,2024-11-16,2024-12-16,2,1,C,HB,Germany,Direct,Confirmed,7,6817.22
104467,City Hotel,2024-11-03,2025-03-26,1,0,B,SC,India,Corporate,Confirmed,6,3691.81
104468,City Hotel,2024-08-22,2024-10-31,2,0,E,BB,Germany,Offline,Checked-Out,10,7489.94
104469,Resort Hotel,2024-09-06,2024-09-22,3,1,B,BB,USA,Groups,Confirmed,1,8034.59
104470,Resort Hotel,2024-11-27,2025-03-18,2,1,A,BB,Australia,Online,Cancelled,8,4754.09
104471,Resort Hotel,2024-12-10,2025-03-24,1,2,A,BB,Australia,Groups,Confirmed,5,9936.83
104472,Resort Hotel,2024-03-12,2024-06-27,1,0,C,HB,France,Direct,Confirmed,7,3682.58
104473,City Hotel,2024-08-22,2024-12-23,2,0,A,SC,India,Online,Cancelled,8,7268.99
104474,City Hotel,2024-11-19,2025-04-30,2,0,D,BB,UAE,Offline,Checked-Out,7,8795.77
104475,Resort Hotel,2024-06-04,2024-07-01,2,0,A,FB,India,Direct,Cancelled,10,3021.85
104476,City Hotel,2024-04-24,2024-05-07,3,0,B,SC,Australia,Online,Cancelled,1,10138.51
104477,City Hotel,2024-11-08,2025-04-12,2,0,B,SC,France,Online,Confirmed,6,5389.46
104478,City Hotel,2024-08-15,2024-10-27,2,0,A,HB,Germany,Corporate,Confirmed,1,9318.62
104479,City Hotel,2024-11-17,2025-02-11,2,0,C,HB,USA,Online,Confirmed,4,3527.99
104480,City Hotel,2024-12-11,2025-01-11,3,0,A,BB,Australia,Online,Confirmed,4,8392.84
104481,City Hotel,2024-09-01,2024-09-04,2,0,A,SC,Australia,Groups,Cancelled,8,7793.52
104482,City Hotel,2024-11-01,2024-12-01,3,0,E,BB,USA,Online,Confirmed,6,3925.02
104483,City Hotel,2024-01-14,2024-06-11,2,0,A,BB,USA,Online,Cancelled,7,8435.08
104484,City Hotel,2024-01-16,2024-04-24,2,0,C,BB,Australia,Groups,Confirmed,10,9067.58
104485,City Hotel,2024-02-11,2024-06-24,1,0,B,HB,Germany,Online,Checked-Out,7,7235.77
104486,Resort Hotel,2024-04-19,2024-09-26,1,2,C,BB,Germany,Online,Confirmed,7,7996.48
104487,City Hotel,2024-10-04,2025-03-23,3,0,A,HB,India,Direct,Cancelled,10,10930.49
104488,City Hotel,2024-11-19,2025-04-28,2,1,B,BB,Germany,Online,Cancelled,2,9128.18
104489,Resort Hotel,2024-01-19,2024-04-27,2,0,A,BB,UK,Groups,Cancelled,6,11106.57
104490,City Hotel,2024-03-06,2024-05-31,2,1,B,BB,France,Online,Confirmed,8,7747.27
104491,City Hotel,2024-06-15,2024-11-29,3,0,E,BB,Germany,Corporate,Confirmed,8,4161.1
104492,Resort Hotel,2024-03-13,2024-05-16,3,0,A,BB,USA,Online,Cancelled,4,4839.76
104493,City Hotel,2024-11-05,2025-03-03,2,1,C,BB,Germany,Online,Checked-Out,7,4175.9
104494,Resort Hotel,2024-04-21,2024-09-26,2,0,A,BB,India,Online,Cancelled,9,5684.86
104495,Resort Hotel,2024-09-30,2025-01-22,3,1,A,FB,Canada,Online,Confirmed,8,7036.59
104496,City Hotel,2024-03-25,2024-08-31,3,0,A,HB,France,Direct,Confirmed,2,4931.35
104497,City Hotel,2024-05-18,2024-08-13,2,1,A,HB,France,Direct,Checked-Out,8,7018.53
104498,City Hotel,2024-02-08,2024-03-19,1,1,A,BB,USA,Offline,Checked-Out,3,5961.4
104499,City Hotel,2024-04-14,2024-09-22,3,2,A,BB,France,Online,Confirmed,4,7775.8
104500,City Hotel,2024-11-19,2024-12-14,2,0,C,HB,UK,Online,Checked-Out,3,6570.88
104501,City Hotel,2024-10-07,2025-03-20,1,0,A,HB,France,Online,Confirmed,8,6623.88
104502,City Hotel,2024-05-02,2024-10-01,3,2,A,BB,Australia,Online,Checked-Out,4,7160.9
104503,City Hotel,2024-08-05,2024-11-08,2,1,A,BB,USA,Online,Cancelled,1,11884.81
104504,City Hotel,2024-03-01,2024-08-15,3,0,C,SC,France,Online,Confirmed,9,7787.21
104505,City Hotel,2024-04-09,2024-05-25,2,0,A,BB,Germany,Online,Confirmed,9,9371.71
104506,City Hotel,2024-11-02,2025-03-20,3,0,E,BB,India,Corporate,Cancelled,1,6459.08
104507,Resort Hotel,2024-12-19,2025-01-20,2,2,A,BB,Australia,Corporate,Cancelled,8,5595.57
104508,City Hotel,2024-07-22,2024-10-27,3,0,A,HB,Australia,Online,Cancelled,2,11207.48
104509,City Hotel,2024-09-14,2025-02-25,2,0,A,HB,Germany,Online,Confirmed,7,9552.42
104510,Resort Hotel,2024-01-05,2024-06-09,1,0,A,BB,Canada,Direct,Cancelled,1,8033.08
104511,City Hotel,2024-07-15,2024-12-06,2,2,C,BB,Australia,Offline,Checked-Out,6,5696.1
104512,City Hotel,2024-06-28,2024-07-14,3,1,B,BB,UK,Online,Checked-Out,10,4949.67
104513,City Hotel,2024-12-07,2024-12-25,2,0,A,BB,UK,Corporate,Confirmed,10,4894.68
104514,City Hotel,2024-05-12,2024-09-25,2,0,A,BB,India,Direct,Confirmed,8,7285.44
104515,City Hotel,2024-11-19,2025-02-02,2,2,A,BB,India,Direct,Confirmed,6,10810.79
104516,City Hotel,2024-09-09,2024-09-10,1,1,E,BB,India,Groups,Confirmed,9,10869.95
104517,City Hotel,2024-09-21,2025-01-24,2,0,D,HB,India,Groups,Checked-Out,1,9577.36
104518,Resort Hotel,2024-04-02,2024-05-10,4,1,A,HB,France,Online,Confirmed,9,7653.67
104519,City Hotel,2024-05-29,2024-07-13,2,0,B,FB,UAE,Offline,Confirmed,3,4731.64
104520,City Hotel,2024-05-17,2024-08-06,2,1,D,BB,Australia,Direct,Checked-Out,2,7049.1
104521,Resort Hotel,2024-07-26,2024-12-02,4,0,B,SC,Germany,Online,Confirmed,8,9099.86
104522,City Hotel,2024-05-04,2024-06-05,2,0,D,SC,UK,Direct,Checked-Out,10,8152.66
104523,Resort Hotel,2024-08-21,2025-01-04,2,1,B,BB,France,Groups,Confirmed,5,7383.32
104524,City Hotel,2024-03-01,2024-06-27,2,0,A,BB,India,Direct,Confirmed,1,6568.01
104525,Resort Hotel,2024-11-02,2024-12-12,2,0,C,HB,USA,Groups,Confirmed,1,9648.89
104526,City Hotel,2024-09-22,2024-12-05,2,0,B,HB,USA,Direct,Checked-Out,2,10501.23
104527,Resort Hotel,2024-05-13,2024-09-01,2,0,C,SC,Germany,Direct,Checked-Out,7,9367.66
104528,Resort Hotel,2024-11-13,2025-02-24,3,1,A,HB,UK,Direct,Cancelled,2,11410.31
104529,City Hotel,2024-04-22,2024-08-03,2,0,B,BB,UAE,Direct,Confirmed,9,9908.8
104530,City Hotel,2024-07-09,2024-09-21,1,0,A,BB,Canada,Online,Confirmed,6,6780.75
104531,City Hotel,2024-07-05,2024-12-16,3,0,A,BB,UK,Direct,Cancelled,4,8359.16
104532,City Hotel,2024-11-14,2025-03-08,2,0,C,FB,Germany,Corporate,Checked-Out,4,7291.49
104533,City Hotel,2024-03-29,2024-07-30,3,0,B,SC,Canada,Offline,Checked-Out,3,7690.07
104534,City Hotel,2024-07-05,2024-08-31,2,1,B,BB,India,Online,Checked-Out,9,11009.15
104535,City Hotel,2024-11-02,2025-01-15,1,0,E,HB,UAE,Online,Cancelled,2,5358.16
104536,City Hotel,2024-05-11,2024-08-02,2,1,C,BB,India,Direct,Confirmed,9,2624.4
104537,City Hotel,2024-12-25,2025-06-16,2,0,B,BB,UAE,Direct,Confirmed,3,9108.64
104538,City Hotel,2024-05-02,2024-07-20,2,0,B,FB,Australia,Online,Confirmed,4,4219.63
104539,City Hotel,2024-02-17,2024-06-26,2,0,A,HB,UK,Direct,Confirmed,9,3965.21
104540,City Hotel,2024-10-14,2025-01-15,2,0,D,BB,UK,Groups,Confirmed,3,11928.52
104541,City Hotel,2024-06-27,2024-08-16,2,1,A,BB,UK,Online,Confirmed,6,5034.36
104542,City Hotel,2024-06-28,2024-07-27,2,0,C,BB,Canada,Offline,Cancelled,5,4435.79
104543,City Hotel,2024-04-08,2024-06-28,2,0,A,BB,India,Offline,Cancelled,6,4314.34
104544,City Hotel,2024-11-25,2024-12-05,2,2,A,BB,USA,Online,Confirmed,5,6417.36
104545,City Hotel,2024-02-03,2024-07-07,2,0,A,BB,Germany,Corporate,Confirmed,3,6389.47
104546,Resort Hotel,2024-03-10,2024-07-05,1,0,B,HB,Germany,Direct,Cancelled,2,8508.75
104547,City Hotel,2024-06-19,2024-11-09,1,2,A,HB,France,Offline,Checked-Out,10,3484.57
104548,City Hotel,2024-12-31,2025-03-01,2,0,A,HB,France,Online,Confirmed,9,8536.73
104549,Resort Hotel,2024-09-28,2025-03-06,2,1,B,HB,USA,Online,Cancelled,4,6809.51
104550,Resort Hotel,2024-02-28,2024-07-26,2,0,A,SC,UK,Online,Confirmed,10,4472.71
104551,Resort Hotel,2024-06-29,2024-08-28,4,0,A,FB,USA,Online,Confirmed,6,9893.1
104552,City Hotel,2024-01-19,2024-03-17,2,0,A,BB,Canada,Online,Confirmed,9,7003.6
104553,City Hotel,2024-08-13,2025-01-29,2,0,C,BB,UAE,Online,Confirmed,5,9312.08
104554,Resort Hotel,2024-04-04,2024-09-25,3,0,B,BB,Canada,Online,Checked-Out,7,11245.41
104555,City Hotel,2024-10-23,2024-12-07,3,0,D,HB,France,Online,Checked-Out,5,5857.35
104556,City Hotel,2024-03-21,2024-07-23,3,1,A,FB,Australia,Online,Confirmed,9,11030.09
104557,Resort Hotel,2024-06-23,2024-07-19,1,1,A,HB,UAE,Direct,Confirmed,2,4403.24
104558,Resort Hotel,2024-08-09,2024-11-19,2,0,A,BB,France,Online,Confirmed,3,4610.24
104559,Resort Hotel,2024-04-12,2024-06-02,3,0,E,HB,Germany,Online,Confirmed,5,8805.13
104560,Resort Hotel,2024-02-23,2024-08-05,3,0,B,BB,Canada,Corporate,Confirmed,2,3475.0
104561,Resort Hotel,2024-07-01,2024-08-22,2,1,B,SC,USA,Online,Confirmed,6,6820.41
104562,City Hotel,2024-12-16,2025-02-05,1,0,E,FB,India,Online,Confirmed,10,4531.41
104563,Resort Hotel,2024-11-13,2025-03-24,4,0,A,HB,France,Online,Checked-Out,3,7923.14
104564,City Hotel,2024-12-20,2025-01-03,2,0,A,BB,Germany,Offline,Confirmed,5,10164.81
104565,City Hotel,2024-12-14,2025-06-09,2,2,C,BB,UK,Offline,Cancelled,5,2903.03
104566,Resort Hotel,2024-11-16,2024-11-17,2,0,C,BB,UAE,Online,Confirmed,10,6426.45
104567,City Hotel,2024-03-08,2024-07-31,2,0,C,BB,USA,Direct,Checked-Out,8,9441.39
104568,City Hotel,2024-01-28,2024-07-24,2,0,C,BB,France,Online,Confirmed,9,5751.42
104569,City Hotel,2024-09-30,2024-10-14,2,1,B,SC,India,Online,Confirmed,4,2896.21
104570,Resort Hotel,2024-10-08,2024-12-28,4,1,D,BB,UAE,Online,Confirmed,10,8118.11
104571,City Hotel,2024-12-25,2024-12-28,2,1,B,BB,France,Offline,Checked-Out,1,3641.56
104572,Resort Hotel,2024-11-06,2025-02-12,2,1,A,BB,India,Online,Checked-Out,5,6014.24
104573,City Hotel,2024-04-28,2024-06-07,3,0,B,BB,USA,Direct,Cancelled,4,11910.07
104574,Resort Hotel,2024-05-13,2024-08-10,2,0,C,SC,Australia,Offline,Confirmed,5,6281.19
104575,Resort Hotel,2024-05-08,2024-09-10,2,1,C,BB,India,Online,Confirmed,9,10507.14
104576,City Hotel,2024-01-08,2024-06-18,2,0,A,SC,India,Offline,Checked-Out,8,10668.16
104577,City Hotel,2024-02-20,2024-05-25,1,0,A,BB,Germany,Offline,Checked-Out,8,4996.9
104578,City Hotel,2024-12-06,2024-12-15,1,1,A,SC,Australia,Direct,Confirmed,8,8157.3
104579,Resort Hotel,2024-10-07,2025-01-09,2,1,E,BB,USA,Online,Confirmed,1,11500.86
104580,City Hotel,2024-06-23,2024-09-15,3,2,A,HB,France,Corporate,Cancelled,7,8260.16
104581,Resort Hotel,2024-07-01,2024-07-22,3,2,B,BB,Australia,Offline,Confirmed,4,10225.92
104582,City Hotel,2024-07-10,2024-08-04,1,0,B,HB,UK,Corporate,Confirmed,6,6894.35
104583,Resort Hotel,2024-09-05,2024-12-16,2,1,D,HB,UAE,Online,Confirmed,4,9333.61
104584,Resort Hotel,2024-08-22,2024-12-22,1,0,C,BB,USA,Offline,Confirmed,5,2707.59
104585,Resort Hotel,2024-03-23,2024-09-11,2,0,E,BB,Australia,Groups,Cancelled,5,9981.0
104586,Resort Hotel,2024-04-02,2024-04-27,2,0,B,SC,USA,Online,Checked-Out,1,8882.57
104587,City Hotel,2024-11-07,2025-03-24,3,0,D,BB,UK,Corporate,Cancelled,6,5909.06
104588,City Hotel,2024-09-24,2025-01-05,1,2,A,SC,France,Direct,Cancelled,10,6461.37
104589,Resort Hotel,2024-04-29,2024-09-30,1,0,A,HB,Canada,Online,Checked-Out,8,5602.83
104590,Resort Hotel,2024-03-11,2024-05-07,2,0,D,BB,Germany,Online,Confirmed,5,7480.72
104591,City Hotel,2024-01-17,2024-02-23,2,0,A,BB,Australia,Online,Confirmed,10,3532.42
104592,City Hotel,2024-09-09,2024-09-25,3,0,D,SC,France,Direct,Confirmed,6,10526.69
104593,City Hotel,2024-05-01,2024-06-07,3,0,A,HB,UK,Direct,Checked-Out,5,7041.51
104594,City Hotel,2024-01-10,2024-03-26,1,0,A,BB,France,Online,Cancelled,1,2909.47
104595,City Hotel,2024-10-13,2025-03-14,2,0,A,HB,USA,Online,Checked-Out,5,7753.14
104596,City Hotel,2024-11-11,2024-12-07,4,0,B,BB,Germany,Online,Confirmed,2,11339.91
104597,Resort Hotel,2024-11-21,2024-12-11,3,0,A,FB,India,Corporate,Confirmed,4,3330.87
104598,City Hotel,2024-09-29,2025-02-13,4,0,A,BB,Australia,Online,Confirmed,2,3670.33
104599,City Hotel,2024-11-01,2025-02-12,2,0,D,BB,France,Online,Checked-Out,8,6178.24
104600,City Hotel,2024-10-19,2024-11-17,2,2,E,BB,India,Offline,Confirmed,7,9488.43
104601,City Hotel,2024-07-28,2024-08-28,2,0,A,BB,Germany,Direct,Checked-Out,9,8243.91
104602,Resort Hotel,2024-08-05,2024-08-24,2,0,B,BB,Canada,Direct,Confirmed,4,6850.62
104603,Resort Hotel,2024-08-28,2025-01-23,3,1,B,HB,India,Online,Confirmed,5,11931.09
104604,City Hotel,2024-07-18,2024-08-14,2,1,A,HB,France,Online,Confirmed,9,4265.04
104605,Resort Hotel,2024-08-03,2024-11-05,2,1,B,HB,UK,Online,Checked-Out,9,10306.69
104606,Resort Hotel,2024-07-23,2024-10-16,2,2,B,BB,Australia,Direct,Confirmed,2,3676.45
104607,Resort Hotel,2024-08-03,2024-09-16,3,0,B,HB,USA,Online,Confirmed,1,4206.27
104608,City Hotel,2024-03-20,2024-08-30,1,2,C,SC,Canada,Online,Confirmed,3,5306.72
104609,Resort Hotel,2024-09-23,2025-01-14,2,2,B,BB,USA,Corporate,Confirmed,10,10794.41
104610,City Hotel,2024-02-04,2024-07-03,2,1,A,BB,Australia,Online,Confirmed,1,6719.95
104611,City Hotel,2024-10-15,2024-12-28,1,0,B,BB,India,Online,Checked-Out,6,6259.96
104612,City Hotel,2024-01-18,2024-04-14,2,1,B,BB,USA,Offline,Checked-Out,8,7161.9
104613,City Hotel,2024-06-13,2024-11-03,2,0,C,BB,Australia,Online,Confirmed,4,8493.61
104614,City Hotel,2024-01-13,2024-04-16,3,1,B,HB,Australia,Groups,Checked-Out,4,6523.19
104615,City Hotel,2024-07-20,2024-10-26,2,0,C,FB,USA,Offline,Confirmed,10,11644.05
104616,City Hotel,2024-08-16,2025-01-04,2,1,A,BB,UK,Online,Confirmed,1,3785.75
104617,Resort Hotel,2024-12-11,2025-04-22,4,0,A,HB,India,Groups,Cancelled,9,7018.83
104618,Resort Hotel,2024-12-31,2025-02-25,4,0,C,BB,UAE,Offline,Confirmed,10,6446.61
104619,City Hotel,2024-01-01,2024-05-31,2,1,C,BB,UK,Groups,Checked-Out,8,9080.71
104620,Resort Hotel,2024-11-14,2025-02-19,2,0,A,HB,UK,Direct,Cancelled,3,11649.29
104621,Resort Hotel,2024-08-04,2024-11-10,2,0,A,BB,Germany,Groups,Confirmed,3,5239.92
104622,Resort Hotel,2024-02-03,2024-03-08,2,0,C,BB,India,Corporate,Cancelled,10,11575.6
104623,City Hotel,2024-12-24,2025-04-03,4,1,A,HB,Canada,Offline,Confirmed,4,10363.15
104624,Resort Hotel,2024-09-22,2025-02-14,3,0,A,FB,UK,Direct,Confirmed,4,10199.54
104625,Resort Hotel,2024-05-07,2024-10-10,2,0,B,HB,France,Groups,Confirmed,2,3194.22
104626,Resort Hotel,2024-07-30,2024-08-13,1,0,A,BB,USA,Direct,Confirmed,4,11435.54
104627,City Hotel,2024-09-19,2025-02-28,1,0,A,BB,India,Corporate,Cancelled,2,10469.81
104628,City Hotel,2024-11-07,2025-02-27,2,0,A,BB,Germany,Offline,Cancelled,7,9003.54
104629,City Hotel,2024-03-20,2024-06-03,2,0,C,BB,UK,Online,Checked-Out,5,3714.66
104630,City Hotel,2024-06-13,2024-09-18,2,0,A,FB,France,Online,Confirmed,7,6490.35
104631,City Hotel,2024-09-08,2025-01-07,2,0,B,HB,USA,Online,Cancelled,6,10482.17
104632,City Hotel,2024-01-12,2024-03-07,2,2,C,HB,USA,Groups,Checked-Out,2,6656.55
104633,Resort Hotel,2024-10-30,2025-02-24,2,1,B,FB,Canada,Offline,Confirmed,2,6646.32
104634,Resort Hotel,2024-07-30,2024-10-31,2,0,A,BB,UAE,Direct,Checked-Out,1,5066.2
104635,City Hotel,2024-10-08,2024-11-14,2,0,C,HB,France,Groups,Confirmed,1,2986.29
104636,Resort Hotel,2024-04-21,2024-05-17,3,0,A,BB,India,Online,Checked-Out,5,7373.54
104637,City Hotel,2024-07-29,2024-10-04,2,1,A,BB,USA,Online,Cancelled,5,9857.46
104638,Resort Hotel,2024-08-26,2024-11-18,2,0,A,BB,USA,Direct,Cancelled,7,3887.68
104639,Resort Hotel,2024-09-24,2025-03-23,2,0,A,SC,USA,Online,Checked-Out,1,10990.89
104640,Resort Hotel,2024-10-24,2024-11-11,2,0,D,BB,UAE,Online,Checked-Out,5,7775.2
104641,Resort Hotel,2024-11-12,2024-12-09,2,0,C,BB,UAE,Corporate,Checked-Out,2,10216.84
104642,City Hotel,2024-02-27,2024-03-29,2,0,A,HB,Australia,Online,Cancelled,10,8836.88
104643,Resort Hotel,2024-02-03,2024-05-19,2,1,E,BB,UK,Corporate,Confirmed,1,3781.98
104644,City Hotel,2024-09-19,2025-01-26,2,1,A,BB,UK,Online,Checked-Out,7,11112.63
104645,Resort Hotel,2024-12-30,2025-01-05,2,0,B,HB,USA,Groups,Cancelled,3,9322.42
104646,Resort Hotel,2024-02-04,2024-02-15,2,0,D,BB,Germany,Offline,Confirmed,9,2838.0
104647,Resort Hotel,2024-09-27,2025-03-08,3,0,D,SC,UAE,Direct,Checked-Out,5,8010.42
104648,City Hotel,2024-08-14,2024-09-01,2,1,A,HB,Australia,Online,Cancelled,5,7061.2
104649,Resort Hotel,2024-01-25,2024-02-15,2,0,C,BB,USA,Groups,Confirmed,5,10661.96
104650,City Hotel,2024-08-21,2024-09-09,2,0,A,BB,India,Online,Confirmed,9,3666.46
104651,City Hotel,2024-02-28,2024-03-03,2,0,A,HB,Canada,Online,Checked-Out,10,8113.02
104652,Resort Hotel,2024-09-07,2024-11-23,1,1,B,BB,Canada,Online,Confirmed,1,5447.66
104653,City Hotel,2024-11-30,2025-03-26,2,0,C,BB,Australia,Groups,Confirmed,5,4833.38
104654,Resort Hotel,2024-03-26,2024-08-30,3,0,A,HB,Germany,Offline,Confirmed,10,2714.09
104655,City Hotel,2024-09-07,2024-10-02,2,0,A,HB,UAE,Groups,Checked-Out,6,5656.17
104656,City Hotel,2024-06-28,2024-09-13,2,1,A,HB,India,Corporate,Cancelled,9,6262.91
104657,Resort Hotel,2024-07-25,2024-12-27,2,0,A,FB,UAE,Online,Checked-Out,3,6753.97
104658,City Hotel,2024-12-09,2025-01-27,2,0,A,BB,UAE,Groups,Confirmed,1,9479.86
104659,City Hotel,2024-05-28,2024-08-01,1,0,E,BB,France,Online,Cancelled,8,6333.65
104660,Resort Hotel,2024-03-11,2024-08-24,4,0,A,HB,France,Online,Confirmed,9,4354.78
104661,City Hotel,2024-04-30,2024-07-22,2,0,A,BB,UK,Online,Cancelled,6,6282.39
104662,City Hotel,2024-09-09,2025-03-08,3,2,B,BB,Australia,Online,Confirmed,5,3160.87
104663,City Hotel,2024-04-02,2024-04-03,1,0,C,HB,UK,Offline,Checked-Out,8,11734.71
104664,Resort Hotel,2024-09-12,2025-02-27,3,0,C,BB,UK,Online,Confirmed,6,3129.22
104665,Resort Hotel,2024-09-10,2024-11-30,3,0,C,BB,UAE,Online,Confirmed,6,4417.96
104666,Resort Hotel,2024-12-17,2025-01-07,3,0,A,HB,Australia,Corporate,Confirmed,9,6566.3
104667,City Hotel,2024-10-14,2025-01-08,3,0,C,FB,Canada,Online,Confirmed,9,11367.36
104668,Resort Hotel,2024-11-04,2024-11-19,2,1,B,BB,France,Online,Confirmed,1,4198.0
104669,Resort Hotel,2024-02-28,2024-04-18,2,0,B,HB,Australia,Groups,Checked-Out,2,6297.9
104670,Resort Hotel,2024-03-09,2024-04-26,2,2,E,BB,India,Online,Confirmed,1,11898.51
104671,City Hotel,2024-03-26,2024-09-02,2,0,D,BB,Germany,Corporate,Checked-Out,2,8219.45
104672,Resort Hotel,2024-09-30,2024-11-18,3,0,D,BB,UK,Online,Confirmed,3,8338.54
104673,Resort Hotel,2024-08-14,2024-11-30,2,0,A,BB,Canada,Online,Checked-Out,2,11754.23
104674,City Hotel,2024-03-21,2024-05-05,2,0,B,HB,France,Direct,Confirmed,6,7307.93
104675,City Hotel,2024-04-23,2024-05-25,2,0,E,BB,UK,Online,Checked-Out,4,2524.33
104676,Resort Hotel,2024-07-02,2024-11-11,3,0,B,SC,Canada,Online,Cancelled,5,2794.31
104677,City Hotel,2024-10-06,2025-01-11,3,0,A,BB,UAE,Online,Confirmed,10,8973.28
104678,Resort Hotel,2024-11-17,2025-02-05,2,0,C,SC,USA,Online,Cancelled,9,4509.36
104679,Resort Hotel,2024-11-13,2025-04-08,2,0,A,BB,Germany,Direct,Checked-Out,2,7045.57
104680,City Hotel,2024-02-23,2024-04-17,2,0,C,BB,India,Online,Cancelled,3,7738.04
104681,City Hotel,2024-07-15,2024-11-19,2,1,D,BB,UK,Online,Confirmed,10,8839.83
104682,City Hotel,2024-10-19,2025-04-12,2,0,A,HB,USA,Groups,Cancelled,1,3295.59
104683,Resort Hotel,2024-10-19,2025-03-02,2,0,A,FB,USA,Online,Checked-Out,2,9720.41
104684,City Hotel,2024-10-17,2024-12-22,2,0,A,HB,Canada,Online,Checked-Out,1,11241.6
104685,Resort Hotel,2024-06-28,2024-11-12,2,1,D,HB,Germany,Corporate,Cancelled,9,4929.58
104686,City Hotel,2024-08-09,2024-11-26,1,0,B,BB,France,Offline,Confirmed,3,6114.24
104687,City Hotel,2024-09-30,2024-10-23,3,1,B,BB,France,Online,Checked-Out,3,9566.27
104688,City Hotel,2024-08-31,2024-12-16,3,0,C,BB,UK,Online,Checked-Out,7,4860.19
104689,City Hotel,2024-06-02,2024-11-20,2,0,A,BB,UK,Online,Confirmed,1,7651.32
104690,Resort Hotel,2024-10-30,2024-12-20,3,0,A,HB,France,Online,Confirmed,9,8769.49
104691,City Hotel,2024-09-29,2024-12-10,2,2,C,FB,India,Online,Cancelled,7,10853.1
104692,City Hotel,2024-05-14,2024-08-25,2,1,E,BB,India,Online,Confirmed,9,5780.97
104693,City Hotel,2024-11-08,2025-04-10,2,2,A,HB,USA,Online,Checked-Out,8,7180.16
104694,City Hotel,2024-01-08,2024-03-28,3,0,A,BB,Germany,Online,Checked-Out,5,4253.69
104695,City Hotel,2024-05-07,2024-10-17,2,1,A,BB,India,Online,Confirmed,3,5422.3
104696,Resort Hotel,2024-02-25,2024-07-19,2,0,C,BB,UK,Direct,Checked-Out,9,3401.9
104697,City Hotel,2024-05-05,2024-05-23,2,0,A,BB,UAE,Online,Checked-Out,5,4377.56
104698,City Hotel,2024-06-07,2024-11-09,3,0,E,BB,Canada,Online,Confirmed,9,5789.01
104699,City Hotel,2024-02-28,2024-07-20,3,0,A,BB,UAE,Online,Cancelled,3,6530.58
104700,Resort Hotel,2024-02-27,2024-05-18,2,1,A,BB,India,Online,Confirmed,6,9215.34
104701,City Hotel,2024-05-19,2024-09-03,3,0,A,BB,Germany,Offline,Confirmed,2,6855.26
104702,City Hotel,2024-06-24,2024-09-01,2,0,D,BB,UK,Groups,Confirmed,3,2965.97
104703,Resort Hotel,2024-04-17,2024-07-06,4,0,A,BB,Germany,Online,Confirmed,2,9679.58
104704,City Hotel,2024-07-29,2024-12-19,3,0,B,SC,France,Online,Checked-Out,2,7561.57
104705,City Hotel,2024-03-14,2024-04-25,2,0,A,FB,Germany,Corporate,Checked-Out,5,11424.38
104706,City Hotel,2024-06-15,2024-07-19,3,1,C,SC,Germany,Online,Confirmed,10,8534.78
104707,Resort Hotel,2024-12-22,2025-02-08,2,0,A,HB,Germany,Offline,Confirmed,4,7572.35
104708,City Hotel,2024-10-30,2025-03-15,4,0,C,HB,UK,Online,Confirmed,4,5297.07
104709,Resort Hotel,2024-08-20,2025-01-05,3,0,A,BB,Germany,Corporate,Checked-Out,8,4746.37
104710,City Hotel,2024-11-22,2024-11-27,1,0,E,HB,Germany,Online,Checked-Out,6,4685.32
104711,City Hotel,2024-06-30,2024-10-24,2,0,D,BB,Canada,Online,Cancelled,10,6367.67
104712,City Hotel,2024-05-01,2024-10-24,2,0,A,BB,UAE,Online,Checked-Out,2,4128.03
104713,City Hotel,2024-11-29,2025-03-26,3,0,E,BB,UAE,Direct,Confirmed,1,10519.99
104714,Resort Hotel,2024-07-21,2024-12-22,3,0,A,BB,Canada,Corporate,Confirmed,5,10149.38
104715,City Hotel,2024-01-29,2024-05-16,2,1,C,BB,Australia,Groups,Confirmed,7,9424.05
104716,City Hotel,2024-07-20,2024-08-12,2,0,A,SC,Australia,Online,Cancelled,5,2963.13
104717,City Hotel,2024-04-02,2024-06-03,2,2,A,BB,Canada,Direct,Cancelled,4,3183.11
104718,Resort Hotel,2024-11-24,2024-12-07,1,1,A,FB,USA,Online,Confirmed,5,8546.04
104719,City Hotel,2024-12-21,2025-05-07,2,0,B,BB,UAE,Direct,Confirmed,10,9615.2
104720,Resort Hotel,2024-06-24,2024-07-14,2,0,A,HB,UK,Online,Cancelled,8,2753.8
104721,City Hotel,2024-11-25,2025-02-25,2,0,B,HB,Australia,Direct,Confirmed,5,5259.75
104722,City Hotel,2024-07-29,2024-11-14,2,1,A,HB,Germany,Offline,Confirmed,9,3794.69
104723,City Hotel,2024-07-02,2024-12-01,1,0,C,BB,India,Offline,Confirmed,10,4697.15
104724,City Hotel,2024-04-04,2024-07-21,3,1,B,HB,Germany,Direct,Confirmed,7,7424.58
104725,City Hotel,2024-09-29,2024-11-01,2,0,C,BB,India,Online,Cancelled,2,3537.82
104726,City Hotel,2024-05-16,2024-10-11,2,0,C,BB,UAE,Offline,Confirmed,9,4683.42
104727,Resort Hotel,2024-08-24,2025-02-16,2,0,A,HB,Canada,Groups,Checked-Out,2,7866.63
104728,Resort Hotel,2024-12-18,2025-02-20,2,0,A,BB,UAE,Online,Confirmed,6,7327.04
104729,Resort Hotel,2024-09-21,2024-10-21,2,0,A,BB,Canada,Groups,Cancelled,8,10647.11
104730,City Hotel,2024-05-14,2024-08-30,2,0,E,BB,France,Groups,Checked-Out,2,3930.51
104731,City Hotel,2024-05-23,2024-08-04,2,1,B,FB,France,Online,Confirmed,6,6013.9
104732,City Hotel,2024-01-19,2024-05-07,3,1,C,HB,Canada,Corporate,Confirmed,5,11281.42
104733,Resort Hotel,2024-08-18,2025-01-10,2,0,D,BB,Canada,Direct,Confirmed,7,10060.08
104734,Resort Hotel,2024-05-13,2024-08-21,2,0,E,BB,UK,Corporate,Confirmed,10,8174.89
104735,City Hotel,2024-04-23,2024-05-07,2,0,B,BB,UK,Online,Cancelled,5,9805.43
104736,City Hotel,2024-05-18,2024-06-06,2,1,B,BB,UAE,Online,Confirmed,3,6759.62
104737,City Hotel,2024-05-04,2024-07-14,3,0,D,HB,Canada,Online,Confirmed,6,11151.53
104738,City Hotel,2024-07-22,2024-09-19,3,0,D,HB,France,Direct,Checked-Out,7,8196.74
104739,City Hotel,2024-03-01,2024-06-06,2,0,C,HB,UK,Groups,Cancelled,1,9108.54
104740,City Hotel,2024-09-06,2024-10-20,2,0,B,SC,Canada,Direct,Confirmed,8,8693.87
104741,Resort Hotel,2024-10-24,2025-04-02,3,2,B,HB,India,Online,Confirmed,8,8891.26
104742,City Hotel,2024-01-13,2024-05-03,2,1,A,HB,India,Groups,Confirmed,4,8590.1
104743,City Hotel,2024-09-11,2024-09-22,2,0,D,HB,USA,Online,Confirmed,8,3200.76
104744,Resort Hotel,2024-03-25,2024-07-09,2,1,B,HB,UAE,Offline,Confirmed,3,8236.57
104745,City Hotel,2024-01-20,2024-01-22,2,2,A,FB,UK,Corporate,Checked-Out,5,9942.29
104746,City Hotel,2024-02-19,2024-06-23,3,0,A,HB,UK,Direct,Confirmed,3,2503.76
104747,City Hotel,2024-06-12,2024-11-04,2,1,D,BB,USA,Direct,Checked-Out,2,10970.92
104748,City Hotel,2024-04-01,2024-07-04,2,0,B,SC,Germany,Online,Confirmed,5,11546.22
104749,City Hotel,2024-03-28,2024-09-12,2,0,A,HB,India,Direct,Checked-Out,8,3717.81
104750,Resort Hotel,2024-03-09,2024-08-30,3,0,A,BB,Germany,Online,Confirmed,9,7583.0
104751,City Hotel,2024-02-06,2024-05-09,2,2,B,HB,Australia,Direct,Cancelled,5,3550.67
104752,City Hotel,2024-09-09,2024-09-13,3,0,A,BB,USA,Online,Confirmed,3,5188.57
104753,Resort Hotel,2024-09-08,2025-02-21,2,1,B,FB,Australia,Direct,Confirmed,3,8404.18
104754,City Hotel,2024-05-19,2024-07-21,3,0,C,SC,Canada,Groups,Checked-Out,8,5377.1
104755,Resort Hotel,2024-12-20,2025-01-18,2,0,B,BB,UAE,Online,Confirmed,3,5972.73
104756,Resort Hotel,2024-06-16,2024-07-05,2,2,E,FB,Australia,Direct,Checked-Out,9,9588.28
104757,City Hotel,2024-02-23,2024-05-24,2,1,A,HB,UAE,Offline,Checked-Out,10,7962.34
104758,Resort Hotel,2024-06-26,2024-07-25,3,0,A,HB,UK,Online,Confirmed,1,7421.43
104759,City Hotel,2024-10-23,2025-04-04,2,0,A,BB,Germany,Offline,Checked-Out,1,5579.65
104760,Resort Hotel,2024-10-27,2025-02-20,2,0,A,BB,UK,Online,Confirmed,5,9189.43
104761,City Hotel,2024-12-24,2025-03-04,2,0,A,BB,Canada,Direct,Confirmed,4,6527.68
104762,Resort Hotel,2024-04-15,2024-08-16,2,0,C,BB,UAE,Groups,Checked-Out,3,11038.73
104763,Resort Hotel,2024-05-16,2024-06-08,3,0,A,BB,UAE,Groups,Checked-Out,1,8215.19
104764,City Hotel,2024-07-08,2024-08-23,2,0,E,FB,USA,Online,Confirmed,7,7613.97
104765,City Hotel,2024-05-07,2024-10-26,3,0,A,SC,France,Online,Cancelled,1,10129.78
104766,Resort Hotel,2024-12-07,2025-06-01,2,0,C,BB,UK,Groups,Confirmed,6,7111.69
104767,Resort Hotel,2024-02-16,2024-08-14,4,0,E,BB,Australia,Offline,Checked-Out,10,5153.24
104768,City Hotel,2024-01-05,2024-01-13,2,0,A,FB,Canada,Direct,Confirmed,2,3973.42
104769,Resort Hotel,2024-09-13,2024-11-18,1,1,A,BB,Australia,Online,Confirmed,4,7837.28
104770,City Hotel,2024-10-26,2025-04-12,1,1,C,SC,Germany,Corporate,Confirmed,8,6536.14
104771,City Hotel,2024-05-29,2024-11-04,3,0,B,HB,Germany,Online,Confirmed,3,6275.07
104772,City Hotel,2024-10-20,2025-04-14,2,0,B,HB,USA,Groups,Cancelled,9,5819.37
104773,City Hotel,2024-08-30,2024-12-08,1,0,A,BB,Germany,Online,Confirmed,5,8880.32
104774,Resort Hotel,2024-10-01,2024-12-01,3,1,C,BB,India,Direct,Cancelled,6,7430.47
104775,City Hotel,2024-07-26,2024-11-15,3,0,C,BB,UK,Online,Cancelled,2,7603.77
104776,Resort Hotel,2024-04-24,2024-06-15,3,0,A,BB,Canada,Online,Confirmed,1,5427.19
104777,City Hotel,2024-07-13,2024-12-26,2,2,E,HB,Canada,Corporate,Confirmed,5,8329.68
104778,City Hotel,2024-12-08,2025-01-13,2,0,B,BB,Australia,Direct,Confirmed,1,6333.4
104779,City Hotel,2024-06-18,2024-10-08,3,0,B,BB,India,Offline,Confirmed,4,9810.06
104780,City Hotel,2024-03-22,2024-06-17,2,0,D,FB,USA,Corporate,Confirmed,8,7530.54
104781,City Hotel,2024-06-02,2024-08-26,2,0,B,BB,Australia,Online,Confirmed,2,5249.8
104782,City Hotel,2024-05-20,2024-06-02,2,0,A,BB,India,Direct,Confirmed,6,3903.43
104783,City Hotel,2024-11-09,2025-04-23,4,2,B,FB,Canada,Direct,Cancelled,10,9149.39
104784,City Hotel,2024-05-25,2024-07-11,2,0,C,BB,India,Online,Confirmed,5,6025.5
104785,City Hotel,2024-11-18,2025-02-16,3,0,C,BB,Canada,Online,Cancelled,1,3122.36
104786,City Hotel,2024-05-01,2024-05-23,2,0,E,BB,Australia,Online,Confirmed,8,11191.73
104787,Resort Hotel,2024-09-08,2025-02-22,3,1,A,HB,UK,Online,Checked-Out,5,6173.13
104788,Resort Hotel,2024-12-08,2025-02-04,2,1,A,BB,UK,Online,Confirmed,9,9586.46
104789,City Hotel,2024-11-06,2024-12-06,2,0,B,BB,France,Groups,Confirmed,2,6859.69
104790,City Hotel,2024-03-29,2024-08-22,2,0,B,BB,UAE,Direct,Checked-Out,6,10963.8
104791,City Hotel,2024-02-27,2024-06-12,3,0,A,BB,India,Online,Confirmed,7,2776.19
104792,Resort Hotel,2024-03-03,2024-07-27,2,0,D,BB,UK,Corporate,Confirmed,1,4964.36
104793,City Hotel,2024-12-12,2025-02-24,3,0,A,HB,Canada,Corporate,Cancelled,10,7684.87
104794,City Hotel,2024-11-03,2025-04-19,2,0,A,HB,UAE,Direct,Checked-Out,4,5570.68
104795,City Hotel,2024-10-06,2025-01-08,2,2,E,HB,India,Online,Confirmed,2,9555.54
104796,City Hotel,2024-03-12,2024-08-13,2,0,A,BB,India,Corporate,Confirmed,7,9039.97
104797,City Hotel,2024-01-09,2024-03-20,2,0,E,BB,USA,Online,Confirmed,3,2742.48
104798,Resort Hotel,2024-12-31,2025-01-07,3,0,A,HB,USA,Offline,Confirmed,9,8204.87
104799,City Hotel,2024-04-03,2024-06-07,1,0,A,HB,Australia,Online,Checked-Out,8,10440.92
104800,City Hotel,2024-12-04,2025-01-19,4,0,C,FB,India,Direct,Checked-Out,10,5498.41
104801,City Hotel,2024-12-01,2024-12-19,4,0,D,BB,USA,Corporate,Confirmed,7,3823.91
104802,City Hotel,2024-05-31,2024-10-19,1,0,B,BB,Canada,Online,Confirmed,8,9513.82
104803,Resort Hotel,2024-12-21,2025-05-23,1,1,A,HB,UAE,Online,Checked-Out,1,11054.06
104804,City Hotel,2024-02-09,2024-02-17,2,1,C,SC,Australia,Direct,Confirmed,10,8740.59
104805,Resort Hotel,2024-12-24,2025-03-08,4,0,A,SC,UK,Offline,Confirmed,6,10537.41
104806,City Hotel,2024-03-02,2024-08-09,2,0,D,SC,India,Corporate,Confirmed,7,11987.32
104807,City Hotel,2024-09-10,2025-02-02,2,0,A,FB,USA,Offline,Confirmed,7,7244.17
104808,Resort Hotel,2024-03-09,2024-06-19,3,0,D,HB,UK,Online,Confirmed,9,11385.24
104809,City Hotel,2024-09-01,2024-11-19,2,0,A,BB,India,Online,Confirmed,7,5771.44
104810,Resort Hotel,2024-12-30,2025-03-19,2,0,B,HB,Australia,Corporate,Cancelled,7,9583.66
104811,City Hotel,2024-06-18,2024-10-17,2,0,C,BB,India,Online,Cancelled,6,11063.93
104812,Resort Hotel,2024-06-26,2024-12-19,2,1,A,BB,USA,Direct,Confirmed,3,7448.32
104813,City Hotel,2024-07-07,2024-09-08,2,0,D,HB,UK,Direct,Checked-Out,6,8451.44
104814,City Hotel,2024-09-16,2024-10-26,2,1,A,HB,India,Groups,Checked-Out,9,11719.69
104815,Resort Hotel,2024-03-12,2024-06-04,3,0,A,HB,India,Online,Confirmed,10,4886.21
104816,Resort Hotel,2024-01-17,2024-02-01,2,1,B,BB,Canada,Online,Confirmed,3,5881.79
104817,Resort Hotel,2024-12-06,2025-03-15,2,0,D,BB,Australia,Offline,Checked-Out,3,9836.63
104818,Resort Hotel,2024-02-26,2024-07-09,1,1,A,SC,France,Online,Checked-Out,7,5739.22
104819,Resort Hotel,2024-08-05,2024-12-04,2,0,B,HB,India,Online,Confirmed,7,7257.37
104820,City Hotel,2024-04-16,2024-06-18,1,0,B,BB,France,Corporate,Confirmed,5,2979.35
104821,City Hotel,2024-10-30,2025-03-15,2,0,A,HB,France,Online,Confirmed,8,7872.1
104822,City Hotel,2024-06-21,2024-10-27,2,0,A,SC,UK,Online,Cancelled,8,8454.46
104823,City Hotel,2024-08-06,2024-11-26,2,0,B,BB,Germany,Online,Confirmed,2,3284.74
104824,City Hotel,2024-09-03,2024-12-23,1,0,A,BB,Australia,Online,Confirmed,6,4817.07
104825,City Hotel,2024-08-05,2024-09-06,2,0,B,BB,France,Direct,Cancelled,5,6615.27
104826,City Hotel,2024-01-31,2024-03-16,2,0,C,BB,UK,Online,Confirmed,4,9921.79
104827,Resort Hotel,2024-02-16,2024-06-17,2,0,D,BB,Australia,Online,Confirmed,7,2705.74
104828,City Hotel,2024-05-13,2024-11-09,1,1,A,BB,Canada,Direct,Checked-Out,4,5647.82
104829,City Hotel,2024-04-17,2024-07-08,2,1,B,BB,USA,Groups,Confirmed,5,2546.48
104830,City Hotel,2024-03-12,2024-03-25,2,0,A,BB,France,Offline,Confirmed,8,7452.18
104831,Resort Hotel,2024-11-22,2024-12-16,2,0,B,BB,Germany,Offline,Checked-Out,5,7238.37
104832,Resort Hotel,2024-04-17,2024-10-02,3,1,E,SC,USA,Direct,Confirmed,9,9676.03
104833,City Hotel,2024-11-04,2024-11-18,2,1,A,HB,Australia,Online,Confirmed,10,2537.24
104834,City Hotel,2024-09-28,2024-12-07,2,0,B,BB,France,Corporate,Cancelled,2,9707.78
104835,City Hotel,2024-06-19,2024-08-20,2,1,C,BB,UAE,Online,Confirmed,2,10966.66
104836,City Hotel,2024-04-25,2024-08-23,3,0,B,BB,Canada,Corporate,Confirmed,9,5515.49
104837,City Hotel,2024-11-24,2025-02-21,2,0,A,HB,France,Online,Confirmed,2,5670.06
104838,City Hotel,2024-03-14,2024-03-15,3,0,A,HB,Germany,Direct,Confirmed,3,2510.16
104839,City Hotel,2024-09-12,2025-01-16,3,0,B,SC,India,Online,Checked-Out,6,6576.57
104840,City Hotel,2024-03-21,2024-04-22,2,0,A,HB,Germany,Online,Checked-Out,4,8323.63
104841,Resort Hotel,2024-09-24,2025-02-12,2,0,C,SC,Canada,Direct,Confirmed,8,3665.6
104842,Resort Hotel,2024-05-07,2024-10-15,2,0,A,BB,UK,Direct,Confirmed,8,8743.07
104843,City Hotel,2024-11-21,2024-12-23,2,1,D,FB,UK,Online,Confirmed,2,5974.56
104844,City Hotel,2024-08-22,2024-10-17,2,0,A,HB,Canada,Groups,Confirmed,2,8893.48
104845,City Hotel,2024-02-10,2024-07-11,3,0,A,BB,Canada,Online,Checked-Out,3,4885.42
104846,City Hotel,2024-06-29,2024-09-28,2,0,B,BB,Canada,Offline,Checked-Out,2,9859.14
104847,Resort Hotel,2024-06-05,2024-06-09,1,0,A,BB,Germany,Direct,Confirmed,5,7714.1
104848,City Hotel,2024-02-28,2024-03-22,3,1,B,BB,Germany,Direct,Confirmed,1,7565.35
104849,Resort Hotel,2024-12-10,2025-01-08,2,1,A,HB,UAE,Groups,Confirmed,7,7137.51
104850,City Hotel,2024-09-05,2024-12-12,4,0,A,HB,UAE,Offline,Checked-Out,8,10498.76
104851,Resort Hotel,2024-07-10,2024-12-06,2,0,A,BB,Germany,Online,Confirmed,4,7765.42
104852,City Hotel,2024-01-24,2024-02-23,1,0,A,BB,UAE,Online,Confirmed,7,4016.19
104853,Resort Hotel,2024-03-20,2024-06-18,1,2,E,SC,Germany,Online,Checked-Out,9,8445.16
104854,City Hotel,2024-05-13,2024-10-08,3,0,A,BB,Canada,Direct,Checked-Out,7,7383.82
104855,City Hotel,2024-07-31,2024-12-22,1,0,D,BB,Germany,Corporate,Confirmed,2,3154.86
104856,City Hotel,2024-12-13,2025-02-18,3,0,A,BB,France,Direct,Confirmed,2,8020.27
104857,City Hotel,2024-06-14,2024-12-08,2,1,B,SC,UAE,Online,Confirmed,10,3254.15
104858,Resort Hotel,2024-12-13,2025-03-24,3,0,B,HB,Australia,Direct,Confirmed,10,9385.9
104859,Resort Hotel,2024-12-02,2025-01-29,3,0,E,BB,Australia,Direct,Cancelled,10,8720.42
104860,Resort Hotel,2024-03-11,2024-08-30,3,0,C,BB,USA,Direct,Cancelled,6,7185.94
104861,City Hotel,2024-08-01,2024-08-26,2,0,E,BB,UK,Corporate,Cancelled,8,9613.45
104862,Resort Hotel,2024-03-05,2024-03-28,2,0,C,BB,UK,Direct,Confirmed,10,5167.05
104863,City Hotel,2024-08-08,2024-12-15,1,0,A,HB,Australia,Direct,Checked-Out,10,6741.05
104864,City Hotel,2024-11-03,2025-02-08,2,0,E,BB,Canada,Groups,Confirmed,3,2645.24
104865,City Hotel,2024-10-12,2025-03-04,2,1,E,BB,Canada,Online,Confirmed,1,11888.79
104866,City Hotel,2024-07-03,2024-11-08,3,0,A,HB,UAE,Corporate,Cancelled,1,3034.42
104867,City Hotel,2024-07-25,2024-10-14,1,0,E,BB,Australia,Online,Checked-Out,2,3492.33
104868,City Hotel,2024-04-08,2024-10-05,3,1,C,SC,UAE,Online,Confirmed,10,7201.41
104869,City Hotel,2024-08-29,2025-02-14,1,0,E,BB,USA,Groups,Confirmed,6,6071.08
104870,Resort Hotel,2024-06-06,2024-11-25,2,1,E,BB,UAE,Corporate,Confirmed,2,7557.31
104871,City Hotel,2024-04-07,2024-04-11,1,1,D,FB,Germany,Groups,Confirmed,6,10432.61
104872,City Hotel,2024-02-11,2024-06-25,3,0,D,BB,Australia,Groups,Checked-Out,1,4006.9
104873,City Hotel,2024-05-18,2024-07-03,1,0,A,BB,Canada,Online,Cancelled,9,8575.55
104874,City Hotel,2024-10-09,2024-10-18,3,0,A,BB,Australia,Groups,Cancelled,7,2671.34
104875,City Hotel,2024-08-14,2025-01-22,2,2,A,BB,UAE,Online,Checked-Out,1,10005.42
104876,City Hotel,2024-03-12,2024-04-14,3,0,A,SC,USA,Online,Checked-Out,9,10248.48
104877,City Hotel,2024-08-30,2024-11-22,2,0,A,BB,Germany,Corporate,Confirmed,9,6104.09
104878,Resort Hotel,2024-01-18,2024-05-29,2,0,C,BB,UAE,Online,Cancelled,10,4146.67
104879,City Hotel,2024-03-17,2024-05-21,2,1,A,FB,UK,Offline,Confirmed,6,10205.08
104880,Resort Hotel,2024-02-14,2024-05-30,3,1,C,BB,Canada,Direct,Confirmed,2,11137.49
104881,City Hotel,2024-12-08,2025-01-11,2,1,D,SC,Canada,Online,Checked-Out,2,3215.41
104882,City Hotel,2024-05-19,2024-08-12,3,0,C,BB,Australia,Online,Cancelled,8,8008.16
104883,Resort Hotel,2024-06-25,2024-09-21,1,0,B,BB,India,Online,Confirmed,9,11412.47
104884,City Hotel,2024-08-09,2025-01-09,3,0,A,BB,UK,Online,Confirmed,4,8615.49
104885,City Hotel,2024-04-01,2024-05-26,2,0,A,BB,UK,Online,Checked-Out,2,10293.04
104886,Resort Hotel,2024-01-22,2024-06-07,1,0,B,BB,India,Direct,Checked-Out,5,4683.31
104887,City Hotel,2024-06-20,2024-07-07,2,0,C,BB,USA,Groups,Cancelled,7,3472.19
104888,Resort Hotel,2024-04-01,2024-08-28,3,0,B,HB,France,Online,Confirmed,4,6073.79
104889,City Hotel,2024-07-10,2024-11-28,4,1,C,BB,Germany,Online,Confirmed,9,6253.55
104890,Resort Hotel,2024-03-17,2024-07-26,2,0,A,BB,Germany,Online,Confirmed,4,9968.94
104891,City Hotel,2024-10-07,2024-10-11,3,1,A,BB,UK,Online,Cancelled,8,6359.8
104892,City Hotel,2024-12-29,2025-01-05,2,0,C,BB,UAE,Online,Confirmed,3,4747.72
104893,City Hotel,2024-06-27,2024-07-23,3,0,A,BB,India,Online,Confirmed,6,10920.23
104894,City Hotel,2024-08-25,2024-09-18,1,0,B,BB,UAE,Direct,Cancelled,6,9935.22
104895,City Hotel,2024-05-14,2024-05-24,2,0,D,FB,Canada,Online,Cancelled,3,8839.37
104896,City Hotel,2024-12-30,2025-01-12,1,0,A,BB,UK,Online,Cancelled,2,4467.57
104897,City Hotel,2024-10-06,2025-02-08,2,0,B,BB,UK,Groups,Checked-Out,6,4445.71
104898,City Hotel,2024-01-19,2024-07-09,2,1,C,BB,Canada,Corporate,Cancelled,7,7167.87
104899,City Hotel,2024-03-23,2024-05-01,3,1,C,BB,Canada,Online,Confirmed,7,7543.75
104900,Resort Hotel,2024-08-15,2025-01-09,2,0,A,HB,Australia,Direct,Checked-Out,10,4932.91
104901,City Hotel,2024-09-21,2025-03-19,3,1,D,BB,USA,Direct,Confirmed,1,3672.02
104902,City Hotel,2024-04-21,2024-05-10,3,0,A,BB,UAE,Corporate,Confirmed,6,5950.44
104903,City Hotel,2024-09-07,2024-11-22,2,2,B,BB,UAE,Offline,Cancelled,9,6576.29
104904,City Hotel,2024-06-12,2024-08-03,2,0,A,SC,UAE,Online,Confirmed,9,2999.15
104905,Resort Hotel,2024-12-23,2025-06-16,2,2,A,BB,Germany,Direct,Confirmed,2,7864.08
104906,City Hotel,2024-06-16,2024-10-14,3,1,A,HB,France,Offline,Cancelled,4,2519.1
104907,Resort Hotel,2024-08-08,2025-01-13,4,1,A,BB,India,Corporate,Checked-Out,6,3936.14
104908,City Hotel,2024-10-30,2024-12-15,3,0,A,BB,France,Groups,Cancelled,4,3896.12
104909,Resort Hotel,2024-07-09,2024-12-05,2,0,A,HB,India,Direct,Confirmed,9,9031.77
104910,City Hotel,2024-11-20,2025-02-03,3,0,D,BB,Germany,Offline,Confirmed,2,7115.97
104911,Resort Hotel,2024-06-18,2024-10-20,2,0,A,BB,UAE,Offline,Confirmed,10,10442.34
104912,City Hotel,2024-02-14,2024-04-02,2,0,D,BB,USA,Direct,Confirmed,6,5016.06
104913,City Hotel,2024-01-14,2024-03-16,2,2,D,BB,France,Online,Confirmed,1,4500.46
104914,City Hotel,2024-08-18,2024-10-15,3,0,B,BB,India,Offline,Cancelled,9,10127.5
104915,City Hotel,2024-06-05,2024-06-23,4,0,B,BB,UK,Offline,Confirmed,1,6719.94
104916,Resort Hotel,2024-05-13,2024-08-29,2,0,A,BB,Canada,Online,Checked-Out,8,5105.19
104917,City Hotel,2024-02-06,2024-03-25,3,0,E,BB,Germany,Online,Confirmed,9,6473.47
104918,City Hotel,2024-02-22,2024-04-25,3,0,C,HB,USA,Groups,Confirmed,1,6540.1
104919,Resort Hotel,2024-01-18,2024-01-30,2,0,E,BB,Canada,Direct,Confirmed,1,7935.02
104920,City Hotel,2024-02-07,2024-03-12,2,0,A,BB,Australia,Direct,Checked-Out,10,2857.83
104921,Resort Hotel,2024-07-05,2024-10-15,2,1,D,HB,UK,Groups,Checked-Out,7,4855.52
104922,Resort Hotel,2024-07-14,2024-10-09,2,0,A,BB,USA,Online,Checked-Out,10,6935.49
104923,City Hotel,2024-08-30,2024-09-24,2,1,D,SC,India,Offline,Checked-Out,5,7651.78
104924,Resort Hotel,2024-10-26,2025-03-07,2,2,A,FB,UAE,Corporate,Checked-Out,3,4008.18
104925,City Hotel,2024-10-29,2025-03-19,3,0,B,HB,UK,Groups,Cancelled,9,4339.41
104926,City Hotel,2024-02-04,2024-07-23,2,1,C,BB,Australia,Online,Cancelled,2,9412.23
104927,City Hotel,2024-08-02,2024-09-20,2,0,C,HB,UAE,Offline,Confirmed,6,9962.79
104928,City Hotel,2024-08-06,2024-10-23,2,0,A,HB,Australia,Direct,Checked-Out,4,3213.85
104929,Resort Hotel,2024-11-11,2025-05-05,2,0,C,HB,USA,Online,Cancelled,5,11905.76
104930,Resort Hotel,2024-03-30,2024-08-13,4,0,A,BB,Germany,Online,Checked-Out,2,6614.68
104931,City Hotel,2024-11-03,2024-12-28,2,2,B,HB,France,Direct,Confirmed,1,8064.63
104932,City Hotel,2024-09-08,2024-09-26,2,0,B,HB,Australia,Direct,Checked-Out,9,8139.68
104933,Resort Hotel,2024-01-08,2024-02-12,3,0,A,BB,Australia,Offline,Cancelled,3,5787.21
104934,City Hotel,2024-09-12,2025-02-19,1,0,C,HB,Canada,Corporate,Confirmed,6,7675.51
104935,City Hotel,2024-12-28,2025-05-29,3,0,A,BB,France,Offline,Confirmed,9,8042.32
104936,City Hotel,2024-07-26,2024-08-02,2,2,A,HB,UK,Corporate,Checked-Out,1,9727.25
104937,Resort Hotel,2024-05-10,2024-05-23,1,0,B,HB,Germany,Online,Confirmed,5,8787.03
104938,City Hotel,2024-08-11,2024-12-15,3,0,D,BB,Germany,Online,Confirmed,4,6743.43
104939,Resort Hotel,2024-07-15,2024-11-04,1,0,B,FB,Canada,Online,Confirmed,3,4317.64
104940,Resort Hotel,2024-05-21,2024-07-29,2,0,D,FB,USA,Online,Confirmed,2,2739.02
104941,City Hotel,2024-09-08,2024-12-17,1,0,B,BB,UK,Online,Checked-Out,3,8692.61
104942,City Hotel,2024-04-05,2024-07-04,1,0,C,BB,Canada,Direct,Confirmed,1,7038.2
104943,Resort Hotel,2024-01-26,2024-03-08,3,0,A,HB,Germany,Direct,Confirmed,1,11672.49
104944,City Hotel,2024-04-20,2024-08-07,3,1,D,BB,USA,Direct,Cancelled,8,3434.01
104945,Resort Hotel,2024-05-02,2024-10-08,2,0,A,BB,Germany,Online,Checked-Out,5,3189.92
104946,Resort Hotel,2024-07-04,2024-10-22,2,1,B,HB,UK,Online,Checked-Out,2,4222.15
104947,City Hotel,2024-06-16,2024-07-12,3,2,A,SC,Germany,Online,Confirmed,3,6079.92
104948,Resort Hotel,2024-02-20,2024-05-06,3,2,E,BB,Canada,Direct,Checked-Out,2,4164.16
104949,Resort Hotel,2024-01-05,2024-02-06,2,0,C,BB,Germany,Online,Cancelled,10,6906.54
104950,Resort Hotel,2024-03-17,2024-06-16,3,2,D,HB,Germany,Online,Confirmed,2,5727.23
104951,City Hotel,2024-06-08,2024-10-11,2,1,A,HB,France,Online,Cancelled,4,11995.18
104952,City Hotel,2024-07-26,2024-11-29,2,1,A,FB,India,Direct,Checked-Out,4,11683.68
104953,City Hotel,2024-09-13,2024-11-04,4,0,A,BB,UK,Direct,Cancelled,7,5965.75
104954,Resort Hotel,2024-07-23,2024-12-18,2,0,B,BB,UAE,Online,Checked-Out,2,10024.94
104955,City Hotel,2024-09-11,2024-12-23,2,2,D,BB,UAE,Online,Confirmed,9,4795.65
104956,Resort Hotel,2024-01-11,2024-04-25,2,0,A,HB,UAE,Online,Cancelled,7,3048.59
104957,City Hotel,2024-01-08,2024-06-24,2,0,A,BB,France,Online,Confirmed,4,2884.64
104958,City Hotel,2024-02-01,2024-02-15,2,0,A,FB,UAE,Groups,Checked-Out,7,2777.18
104959,City Hotel,2024-01-28,2024-07-18,3,1,C,BB,India,Online,Cancelled,10,9491.38
104960,Resort Hotel,2024-07-24,2024-11-05,2,0,A,FB,Australia,Online,Cancelled,1,5751.12
104961,City Hotel,2024-08-15,2024-12-10,2,2,E,BB,Germany,Online,Cancelled,7,10326.43
104962,City Hotel,2024-05-07,2024-06-24,2,0,A,HB,Germany,Corporate,Cancelled,6,10801.42
104963,City Hotel,2024-09-11,2024-12-13,2,0,C,SC,Canada,Offline,Checked-Out,9,5402.3
104964,Resort Hotel,2024-07-30,2025-01-17,2,0,B,SC,France,Online,Cancelled,8,5246.86
104965,City Hotel,2024-08-26,2025-01-17,2,0,A,SC,USA,Corporate,Confirmed,2,5425.32
104966,City Hotel,2024-07-25,2024-11-12,1,0,C,BB,UK,Direct,Confirmed,3,7016.76
104967,Resort Hotel,2024-11-13,2025-04-25,4,0,A,BB,India,Offline,Confirmed,3,2651.48
104968,Resort Hotel,2024-10-09,2024-12-01,2,0,C,BB,UAE,Online,Confirmed,6,2603.01
104969,Resort Hotel,2024-09-01,2025-02-10,3,0,C,BB,Germany,Online,Cancelled,2,9487.02
104970,City Hotel,2024-02-14,2024-02-17,1,0,A,BB,UAE,Corporate,Confirmed,2,10177.98
104971,City Hotel,2024-04-14,2024-06-21,3,0,D,HB,UAE,Offline,Confirmed,4,4439.21
104972,Resort Hotel,2024-12-13,2025-04-25,2,0,C,HB,UK,Offline,Confirmed,1,8141.83
104973,City Hotel,2024-10-07,2025-02-22,3,0,C,BB,Germany,Direct,Cancelled,1,4552.07
104974,Resort Hotel,2024-08-21,2024-10-12,2,0,A,HB,Germany,Online,Cancelled,1,9475.03
104975,City Hotel,2024-07-07,2024-12-11,4,2,A,BB,Germany,Online,Confirmed,5,6494.91
104976,City Hotel,2024-02-13,2024-05-19,2,0,A,FB,Canada,Corporate,Confirmed,9,10316.17
104977,City Hotel,2024-08-12,2024-09-12,3,0,E,BB,UK,Direct,Confirmed,4,11511.13
104978,City Hotel,2024-05-21,2024-07-26,3,0,E,BB,France,Corporate,Confirmed,8,7776.79
104979,City Hotel,2024-05-15,2024-08-14,3,0,B,BB,UK,Online,Confirmed,7,11056.34
104980,City Hotel,2024-06-24,2024-09-01,2,0,A,FB,UK,Online,Confirmed,6,2821.02
104981,Resort Hotel,2024-05-21,2024-11-02,2,0,C,SC,Australia,Corporate,Confirmed,9,6895.57
104982,City Hotel,2024-03-20,2024-08-22,3,0,C,BB,UAE,Online,Confirmed,10,7283.21
104983,Resort Hotel,2024-03-22,2024-06-17,2,0,D,BB,USA,Online,Confirmed,1,6450.22
104984,Resort Hotel,2024-05-14,2024-06-16,2,0,A,HB,Canada,Direct,Cancelled,7,5491.0
104985,City Hotel,2024-07-25,2024-10-01,1,0,A,BB,USA,Online,Cancelled,9,9368.14
104986,City Hotel,2024-12-09,2025-03-07,2,0,A,HB,Canada,Offline,Confirmed,10,7750.48
104987,Resort Hotel,2024-06-25,2024-12-14,2,0,A,BB,France,Online,Confirmed,2,3282.96
104988,City Hotel,2024-08-30,2024-12-03,2,2,D,HB,USA,Corporate,Confirmed,4,11531.77
104989,Resort Hotel,2024-02-24,2024-06-11,2,0,B,BB,UAE,Online,Checked-Out,5,10931.41
104990,Resort Hotel,2024-05-20,2024-11-13,2,1,D,BB,UAE,Online,Checked-Out,5,5857.95
104991,Resort Hotel,2024-02-25,2024-04-18,2,0,A,BB,Canada,Offline,Checked-Out,7,4838.87
104992,City Hotel,2024-01-15,2024-03-29,3,1,B,SC,France,Direct,Cancelled,10,8470.48
104993,City Hotel,2024-07-03,2024-08-21,2,0,B,BB,Canada,Online,Checked-Out,8,2911.42
104994,City Hotel,2024-11-09,2025-03-02,2,0,A,HB,Germany,Online,Confirmed,9,7211.94
104995,City Hotel,2024-03-28,2024-07-20,2,0,B,BB,Germany,Groups,Cancelled,5,8889.94
104996,Resort Hotel,2024-04-06,2024-07-10,4,0,B,BB,UAE,Online,Confirmed,2,6363.51
104997,City Hotel,2024-05-23,2024-06-17,1,0,D,SC,UK,Online,Confirmed,2,11736.77
104998,City Hotel,2024-01-08,2024-05-19,1,0,A,BB,Germany,Online,Confirmed,5,9329.22
104999,Resort Hotel,2024-08-02,2025-01-28,2,0,D,FB,USA,Offline,Confirmed,5,11373.63
105000,City Hotel,2024-06-21,2024-11-07,2,0,E,SC,UAE,Online,Confirmed,5,11124.97
